rank_pnl,trade_id,symbol,direction,entry_time_thai,thai_hour,is_user_online,schedule_status,hypothetical_net_pnl_thb,outcome,mae_pct,mfe_pct
1,GBPUSD_BASE_869,GBPUSD,LONG,2023-05-24 14:00:00,14,True,ONLINE_CAPTURED,3357.3,WIN,0.335,8.951
2,BTCUSD_BASE_595,BTCUSD,LONG,2022-05-02 22:00:00,22,False,OFFLINE_MISSED,2529.75,WIN,1.207,22.029
3,BTCUSD_BASE_192,BTCUSD,LONG,2020-09-19 10:00:00,10,True,ONLINE_CAPTURED,1504.54,WIN,0.719,12.116
4,BTCUSD_BASE_248,BTCUSD,SHORT,2020-12-11 13:00:00,13,True,ONLINE_CAPTURED,1450.84,WIN,0.729,8.291
5,BTCUSD_BASE_122,BTCUSD,SHORT,2020-06-15 11:00:00,11,True,ONLINE_CAPTURED,1437.71,WIN,1.074,13.418
6,BTCUSD_BASE_751,BTCUSD,SHORT,2022-12-17 00:00:00,0,False,OFFLINE_MISSED,1391.27,WIN,1.064,11.883
7,BTCUSD_BASE_96,BTCUSD,LONG,2020-05-09 20:00:00,20,True,ONLINE_CAPTURED,1388.9,WIN,1.734,17.491
8,BTCUSD_BASE_453,BTCUSD,LONG,2021-10-01 04:00:00,4,False,OFFLINE_MISSED,1267.12,WIN,1.11,10.505
9,BTCUSD_BASE_1188,BTCUSD,LONG,2024-08-20 23:00:00,23,False,OFFLINE_MISSED,1252.49,WIN,0.443,4.054
10,BTCUSD_BASE_544,BTCUSD,SHORT,2022-02-17 13:00:00,13,True,ONLINE_CAPTURED,1198.18,WIN,0.985,10.311
11,BTCUSD_BASE_627,BTCUSD,LONG,2022-06-25 09:00:00,9,True,ONLINE_CAPTURED,1178.36,WIN,0.696,7.964
12,BTCUSD_BASE_853,BTCUSD,LONG,2023-05-04 02:00:00,2,False,OFFLINE_MISSED,1149.82,WIN,0.949,8.558
13,BTCUSD_BASE_246,BTCUSD,LONG,2020-12-06 22:00:00,22,False,OFFLINE_MISSED,1115.87,WIN,0.596,6.764
14,GBPUSD_BASE_1325,GBPUSD,SHORT,2025-03-20 19:00:00,19,True,ONLINE_CAPTURED,1109.95,WIN,0.329,3.194
15,GBPUSD_BASE_1230,GBPUSD,SHORT,2024-10-21 06:00:00,6,False,OFFLINE_MISSED,1050.8,WIN,0.378,3.025
16,GBPUSD_BASE_527,GBPUSD,SHORT,2022-01-26 00:00:00,0,False,OFFLINE_MISSED,1018.25,WIN,0.338,2.616
17,BTCUSD_BASE_551,BTCUSD,LONG,2022-03-02 21:00:00,21,True,ONLINE_CAPTURED,992.38,WIN,1.473,10.168
18,BTCUSD_BASE_62,BTCUSD,LONG,2020-03-15 00:00:00,0,False,OFFLINE_MISSED,979.82,WIN,2.929,20.096
19,BTCUSD_BASE_91,BTCUSD,LONG,2020-05-02 18:00:00,18,True,ONLINE_CAPTURED,928.6,WIN,1.413,13.698
20,BTCUSD_BASE_1279,BTCUSD,LONG,2025-01-05 12:00:00,12,True,ONLINE_CAPTURED,882.96,WIN,0.25,2.416
21,BTCUSD_BASE_1461,BTCUSD,SHORT,2025-09-26 08:00:00,8,False,OFFLINE_MISSED,861.58,WIN,0.339,2.919
22,GBPUSD_BASE_81,GBPUSD,SHORT,2020-04-16 23:00:00,23,False,OFFLINE_MISSED,860.05,WIN,0.259,1.959
23,BTCUSD_BASE_804,BTCUSD,LONG,2023-02-27 22:00:00,22,False,OFFLINE_MISSED,852.38,WIN,2.024,11.9
24,BTCUSD_BASE_475,BTCUSD,LONG,2021-11-08 21:00:00,21,True,ONLINE_CAPTURED,849.94,WIN,1.171,7.618
25,BTCUSD_BASE_200,BTCUSD,LONG,2020-10-01 17:00:00,17,True,ONLINE_CAPTURED,819.75,WIN,0.824,5.748
26,GBPUSD_BASE_897,GBPUSD,LONG,2023-07-05 01:00:00,1,False,OFFLINE_MISSED,811.05,WIN,0.304,2.104
27,GBPUSD_BASE_375,GBPUSD,SHORT,2021-06-16 15:00:00,15,True,ONLINE_CAPTURED,807.9,WIN,0.263,1.924
28,BTCUSD_BASE_217,BTCUSD,SHORT,2020-10-29 16:00:00,16,False,OFFLINE_MISSED,792.66,WIN,0.664,4.82
29,GBPUSD_BASE_656,GBPUSD,SHORT,2022-08-02 15:00:00,15,True,ONLINE_CAPTURED,761.7,WIN,0.326,1.896
30,BTCUSD_BASE_1233,BTCUSD,LONG,2024-10-26 18:00:00,18,True,ONLINE_CAPTURED,757.16,WIN,0.316,2.372
31,GBPUSD_BASE_274,GBPUSD,SHORT,2021-01-18 18:00:00,18,True,ONLINE_CAPTURED,756.8,WIN,0.271,1.7
32,GBPUSD_BASE_708,GBPUSD,LONG,2022-10-10 10:00:00,10,True,ONLINE_CAPTURED,747.0,WIN,0.315,1.85
33,BTCUSD_BASE_370,BTCUSD,SHORT,2021-06-09 17:00:00,17,True,ONLINE_CAPTURED,728.03,WIN,0.919,5.061
34,BTCUSD_BASE_578,BTCUSD,SHORT,2022-04-13 09:00:00,9,True,ONLINE_CAPTURED,712.15,WIN,1.037,6.954
35,BTCUSD_BASE_1371,BTCUSD,SHORT,2025-05-31 21:00:00,21,True,ONLINE_CAPTURED,706.27,WIN,0.371,2.312
36,BTCUSD_BASE_102,BTCUSD,LONG,2020-05-19 07:00:00,7,False,OFFLINE_MISSED,684.69,WIN,1.128,7.59
37,BTCUSD_BASE_955,BTCUSD,SHORT,2023-09-23 22:00:00,22,False,OFFLINE_MISSED,677.06,WIN,0.691,3.846
38,BTCUSD_BASE_482,BTCUSD,SHORT,2021-11-23 05:00:00,5,False,OFFLINE_MISSED,674.78,WIN,1.131,5.385
39,BTCUSD_BASE_1330,BTCUSD,SHORT,2025-03-31 19:00:00,19,True,ONLINE_CAPTURED,673.19,WIN,0.405,2.149
40,GBPUSD_BASE_1252,GBPUSD,LONG,2024-11-20 01:00:00,1,False,OFFLINE_MISSED,672.45,WIN,0.396,1.985
41,BTCUSD_BASE_67,BTCUSD,LONG,2020-03-21 23:00:00,23,False,OFFLINE_MISSED,669.14,WIN,2.13,9.834
42,BTCUSD_BASE_1417,BTCUSD,LONG,2025-08-01 21:00:00,21,True,ONLINE_CAPTURED,659.64,WIN,0.401,2.269
43,BTCUSD_BASE_131,BTCUSD,LONG,2020-06-30 10:00:00,10,True,ONLINE_CAPTURED,651.53,WIN,1.016,6.652
44,BTCUSD_BASE_617,BTCUSD,LONG,2022-06-03 18:00:00,18,True,ONLINE_CAPTURED,641.21,WIN,0.873,4.95
45,BTCUSD_BASE_548,BTCUSD,SHORT,2022-02-24 20:00:00,20,True,ONLINE_CAPTURED,632.7,WIN,1.243,6.167
46,GBPUSD_BASE_1348,GBPUSD,SHORT,2025-04-24 21:00:00,21,True,ONLINE_CAPTURED,620.65,WIN,0.393,1.923
47,BTCUSD_BASE_974,BTCUSD,LONG,2023-11-01 22:00:00,22,False,OFFLINE_MISSED,607.7,WIN,0.708,3.546
48,BTCUSD_BASE_1028,BTCUSD,LONG,2024-01-18 21:00:00,21,True,ONLINE_CAPTURED,600.99,WIN,0.588,2.576
49,BTCUSD_BASE_1160,BTCUSD,LONG,2024-07-14 12:00:00,12,True,ONLINE_CAPTURED,599.4,WIN,0.401,2.037
50,BTCUSD_BASE_1429,BTCUSD,SHORT,2025-08-19 13:00:00,13,True,ONLINE_CAPTURED,556.19,WIN,0.31,1.939
51,BTCUSD_BASE_80,BTCUSD,LONG,2020-04-13 03:00:00,3,False,OFFLINE_MISSED,555.75,WIN,1.563,8.195
52,BTCUSD_BASE_1221,BTCUSD,LONG,2024-10-06 10:00:00,10,True,ONLINE_CAPTURED,548.9,WIN,0.321,1.854
53,BTCUSD_BASE_305,BTCUSD,SHORT,2021-03-05 20:00:00,20,True,ONLINE_CAPTURED,545.61,WIN,0.849,3.546
54,BTCUSD_BASE_1076,BTCUSD,SHORT,2024-03-24 21:00:00,21,True,ONLINE_CAPTURED,538.52,WIN,0.543,2.184
55,BTCUSD_BASE_821,BTCUSD,LONG,2023-03-26 18:00:00,18,True,ONLINE_CAPTURED,533.08,WIN,1.111,4.197
56,GBPUSD_BASE_1070,GBPUSD,SHORT,2024-03-11 13:00:00,13,True,ONLINE_CAPTURED,527.55,WIN,0.354,1.478
57,GBPUSD_BASE_1527,GBPUSD,SHORT,2025-12-13 01:00:00,1,False,OFFLINE_MISSED,516.7,WIN,0.444,1.68
58,GBPUSD_BASE_721,GBPUSD,SHORT,2022-11-04 17:00:00,17,True,ONLINE_CAPTURED,510.75,WIN,0.297,1.345
59,BTCUSD_BASE_970,BTCUSD,LONG,2023-10-28 14:00:00,14,True,ONLINE_CAPTURED,492.87,WIN,0.681,3.004
60,BTCUSD_BASE_1,BTCUSD,LONG,2020-01-02 14:00:00,14,True,ONLINE_CAPTURED,482.65,WIN,3.964,18.198
61,GBPUSD_BASE_1008,GBPUSD,LONG,2023-12-25 17:00:00,17,True,ONLINE_CAPTURED,475.75,WIN,0.35,1.356
62,BTCUSD_BASE_457,BTCUSD,SHORT,2021-10-09 18:00:00,18,True,ONLINE_CAPTURED,472.06,WIN,1.021,3.657
63,BTCUSD_BASE_948,BTCUSD,SHORT,2023-09-13 22:00:00,22,False,OFFLINE_MISSED,471.41,WIN,0.771,2.563
64,BTCUSD_BASE_351,BTCUSD,SHORT,2021-05-12 02:00:00,2,False,OFFLINE_MISSED,463.03,WIN,0.922,3.227
65,GBPUSD_BASE_50,GBPUSD,SHORT,2020-02-25 19:00:00,19,True,ONLINE_CAPTURED,446.7,WIN,0.317,1.095
66,BTCUSD_BASE_1423,BTCUSD,SHORT,2025-08-10 04:00:00,4,False,OFFLINE_MISSED,443.56,WIN,0.432,1.54
67,BTCUSD_BASE_829,BTCUSD,LONG,2023-04-03 18:00:00,18,True,ONLINE_CAPTURED,441.61,WIN,0.838,3.359
68,GBPUSD_BASE_983,GBPUSD,LONG,2023-11-15 05:00:00,5,False,OFFLINE_MISSED,436.55,WIN,0.412,1.289
69,BTCUSD_BASE_1469,BTCUSD,LONG,2025-10-05 18:00:00,18,True,ONLINE_CAPTURED,428.14,WIN,0.365,1.501
70,BTCUSD_BASE_165,BTCUSD,LONG,2020-08-17 07:00:00,7,False,OFFLINE_MISSED,421.01,WIN,0.937,3.589
71,BTCUSD_BASE_859,BTCUSD,LONG,2023-05-12 10:00:00,10,True,ONLINE_CAPTURED,420.84,WIN,0.664,2.85
72,GBPUSD_BASE_180,GBPUSD,SHORT,2020-09-04 22:00:00,22,False,OFFLINE_MISSED,415.2,WIN,0.312,0.93
73,GBPUSD_BASE_340,GBPUSD,SHORT,2021-04-24 00:00:00,0,False,OFFLINE_MISSED,410.65,WIN,0.282,0.896
74,BTCUSD_BASE_427,BTCUSD,SHORT,2021-08-30 21:00:00,21,True,ONLINE_CAPTURED,407.65,WIN,1.062,3.113
75,GBPUSD_BASE_507,GBPUSD,SHORT,2021-12-31 09:00:00,9,True,ONLINE_CAPTURED,405.05,WIN,0.309,1.084
76,BTCUSD_BASE_57,BTCUSD,SHORT,2020-03-08 18:00:00,18,True,ONLINE_CAPTURED,391.28,WIN,2.275,7.385
77,BTCUSD_BASE_1090,BTCUSD,SHORT,2024-04-16 02:00:00,2,False,OFFLINE_MISSED,388.88,WIN,0.571,1.556
78,BTCUSD_BASE_509,BTCUSD,LONG,2022-01-03 13:00:00,13,True,ONLINE_CAPTURED,384.98,WIN,1.03,3.596
79,BTCUSD_BASE_47,BTCUSD,SHORT,2020-02-20 12:00:00,12,True,ONLINE_CAPTURED,377.26,WIN,2.025,7.541
80,BTCUSD_BASE_439,BTCUSD,SHORT,2021-09-14 20:00:00,20,True,ONLINE_CAPTURED,375.73,WIN,0.939,2.956
81,BTCUSD_BASE_31,BTCUSD,LONG,2020-02-02 19:00:00,19,True,ONLINE_CAPTURED,362.55,WIN,3.939,12.013
82,BTCUSD_BASE_267,BTCUSD,SHORT,2021-01-10 23:00:00,23,False,OFFLINE_MISSED,355.55,WIN,0.824,2.073
83,BTCUSD_BASE_121,BTCUSD,LONG,2020-06-12 12:00:00,12,True,ONLINE_CAPTURED,354.12,WIN,1.24,3.532
84,BTCUSD_BASE_113,BTCUSD,LONG,2020-06-04 15:00:00,15,True,ONLINE_CAPTURED,353.08,WIN,1.205,3.534
85,BTCUSD_BASE_788,BTCUSD,LONG,2023-01-30 02:00:00,2,False,OFFLINE_MISSED,350.17,WIN,1.415,3.778
86,BTCUSD_BASE_322,BTCUSD,LONG,2021-03-24 23:00:00,23,False,OFFLINE_MISSED,342.45,WIN,0.915,2.349
87,BTCUSD_BASE_909,BTCUSD,LONG,2023-07-20 06:00:00,6,False,OFFLINE_MISSED,328.64,WIN,0.821,1.871
88,BTCUSD_BASE_798,BTCUSD,SHORT,2023-02-18 20:00:00,20,True,ONLINE_CAPTURED,317.92,WIN,2.098,5.01
89,BTCUSD_BASE_672,BTCUSD,SHORT,2022-08-25 15:00:00,15,True,ONLINE_CAPTURED,312.86,WIN,0.69,2.023
90,BTCUSD_BASE_690,BTCUSD,LONG,2022-09-20 22:00:00,22,False,OFFLINE_MISSED,312.44,WIN,0.734,1.783
91,BTCUSD_BASE_1120,BTCUSD,SHORT,2024-05-26 15:00:00,15,True,ONLINE_CAPTURED,299.02,WIN,0.425,1.09
92,BTCUSD_BASE_828,BTCUSD,SHORT,2023-04-01 06:00:00,6,False,OFFLINE_MISSED,298.08,WIN,1.02,2.245
93,GBPUSD_BASE_1353,GBPUSD,LONG,2025-05-05 22:00:00,22,False,OFFLINE_MISSED,295.15,WIN,0.452,0.946
94,BTCUSD_BASE_794,BTCUSD,SHORT,2023-02-06 19:00:00,19,True,ONLINE_CAPTURED,287.14,WIN,1.349,3.313
95,BTCUSD_BASE_1174,BTCUSD,LONG,2024-08-02 06:00:00,6,False,OFFLINE_MISSED,285.68,WIN,0.357,0.96
96,GBPUSD_BASE_999,GBPUSD,SHORT,2023-12-07 08:00:00,8,False,OFFLINE_MISSED,284.3,WIN,0.352,0.829
97,BTCUSD_BASE_709,BTCUSD,SHORT,2022-10-11 13:00:00,13,True,ONLINE_CAPTURED,284.23,WIN,0.595,1.684
98,BTCUSD_BASE_55,BTCUSD,SHORT,2020-03-04 02:00:00,2,False,OFFLINE_MISSED,280.06,WIN,2.301,4.808
99,USDJPY_BASE_618,USDJPY,LONG,2022-06-06 11:00:00,11,True,ONLINE_CAPTURED,278.87,WIN,0.323,10.823
100,BTCUSD_BASE_244,BTCUSD,SHORT,2020-12-02 15:00:00,15,True,ONLINE_CAPTURED,269.32,WIN,0.641,1.695
101,GBPUSD_BASE_446,GBPUSD,LONG,2021-09-22 20:00:00,20,True,ONLINE_CAPTURED,260.15,WIN,0.306,0.645
102,BTCUSD_BASE_1455,BTCUSD,SHORT,2025-09-21 05:00:00,5,False,OFFLINE_MISSED,252.84,WIN,0.448,0.868
103,BTCUSD_BASE_532,BTCUSD,LONG,2022-02-01 21:00:00,21,True,ONLINE_CAPTURED,250.4,WIN,1.333,2.542
104,BTCUSD_BASE_77,BTCUSD,SHORT,2020-04-08 16:00:00,16,False,OFFLINE_MISSED,247.34,WIN,1.808,3.696
105,BTCUSD_BASE_35,BTCUSD,LONG,2020-02-09 21:00:00,21,True,ONLINE_CAPTURED,223.82,WIN,2.546,5.246
106,BTCUSD_BASE_963,BTCUSD,LONG,2023-10-17 19:00:00,19,True,ONLINE_CAPTURED,222.06,WIN,0.666,1.322
107,GBPUSD_BASE_1137,GBPUSD,LONG,2024-06-10 19:00:00,19,True,ONLINE_CAPTURED,221.3,WIN,0.311,0.629
108,BTCUSD_BASE_1492,BTCUSD,SHORT,2025-11-01 07:00:00,7,False,OFFLINE_MISSED,217.57,WIN,0.41,0.749
109,BTCUSD_BASE_1002,BTCUSD,LONG,2023-12-18 09:00:00,9,True,ONLINE_CAPTURED,217.02,WIN,0.484,0.972
110,GBPUSD_BASE_489,GBPUSD,LONG,2021-12-02 15:00:00,15,True,ONLINE_CAPTURED,211.85,WIN,0.288,0.543
111,BTCUSD_BASE_1392,BTCUSD,SHORT,2025-06-29 21:00:00,21,True,ONLINE_CAPTURED,209.89,WIN,0.381,0.728
112,BTCUSD_BASE_434,BTCUSD,LONG,2021-09-06 09:00:00,9,True,ONLINE_CAPTURED,201.73,WIN,0.845,1.647
113,BTCUSD_BASE_1539,BTCUSD,LONG,2025-12-26 02:00:00,2,False,OFFLINE_MISSED,196.35,WIN,0.317,0.747
114,BTCUSD_BASE_1253,BTCUSD,LONG,2024-11-25 16:00:00,16,False,OFFLINE_MISSED,193.29,WIN,0.377,0.596
115,BTCUSD_BASE_150,BTCUSD,LONG,2020-07-28 17:00:00,17,True,ONLINE_CAPTURED,192.6,WIN,1.305,1.879
116,GBPUSD_BASE_613,GBPUSD,LONG,2022-05-30 13:00:00,13,True,ONLINE_CAPTURED,192.25,WIN,0.304,0.495
117,GBPUSD_BASE_154,GBPUSD,LONG,2020-08-05 12:00:00,12,True,ONLINE_CAPTURED,188.75,WIN,0.254,0.442
118,BTCUSD_BASE_769,BTCUSD,SHORT,2023-01-09 16:00:00,16,False,OFFLINE_MISSED,185.5,WIN,1.077,1.695
119,GBPUSD_BASE_171,GBPUSD,SHORT,2020-08-26 02:00:00,2,False,OFFLINE_MISSED,184.2,WIN,0.256,0.424
120,BTCUSD_BASE_365,BTCUSD,LONG,2021-06-04 14:00:00,14,True,ONLINE_CAPTURED,184.08,WIN,0.778,1.35
121,US500_BASE_939,US500,LONG,2023-08-30 18:00:00,18,True,ONLINE_CAPTURED,182.37,WIN,0.421,12.99
122,GBPUSD_BASE_1085,GBPUSD,SHORT,2024-04-08 13:00:00,13,True,ONLINE_CAPTURED,181.4,WIN,0.358,0.536
123,BTCUSD_BASE_1297,BTCUSD,SHORT,2025-02-06 02:00:00,2,False,OFFLINE_MISSED,178.6,WIN,0.404,0.524
124,BTCUSD_BASE_381,BTCUSD,LONG,2021-06-29 23:00:00,23,False,OFFLINE_MISSED,171.13,WIN,1.005,1.332
125,BTCUSD_BASE_51,BTCUSD,LONG,2020-02-26 23:00:00,23,False,OFFLINE_MISSED,166.47,WIN,2.043,3.28
126,GBPUSD_BASE_772,GBPUSD,SHORT,2023-01-12 15:00:00,15,True,ONLINE_CAPTURED,163.9,WIN,0.316,0.442
127,BTCUSD_BASE_1235,BTCUSD,SHORT,2024-11-01 16:00:00,16,False,OFFLINE_MISSED,159.94,WIN,0.367,0.523
128,BTCUSD_BASE_976,BTCUSD,LONG,2023-11-07 15:00:00,15,True,ONLINE_CAPTURED,157.03,WIN,0.751,0.911
129,BTCUSD_BASE_1213,BTCUSD,SHORT,2024-09-26 16:00:00,16,False,OFFLINE_MISSED,156.16,WIN,0.356,0.556
130,BTCUSD_BASE_7,BTCUSD,LONG,2020-01-12 16:00:00,16,False,OFFLINE_MISSED,154.92,WIN,3.901,5.165
131,BTCUSD_BASE_612,BTCUSD,LONG,2022-05-27 16:00:00,16,False,OFFLINE_MISSED,154.32,WIN,0.852,1.251
132,BTCUSD_BASE_480,BTCUSD,LONG,2021-11-19 20:00:00,20,True,ONLINE_CAPTURED,153.99,WIN,1.054,1.313
133,GBPUSD_BASE_1034,GBPUSD,SHORT,2024-01-25 16:00:00,16,False,OFFLINE_MISSED,145.7,WIN,0.364,0.444
134,GBPUSD_BASE_210,GBPUSD,SHORT,2020-10-20 11:00:00,11,True,ONLINE_CAPTURED,142.9,WIN,0.3,0.342
135,BTCUSD_BASE_871,BTCUSD,SHORT,2023-05-25 14:00:00,14,True,ONLINE_CAPTURED,131.93,WIN,0.617,0.867
136,USDJPY_BASE_1104,USDJPY,SHORT,2024-05-01 10:00:00,10,True,ONLINE_CAPTURED,129.7,WIN,0.403,5.542
137,US500_BASE_1234,US500,LONG,2024-10-28 14:00:00,14,True,ONLINE_CAPTURED,123.79,WIN,0.337,7.325
138,GBPUSD_BASE_1176,GBPUSD,LONG,2024-08-06 07:00:00,7,False,OFFLINE_MISSED,115.25,WIN,0.361,0.357
139,BTCUSD_BASE_12,BTCUSD,SHORT,2020-01-15 10:00:00,10,True,ONLINE_CAPTURED,110.41,WIN,3.46,3.648
140,BTCUSD_BASE_1346,BTCUSD,SHORT,2025-04-23 07:00:00,7,False,OFFLINE_MISSED,107.77,WIN,0.442,0.391
141,GBPUSD_BASE_1301,GBPUSD,LONG,2025-02-12 10:00:00,10,True,ONLINE_CAPTURED,106.5,WIN,0.331,0.341
142,BTCUSD_BASE_1236,BTCUSD,LONG,2024-11-06 09:00:00,9,True,ONLINE_CAPTURED,104.89,WIN,0.394,0.354
143,US500_BASE_957,US500,SHORT,2023-09-29 21:00:00,21,True,ONLINE_CAPTURED,101.37,WIN,0.334,6.735
144,US500_BASE_319,US500,LONG,2021-03-22 19:00:00,19,True,ONLINE_CAPTURED,99.45,WIN,0.654,9.777
145,GBPUSD_BASE_933,GBPUSD,LONG,2023-08-21 06:00:00,6,False,OFFLINE_MISSED,98.8,WIN,0.335,0.296
146,GBPUSD_BASE_1427,GBPUSD,LONG,2025-08-15 19:00:00,19,True,ONLINE_CAPTURED,98.1,WIN,0.412,0.352
147,USDJPY_BASE_303,USDJPY,LONG,2021-03-04 00:00:00,0,False,OFFLINE_MISSED,92.8,WIN,0.383,3.216
148,BTCUSD_BASE_1410,BTCUSD,LONG,2025-07-24 08:00:00,8,False,OFFLINE_MISSED,89.31,WIN,0.462,0.345
149,BTCUSD_BASE_412,BTCUSD,SHORT,2021-08-08 13:00:00,13,True,ONLINE_CAPTURED,86.48,WIN,0.722,0.7
150,BTCUSD_BASE_877,BTCUSD,LONG,2023-06-05 16:00:00,16,False,OFFLINE_MISSED,84.13,WIN,0.702,0.606
151,BTCUSD_BASE_638,BTCUSD,LONG,2022-07-11 07:00:00,7,False,OFFLINE_MISSED,83.47,WIN,0.75,0.573
152,GBPUSD_BASE_40,GBPUSD,SHORT,2020-02-14 08:00:00,8,False,OFFLINE_MISSED,77.8,WIN,0.313,0.207
153,US500_BASE_674,US500,SHORT,2022-08-26 19:00:00,19,True,ONLINE_CAPTURED,76.75,WIN,0.401,6.031
154,GBPUSD_BASE_1013,GBPUSD,SHORT,2024-01-03 03:00:00,3,False,OFFLINE_MISSED,76.75,WIN,0.282,0.248
155,BTCUSD_BASE_1045,BTCUSD,LONG,2024-02-12 02:00:00,2,False,OFFLINE_MISSED,76.46,WIN,0.503,0.373
156,BTCUSD_BASE_1063,BTCUSD,SHORT,2024-02-28 19:00:00,19,True,ONLINE_CAPTURED,72.61,WIN,0.522,0.367
157,USDJPY_BASE_713,USDJPY,LONG,2022-10-19 22:00:00,22,False,OFFLINE_MISSED,72.1,WIN,0.372,2.725
158,BTCUSD_BASE_500,BTCUSD,SHORT,2021-12-19 21:00:00,21,True,ONLINE_CAPTURED,71.52,WIN,1.034,0.651
159,US500_BASE_684,US500,LONG,2022-09-12 17:00:00,17,True,ONLINE_CAPTURED,70.69,WIN,0.426,5.883
160,USDJPY_BASE_1359,USDJPY,LONG,2025-05-14 01:00:00,1,False,OFFLINE_MISSED,70.3,WIN,0.489,3.555
161,BTCUSD_BASE_391,BTCUSD,SHORT,2021-07-11 07:00:00,7,False,OFFLINE_MISSED,69.86,WIN,0.783,0.583
162,USDJPY_BASE_414,USDJPY,SHORT,2021-08-11 10:00:00,10,True,ONLINE_CAPTURED,69.4,WIN,0.352,2.85
163,USDJPY_BASE_355,USDJPY,SHORT,2021-05-17 21:00:00,21,True,ONLINE_CAPTURED,67.6,WIN,0.327,2.682
164,USDJPY_BASE_1283,USDJPY,LONG,2025-01-14 11:00:00,11,True,ONLINE_CAPTURED,67.15,WIN,0.352,3.286
165,USDJPY_BASE_1312,USDJPY,SHORT,2025-02-27 15:00:00,15,True,ONLINE_CAPTURED,64.22,WIN,0.389,3.253
166,USDJPY_BASE_436,USDJPY,SHORT,2021-09-09 16:00:00,16,False,OFFLINE_MISSED,64.0,WIN,0.369,2.835
167,USDJPY_BASE_1132,USDJPY,LONG,2024-06-05 11:00:00,11,True,ONLINE_CAPTURED,64.0,WIN,0.369,3.178
168,USDJPY_BASE_795,USDJPY,LONG,2023-02-07 00:00:00,0,False,OFFLINE_MISSED,62.42,WIN,0.331,2.483
169,USDJPY_BASE_142,USDJPY,SHORT,2020-07-15 18:00:00,18,True,ONLINE_CAPTURED,61.97,WIN,0.402,2.754
170,US500_BASE_1263,US500,LONG,2024-12-11 08:00:00,8,False,OFFLINE_MISSED,59.14,WIN,0.297,3.567
171,BTCUSD_BASE_343,BTCUSD,LONG,2021-04-29 18:00:00,18,True,ONLINE_CAPTURED,58.49,WIN,0.775,0.477
172,BTCUSD_BASE_980,BTCUSD,LONG,2023-11-12 04:00:00,4,False,OFFLINE_MISSED,57.8,WIN,0.73,0.369
173,USDJPY_BASE_245,USDJPY,LONG,2020-12-04 01:00:00,1,False,OFFLINE_MISSED,56.13,WIN,0.43,2.225
174,BTCUSD_BASE_205,BTCUSD,LONG,2020-10-13 13:00:00,13,True,ONLINE_CAPTURED,54.54,WIN,0.705,0.438
175,GBPUSD_BASE_938,GBPUSD,LONG,2023-08-28 14:00:00,14,True,ONLINE_CAPTURED,49.8,WIN,0.313,0.164
176,BTCUSD_BASE_1041,BTCUSD,LONG,2024-02-06 16:00:00,16,False,OFFLINE_MISSED,49.79,WIN,0.562,0.261
177,BTCUSD_BASE_1488,BTCUSD,LONG,2025-10-28 12:00:00,12,True,ONLINE_CAPTURED,49.61,WIN,0.414,0.203
178,GBPUSD_BASE_290,GBPUSD,SHORT,2021-02-09 12:00:00,12,True,ONLINE_CAPTURED,49.1,WIN,0.233,0.137
179,USDJPY_BASE_1254,USDJPY,LONG,2024-11-26 17:00:00,17,True,ONLINE_CAPTURED,48.47,WIN,0.338,2.489
180,USDJPY_BASE_882,USDJPY,SHORT,2023-06-14 20:00:00,20,True,ONLINE_CAPTURED,48.25,WIN,0.525,2.271
181,US500_BASE_1338,US500,LONG,2025-04-09 21:00:00,21,True,ONLINE_CAPTURED,47.2,WIN,0.443,2.991
182,BTCUSD_BASE_344,BTCUSD,LONG,2021-05-03 05:00:00,5,False,OFFLINE_MISSED,47.19,WIN,0.786,0.402
183,BTCUSD_BASE_512,BTCUSD,SHORT,2022-01-08 12:00:00,12,True,ONLINE_CAPTURED,44.05,WIN,0.999,0.495
184,USDJPY_BASE_1011,USDJPY,SHORT,2023-12-28 02:00:00,2,False,OFFLINE_MISSED,41.05,WIN,0.346,1.856
185,BTCUSD_BASE_1050,BTCUSD,SHORT,2024-02-16 20:00:00,20,True,ONLINE_CAPTURED,40.47,WIN,0.52,0.224
186,USDJPY_BASE_1484,USDJPY,SHORT,2025-10-23 23:00:00,23,False,OFFLINE_MISSED,40.15,WIN,0.509,2.683
187,US500_BASE_1255,US500,LONG,2024-11-27 17:00:00,17,True,ONLINE_CAPTURED,39.96,WIN,0.254,2.652
188,USDJPY_BASE_328,USDJPY,SHORT,2021-04-07 14:00:00,14,True,ONLINE_CAPTURED,38.57,WIN,0.297,1.573
189,USDJPY_BASE_856,USDJPY,SHORT,2023-05-10 07:00:00,7,False,OFFLINE_MISSED,38.35,WIN,0.31,1.865
190,USDJPY_BASE_87,USDJPY,SHORT,2020-04-27 13:00:00,13,True,ONLINE_CAPTURED,36.55,WIN,0.277,1.86
191,GBPUSD_BASE_1031,GBPUSD,LONG,2024-01-24 01:00:00,1,False,OFFLINE_MISSED,36.15,WIN,0.315,0.137
192,USDJPY_BASE_118,USDJPY,LONG,2020-06-09 15:00:00,15,True,ONLINE_CAPTURED,36.1,WIN,0.369,1.807
193,BTCUSD_BASE_880,BTCUSD,LONG,2023-06-12 14:00:00,14,True,ONLINE_CAPTURED,35.75,WIN,0.711,0.285
194,US500_BASE_170,US500,SHORT,2020-08-22 01:00:00,1,False,OFFLINE_MISSED,35.05,WIN,0.535,4.017
195,BTCUSD_BASE_1498,BTCUSD,SHORT,2025-11-07 21:00:00,21,True,ONLINE_CAPTURED,33.3,WIN,0.372,0.153
196,BTCUSD_BASE_538,BTCUSD,LONG,2022-02-09 13:00:00,13,True,ONLINE_CAPTURED,32.52,WIN,1.089,0.387
197,USDJPY_BASE_380,USDJPY,LONG,2021-06-28 19:00:00,19,True,ONLINE_CAPTURED,31.82,WIN,0.396,1.493
198,BTCUSD_BASE_376,BTCUSD,LONG,2021-06-21 18:00:00,18,True,ONLINE_CAPTURED,31.49,WIN,0.904,0.324
199,US500_BASE_740,US500,SHORT,2022-12-07 11:00:00,11,True,ONLINE_CAPTURED,31.11,WIN,0.318,2.838
200,USDJPY_BASE_479,USDJPY,LONG,2021-11-16 10:00:00,10,True,ONLINE_CAPTURED,30.25,WIN,0.326,1.508
201,GBPUSD_BASE_1242,GBPUSD,LONG,2024-11-13 13:00:00,13,True,ONLINE_CAPTURED,29.85,WIN,0.429,0.124
202,USDJPY_BASE_589,USDJPY,SHORT,2022-04-23 03:00:00,3,False,OFFLINE_MISSED,29.8,WIN,0.38,1.543
203,BTCUSD_BASE_366,BTCUSD,SHORT,2021-06-07 07:00:00,7,False,OFFLINE_MISSED,29.59,WIN,0.828,0.286
204,US500_BASE_250,US500,LONG,2020-12-16 01:00:00,1,False,OFFLINE_MISSED,29.47,WIN,0.535,3.512
205,XAUUSD_BASE_1218,XAUUSD,LONG,2024-10-04 07:00:00,7,False,OFFLINE_MISSED,28.89,WIN,0.243,4.51
206,US500_BASE_817,US500,SHORT,2023-03-17 20:00:00,20,True,ONLINE_CAPTURED,28.07,WIN,0.44,2.616
207,BTCUSD_BASE_1039,BTCUSD,SHORT,2024-02-04 03:00:00,3,False,OFFLINE_MISSED,27.8,WIN,0.435,0.17
208,USDJPY_BASE_991,USDJPY,SHORT,2023-11-22 22:00:00,22,False,OFFLINE_MISSED,27.55,WIN,0.389,1.337
209,US500_BASE_470,US500,SHORT,2021-10-26 20:00:00,20,True,ONLINE_CAPTURED,24.64,WIN,0.659,2.976
210,BTCUSD_BASE_473,BTCUSD,LONG,2021-11-04 12:00:00,12,True,ONLINE_CAPTURED,24.6,WIN,1.058,0.327
211,BTCUSD_BASE_782,BTCUSD,LONG,2023-01-22 00:00:00,0,False,OFFLINE_MISSED,24.47,WIN,1.399,0.367
212,BTCUSD_BASE_879,BTCUSD,LONG,2023-06-09 18:00:00,18,True,ONLINE_CAPTURED,24.13,WIN,0.812,0.219
213,US500_BASE_219,US500,LONG,2020-11-03 15:00:00,15,True,ONLINE_CAPTURED,24.11,WIN,0.467,2.883
214,USDJPY_BASE_1162,USDJPY,SHORT,2024-07-18 06:00:00,6,False,OFFLINE_MISSED,23.5,WIN,0.399,1.452
215,BTCUSD_BASE_462,BTCUSD,LONG,2021-10-19 07:00:00,7,False,OFFLINE_MISSED,22.87,WIN,1.13,0.271
216,USDJPY_BASE_523,USDJPY,SHORT,2022-01-20 20:00:00,20,True,ONLINE_CAPTURED,22.83,WIN,0.342,1.256
217,US500_BASE_832,US500,SHORT,2023-04-11 03:00:00,3,False,OFFLINE_MISSED,22.3,WIN,0.426,2.298
218,US500_BASE_108,US500,SHORT,2020-05-28 22:00:00,22,False,OFFLINE_MISSED,22.26,WIN,0.46,2.889
219,BTCUSD_BASE_688,BTCUSD,LONG,2022-09-17 20:00:00,20,True,ONLINE_CAPTURED,21.9,WIN,0.764,0.194
220,GBPUSD_BASE_1291,GBPUSD,LONG,2025-01-27 19:00:00,19,True,ONLINE_CAPTURED,21.8,WIN,0.359,0.101
221,XAUUSD_BASE_289,XAUUSD,SHORT,2021-02-04 23:00:00,23,False,OFFLINE_MISSED,21.3,WIN,0.155,5.216
222,US500_BASE_484,US500,LONG,2021-11-27 02:00:00,2,False,OFFLINE_MISSED,20.58,WIN,0.443,2.532
223,USDJPY_BASE_666,USDJPY,SHORT,2022-08-15 13:00:00,13,True,ONLINE_CAPTURED,20.57,WIN,0.289,1.18
224,US500_BASE_805,US500,LONG,2023-03-02 19:00:00,19,True,ONLINE_CAPTURED,20.26,WIN,0.425,2.149
225,BTCUSD_BASE_958,BTCUSD,LONG,2023-10-04 14:00:00,14,True,ONLINE_CAPTURED,19.83,WIN,0.708,0.196
226,XAUUSD_BASE_1518,XAUUSD,LONG,2025-12-02 21:00:00,21,True,ONLINE_CAPTURED,18.37,WIN,0.223,3.083
227,US500_BASE_137,US500,LONG,2020-07-07 15:00:00,15,True,ONLINE_CAPTURED,18.3,WIN,0.429,2.592
228,US500_BASE_203,US500,LONG,2020-10-07 12:00:00,12,True,ONLINE_CAPTURED,18.2,WIN,0.508,2.483
229,USDJPY_BASE_1416,USDJPY,LONG,2025-07-29 18:00:00,18,True,ONLINE_CAPTURED,18.1,WIN,0.439,1.332
230,BTCUSD_BASE_273,BTCUSD,LONG,2021-01-15 12:00:00,12,True,ONLINE_CAPTURED,17.47,WIN,0.573,0.167
231,USDJPY_BASE_215,USDJPY,LONG,2020-10-28 14:00:00,14,True,ONLINE_CAPTURED,17.2,WIN,0.274,0.986
232,USDJPY_BASE_333,USDJPY,SHORT,2021-04-14 20:00:00,20,True,ONLINE_CAPTURED,17.2,WIN,0.311,0.934
233,USDJPY_BASE_30,USDJPY,LONG,2020-01-31 17:00:00,17,True,ONLINE_CAPTURED,15.62,WIN,0.285,1.147
234,USDJPY_BASE_644,USDJPY,SHORT,2022-07-15 13:00:00,13,True,ONLINE_CAPTURED,14.73,WIN,0.315,0.919
235,USDJPY_BASE_717,USDJPY,LONG,2022-10-28 03:00:00,3,False,OFFLINE_MISSED,14.73,WIN,0.261,0.846
236,USDJPY_BASE_912,USDJPY,LONG,2023-07-25 10:00:00,10,True,ONLINE_CAPTURED,14.73,WIN,0.27,0.935
237,US500_BASE_445,US500,LONG,2021-09-20 21:00:00,21,True,ONLINE_CAPTURED,14.57,WIN,0.5,2.172
238,US500_BASE_94,US500,LONG,2020-05-07 05:00:00,5,False,OFFLINE_MISSED,14.36,WIN,0.53,2.331
239,US500_BASE_1505,US500,SHORT,2025-11-13 19:00:00,19,True,ONLINE_CAPTURED,14.18,WIN,0.336,1.41
240,USDJPY_BASE_1394,USDJPY,SHORT,2025-07-02 01:00:00,1,False,OFFLINE_MISSED,13.83,WIN,0.503,1.158
241,XAUUSD_BASE_1403,XAUUSD,LONG,2025-07-09 00:00:00,0,False,OFFLINE_MISSED,13.59,WIN,0.246,2.642
242,US500_BASE_1463,US500,LONG,2025-09-29 10:00:00,10,True,ONLINE_CAPTURED,13.57,WIN,0.272,1.335
243,USDJPY_BASE_1212,USDJPY,LONG,2024-09-26 07:00:00,7,False,OFFLINE_MISSED,13.38,WIN,0.376,1.042
244,XAUUSD_BASE_1342,XAUUSD,LONG,2025-04-14 21:00:00,21,True,ONLINE_CAPTURED,13.31,WIN,0.242,2.713
245,USDJPY_BASE_937,USDJPY,LONG,2023-08-25 15:00:00,15,True,ONLINE_CAPTURED,13.15,WIN,0.336,0.892
246,USDJPY_BASE_1406,USDJPY,LONG,2025-07-14 05:00:00,5,False,OFFLINE_MISSED,12.93,WIN,0.421,1.151
247,BTCUSD_BASE_932,BTCUSD,SHORT,2023-08-18 20:00:00,20,True,ONLINE_CAPTURED,12.76,WIN,0.744,0.148
248,US500_BASE_1523,US500,LONG,2025-12-08 18:00:00,18,True,ONLINE_CAPTURED,12.32,WIN,0.333,1.334
249,US500_BASE_392,US500,SHORT,2021-07-12 11:00:00,11,True,ONLINE_CAPTURED,11.99,WIN,0.382,1.882
250,US500_BASE_342,US500,SHORT,2021-04-26 23:00:00,23,False,OFFLINE_MISSED,11.94,WIN,0.555,1.924
251,BTCUSD_BASE_22,BTCUSD,SHORT,2020-01-22 09:00:00,9,True,ONLINE_CAPTURED,11.65,WIN,4.163,0.795
252,USDJPY_BASE_669,USDJPY,LONG,2022-08-19 15:00:00,15,True,ONLINE_CAPTURED,11.35,WIN,0.416,0.864
253,US500_BASE_1139,US500,SHORT,2024-06-15 01:00:00,1,False,OFFLINE_MISSED,11.28,WIN,0.353,1.425
254,US500_BASE_606,US500,LONG,2022-05-18 18:00:00,18,True,ONLINE_CAPTURED,11.13,WIN,0.483,1.898
255,US500_BASE_1331,US500,SHORT,2025-04-01 03:00:00,3,False,OFFLINE_MISSED,10.85,WIN,0.285,1.133
256,BTCUSD_BASE_515,BTCUSD,SHORT,2022-01-12 03:00:00,3,False,OFFLINE_MISSED,10.43,WIN,1.125,0.202
257,GBPUSD_BASE_935,GBPUSD,SHORT,2023-08-23 14:00:00,14,True,ONLINE_CAPTURED,10.25,WIN,0.342,0.06
258,USDJPY_BASE_863,USDJPY,SHORT,2023-05-18 12:00:00,12,True,ONLINE_CAPTURED,10.23,WIN,0.267,0.848
259,USDJPY_BASE_476,USDJPY,LONG,2021-11-10 05:00:00,5,False,OFFLINE_MISSED,9.32,WIN,0.326,0.782
260,US500_BASE_1444,US500,LONG,2025-09-08 21:00:00,21,True,ONLINE_CAPTURED,9.21,WIN,0.347,1.107
261,US500_BASE_1303,US500,SHORT,2025-02-14 23:00:00,23,False,OFFLINE_MISSED,9.02,WIN,0.373,1.047
262,US500_BASE_504,US500,LONG,2021-12-23 06:00:00,6,False,OFFLINE_MISSED,8.85,WIN,0.466,1.719
263,USDJPY_BASE_801,USDJPY,SHORT,2023-02-21 21:00:00,21,True,ONLINE_CAPTURED,8.65,WIN,0.307,0.69
264,USDJPY_BASE_849,USDJPY,SHORT,2023-04-27 23:00:00,23,False,OFFLINE_MISSED,8.65,WIN,0.426,0.762
265,USDJPY_BASE_226,USDJPY,SHORT,2020-11-12 16:00:00,16,False,OFFLINE_MISSED,8.43,WIN,0.443,0.683
266,USDJPY_BASE_1507,USDJPY,SHORT,2025-11-19 00:00:00,0,False,OFFLINE_MISSED,8.43,WIN,0.663,1.159
267,XAUUSD_BASE_73,XAUUSD,LONG,2020-04-01 02:00:00,2,False,OFFLINE_MISSED,7.53,WIN,0.328,3.719
268,BTCUSD_BASE_744,BTCUSD,SHORT,2022-12-10 16:00:00,16,False,OFFLINE_MISSED,6.88,WIN,0.904,0.154
269,USDJPY_BASE_1352,USDJPY,LONG,2025-04-30 05:00:00,5,False,OFFLINE_MISSED,6.85,WIN,0.441,0.832
270,USDJPY_BASE_1382,USDJPY,SHORT,2025-06-17 06:00:00,6,False,OFFLINE_MISSED,6.85,WIN,0.452,0.819
271,USDJPY_BASE_1525,USDJPY,LONG,2025-12-10 23:00:00,23,False,OFFLINE_MISSED,6.62,WIN,0.592,1.07
272,XAUUSD_BASE_536,XAUUSD,LONG,2022-02-07 23:00:00,23,False,OFFLINE_MISSED,6.53,WIN,0.294,2.979
273,XAUUSD_BASE_1075,XAUUSD,LONG,2024-03-23 01:00:00,1,False,OFFLINE_MISSED,6.46,WIN,0.334,2.464
274,XAUUSD_BASE_1087,XAUUSD,LONG,2024-04-09 15:00:00,15,True,ONLINE_CAPTURED,5.92,WIN,0.343,2.316
275,USDJPY_BASE_79,USDJPY,LONG,2020-04-10 23:00:00,23,False,OFFLINE_MISSED,5.5,WIN,0.415,0.677
276,USDJPY_BASE_1035,USDJPY,LONG,2024-01-26 09:00:00,9,True,ONLINE_CAPTURED,5.5,WIN,0.301,0.667
277,US500_BASE_334,US500,SHORT,2021-04-15 16:00:00,16,False,OFFLINE_MISSED,5.45,WIN,0.42,1.403
278,US500_BASE_588,US500,SHORT,2022-04-22 21:00:00,21,True,ONLINE_CAPTURED,4.54,WIN,0.525,1.342
279,USDJPY_BASE_1307,USDJPY,SHORT,2025-02-20 15:00:00,15,True,ONLINE_CAPTURED,3.25,WIN,0.376,0.651
280,US500_BASE_147,US500,LONG,2020-07-27 14:00:00,14,True,ONLINE_CAPTURED,3.02,WIN,0.43,1.264
281,USDJPY_BASE_254,USDJPY,SHORT,2020-12-22 11:00:00,11,True,ONLINE_CAPTURED,2.8,WIN,0.28,0.483
282,US500_BASE_1456,US500,SHORT,2025-09-22 21:00:00,21,True,ONLINE_CAPTURED,2.72,WIN,0.396,0.77
283,US500_BASE_701,US500,LONG,2022-09-30 19:00:00,19,True,ONLINE_CAPTURED,2.45,WIN,0.363,0.987
284,USDJPY_BASE_1430,USDJPY,SHORT,2025-08-19 20:00:00,20,True,ONLINE_CAPTURED,2.35,WIN,0.43,0.683
285,US500_BASE_519,US500,LONG,2022-01-18 11:00:00,11,True,ONLINE_CAPTURED,2.02,WIN,0.497,1.144
286,US500_BASE_965,US500,SHORT,2023-10-20 01:00:00,1,False,OFFLINE_MISSED,1.59,WIN,0.358,0.917
287,GBPUSD_BASE_973,GBPUSD,SHORT,2023-11-01 20:00:00,20,True,ONLINE_CAPTURED,1.5,WIN,0.386,0.041
288,XAUUSD_BASE_1414,XAUUSD,LONG,2025-07-25 23:00:00,23,False,OFFLINE_MISSED,1.09,WIN,0.243,1.338
289,US500_BASE_417,US500,SHORT,2021-08-17 07:00:00,7,False,OFFLINE_MISSED,1.07,WIN,0.403,1.109
290,USDJPY_BASE_732,USDJPY,LONG,2022-11-24 05:00:00,5,False,OFFLINE_MISSED,1.0,WIN,0.301,0.425
291,XAUUSD_BASE_1229,XAUUSD,LONG,2024-10-18 15:00:00,15,True,ONLINE_CAPTURED,0.86,WIN,0.247,1.383
292,XAUUSD_BASE_256,XAUUSD,LONG,2020-12-24 20:00:00,20,True,ONLINE_CAPTURED,0.85,WIN,0.29,2.027
293,US500_BASE_1207,US500,SHORT,2024-09-17 20:00:00,20,True,ONLINE_CAPTURED,0.8,WIN,0.317,0.761
294,USDJPY_BASE_98,USDJPY,LONG,2020-05-13 18:00:00,18,True,ONLINE_CAPTURED,0.78,WIN,0.361,0.5
295,XAUUSD_BASE_830,XAUUSD,LONG,2023-04-04 00:00:00,0,False,OFFLINE_MISSED,0.69,WIN,0.193,1.961
296,US500_BASE_908,US500,SHORT,2023-07-19 02:00:00,2,False,OFFLINE_MISSED,0.66,WIN,0.377,0.878
297,USDJPY_BASE_1535,USDJPY,SHORT,2025-12-23 02:00:00,2,False,OFFLINE_MISSED,0.32,WIN,0.416,0.714
298,XAUUSD_BASE_1276,XAUUSD,LONG,2024-12-30 17:00:00,17,True,ONLINE_CAPTURED,0.15,WIN,0.23,1.351
299,US500_BASE_1326,US500,SHORT,2025-03-20 23:00:00,23,False,OFFLINE_MISSED,0.05,WIN,0.313,0.608
300,US500_BASE_763,US500,SHORT,2022-12-30 17:00:00,17,True,ONLINE_CAPTURED,-0.12,LOSS,0.83,0.313
301,USDJPY_BASE_431,USDJPY,LONG,2021-09-02 23:00:00,23,False,OFFLINE_MISSED,-0.35,LOSS,0.449,0.285
302,USDJPY_BASE_1436,USDJPY,LONG,2025-08-27 08:00:00,8,False,OFFLINE_MISSED,-0.35,LOSS,0.554,0.323
303,XAUUSD_BASE_736,XAUUSD,LONG,2022-11-29 21:00:00,21,True,ONLINE_CAPTURED,-0.41,LOSS,2.03,0.317
304,XAUUSD_BASE_211,XAUUSD,SHORT,2020-10-21 05:00:00,5,False,OFFLINE_MISSED,-0.42,LOSS,1.879,0.187
305,US500_BASE_257,US500,LONG,2020-12-26 04:00:00,4,False,OFFLINE_MISSED,-0.5,LOSS,0.988,0.387
306,USDJPY_BASE_56,USDJPY,LONG,2020-03-04 06:00:00,6,False,OFFLINE_MISSED,-0.57,LOSS,0.464,0.275
307,XAUUSD_BASE_620,XAUUSD,SHORT,2022-06-10 17:00:00,17,True,ONLINE_CAPTURED,-0.62,LOSS,1.861,0.171
308,XAUUSD_BASE_472,XAUUSD,SHORT,2021-11-01 22:00:00,22,False,OFFLINE_MISSED,-0.79,LOSS,1.872,0.163
309,USDJPY_BASE_1073,USDJPY,SHORT,2024-03-19 08:00:00,8,False,OFFLINE_MISSED,-0.8,LOSS,0.438,0.289
310,USDJPY_BASE_1316,USDJPY,SHORT,2025-03-07 19:00:00,19,True,ONLINE_CAPTURED,-0.8,LOSS,0.516,0.324
311,US500_BASE_725,US500,LONG,2022-11-11 23:00:00,23,False,OFFLINE_MISSED,-0.91,LOSS,0.764,0.317
312,XAUUSD_BASE_1142,XAUUSD,LONG,2024-06-20 18:00:00,18,True,ONLINE_CAPTURED,-0.98,LOSS,1.451,0.222
313,XAUUSD_BASE_1531,XAUUSD,SHORT,2025-12-17 22:00:00,22,False,OFFLINE_MISSED,-1.16,LOSS,1.104,0.173
314,USDJPY_BASE_1183,USDJPY,LONG,2024-08-14 22:00:00,22,False,OFFLINE_MISSED,-1.25,LOSS,0.452,0.282
315,US500_BASE_502,US500,SHORT,2021-12-20 18:00:00,18,True,ONLINE_CAPTURED,-1.36,LOSS,0.893,0.331
316,US500_BASE_491,US500,SHORT,2021-12-06 12:00:00,12,True,ONLINE_CAPTURED,-1.45,LOSS,0.822,0.335
317,US500_BASE_1277,US500,LONG,2024-12-30 19:00:00,19,True,ONLINE_CAPTURED,-1.5,LOSS,0.514,0.209
318,XAUUSD_BASE_1251,XAUUSD,SHORT,2024-11-19 12:00:00,12,True,ONLINE_CAPTURED,-1.6,LOSS,1.167,0.143
319,USDJPY_BASE_693,USDJPY,LONG,2022-09-23 18:00:00,18,True,ONLINE_CAPTURED,-1.7,LOSS,0.376,0.295
320,US500_BASE_711,US500,LONG,2022-10-17 08:00:00,8,False,OFFLINE_MISSED,-1.86,LOSS,0.692,0.29
321,USDJPY_BASE_268,USDJPY,SHORT,2021-01-11 11:00:00,11,True,ONLINE_CAPTURED,-1.93,LOSS,0.324,0.226
322,US500_BASE_295,US500,LONG,2021-02-17 20:00:00,20,True,ONLINE_CAPTURED,-1.95,LOSS,0.889,0.413
323,US500_BASE_731,US500,LONG,2022-11-22 09:00:00,9,True,ONLINE_CAPTURED,-2.06,LOSS,0.68,0.253
324,XAUUSD_BASE_898,XAUUSD,LONG,2023-07-05 05:00:00,5,False,OFFLINE_MISSED,-2.29,LOSS,1.551,0.138
325,BTCUSD_BASE_1415,BTCUSD,LONG,2025-07-27 17:00:00,17,True,ONLINE_CAPTURED,-2.45,LOSS,0.034,0.25
326,XAUUSD_BASE_1000,XAUUSD,SHORT,2023-12-08 02:00:00,2,False,OFFLINE_MISSED,-2.5,LOSS,1.397,0.162
327,XAUUSD_BASE_626,XAUUSD,SHORT,2022-06-24 20:00:00,20,True,ONLINE_CAPTURED,-2.65,LOSS,1.584,0.251
328,XAUUSD_BASE_1351,XAUUSD,LONG,2025-04-29 18:00:00,18,True,ONLINE_CAPTURED,-2.65,LOSS,0.994,0.176
329,XAUUSD_BASE_1281,XAUUSD,SHORT,2025-01-09 18:00:00,18,True,ONLINE_CAPTURED,-2.72,LOSS,1.025,0.201
330,US500_BASE_905,US500,LONG,2023-07-14 02:00:00,2,False,OFFLINE_MISSED,-2.89,LOSS,0.648,0.349
331,US500_BASE_954,US500,LONG,2023-09-23 04:00:00,4,False,OFFLINE_MISSED,-2.97,LOSS,0.562,0.222
332,XAUUSD_BASE_227,XAUUSD,SHORT,2020-11-12 18:00:00,18,True,ONLINE_CAPTURED,-3.04,LOSS,1.484,0.215
333,USDJPY_BASE_1169,USDJPY,SHORT,2024-07-26 17:00:00,17,True,ONLINE_CAPTURED,-3.05,LOSS,0.393,0.235
334,US500_BASE_1512,US500,SHORT,2025-11-25 19:00:00,19,True,ONLINE_CAPTURED,-3.29,LOSS,0.493,0.257
335,US500_BASE_522,US500,SHORT,2022-01-20 09:00:00,9,True,ONLINE_CAPTURED,-3.33,LOSS,0.712,0.423
336,US500_BASE_611,US500,LONG,2022-05-26 14:00:00,14,True,ONLINE_CAPTURED,-3.4,LOSS,0.716,0.319
337,USDJPY_BASE_1452,USDJPY,SHORT,2025-09-16 16:00:00,16,False,OFFLINE_MISSED,-3.5,LOSS,0.412,0.296
338,US500_BASE_1117,US500,LONG,2024-05-22 09:00:00,9,True,ONLINE_CAPTURED,-4.04,LOSS,0.511,0.268
339,XAUUSD_BASE_924,XAUUSD,LONG,2023-08-08 18:00:00,18,True,ONLINE_CAPTURED,-4.06,LOSS,1.219,0.154
340,GBPUSD_BASE_1180,GBPUSD,LONG,2024-08-09 13:00:00,13,True,ONLINE_CAPTURED,-4.1,LOSS,0.023,0.278
341,US500_BASE_1106,US500,LONG,2024-05-06 12:00:00,12,True,ONLINE_CAPTURED,-4.28,LOSS,0.502,0.272
342,XAUUSD_BASE_345,XAUUSD,LONG,2021-05-03 23:00:00,23,False,OFFLINE_MISSED,-4.29,LOSS,1.335,0.152
343,XAUUSD_BASE_1313,XAUUSD,LONG,2025-02-28 21:00:00,21,True,ONLINE_CAPTURED,-4.31,LOSS,0.857,0.214
344,USDJPY_BASE_1004,USDJPY,LONG,2023-12-19 23:00:00,23,False,OFFLINE_MISSED,-4.4,LOSS,0.275,0.369
345,US500_BASE_560,US500,SHORT,2022-03-17 15:00:00,15,True,ONLINE_CAPTURED,-4.48,LOSS,0.566,0.281
346,USDJPY_BASE_1014,USDJPY,LONG,2024-01-04 22:00:00,22,False,OFFLINE_MISSED,-4.62,LOSS,0.278,0.299
347,USDJPY_BASE_749,USDJPY,SHORT,2022-12-15 15:00:00,15,True,ONLINE_CAPTURED,-4.63,LOSS,0.251,0.217
348,USDJPY_BASE_136,USDJPY,SHORT,2020-07-06 22:00:00,22,False,OFFLINE_MISSED,-4.85,LOSS,0.28,0.277
349,XAUUSD_BASE_949,XAUUSD,SHORT,2023-09-13 22:00:00,22,False,OFFLINE_MISSED,-4.88,LOSS,1.104,0.16
350,US500_BASE_1259,US500,SHORT,2024-12-05 15:00:00,15,True,ONLINE_CAPTURED,-4.89,LOSS,0.377,0.185
351,US500_BASE_1184,US500,SHORT,2024-08-15 01:00:00,1,False,OFFLINE_MISSED,-4.96,LOSS,0.444,0.231
352,US500_BASE_679,US500,SHORT,2022-09-07 11:00:00,11,True,ONLINE_CAPTURED,-5.02,LOSS,0.527,0.276
353,XAUUSD_BASE_555,XAUUSD,LONG,2022-03-09 17:00:00,17,True,ONLINE_CAPTURED,-5.07,LOSS,1.133,0.198
354,USDJPY_BASE_1049,USDJPY,SHORT,2024-02-16 19:00:00,19,True,ONLINE_CAPTURED,-5.08,LOSS,0.273,0.291
355,US500_BASE_212,US500,LONG,2020-10-22 00:00:00,0,False,OFFLINE_MISSED,-5.16,LOSS,0.573,0.353
356,XAUUSD_BASE_1358,XAUUSD,SHORT,2025-05-12 23:00:00,23,False,OFFLINE_MISSED,-5.37,LOSS,0.716,0.297
357,US500_BASE_895,US500,LONG,2023-06-28 14:00:00,14,True,ONLINE_CAPTURED,-5.5,LOSS,0.481,0.311
358,USDJPY_BASE_1294,USDJPY,SHORT,2025-01-31 03:00:00,3,False,OFFLINE_MISSED,-5.52,LOSS,0.284,0.291
359,XAUUSD_BASE_151,XAUUSD,LONG,2020-07-30 20:00:00,20,True,ONLINE_CAPTURED,-5.59,LOSS,1.014,0.222
360,US500_BASE_775,US500,LONG,2023-01-16 20:00:00,20,True,ONLINE_CAPTURED,-5.62,LOSS,0.463,0.317
361,US500_BASE_278,US500,SHORT,2021-01-26 15:00:00,15,True,ONLINE_CAPTURED,-5.71,LOSS,0.58,0.418
362,USDJPY_BASE_123,USDJPY,LONG,2020-06-16 20:00:00,20,True,ONLINE_CAPTURED,-5.75,LOSS,0.246,0.307
363,XAUUSD_BASE_1203,XAUUSD,SHORT,2024-09-11 00:00:00,0,False,OFFLINE_MISSED,-5.93,LOSS,0.726,0.186
364,US500_BASE_989,US500,SHORT,2023-11-22 14:00:00,14,True,ONLINE_CAPTURED,-5.99,LOSS,0.406,0.27
365,US500_BASE_923,US500,LONG,2023-08-08 16:00:00,16,False,OFFLINE_MISSED,-6.15,LOSS,0.418,0.312
366,XAUUSD_BASE_1290,XAUUSD,LONG,2025-01-27 12:00:00,12,True,ONLINE_CAPTURED,-6.35,LOSS,0.657,0.175
367,USDJPY_BASE_1372,USDJPY,SHORT,2025-06-02 08:00:00,8,False,OFFLINE_MISSED,-6.42,LOSS,0.255,0.327
368,XAUUSD_BASE_1133,XAUUSD,SHORT,2024-06-05 19:00:00,19,True,ONLINE_CAPTURED,-6.61,LOSS,0.724,0.189
369,US500_BASE_891,US500,SHORT,2023-06-26 13:00:00,13,True,ONLINE_CAPTURED,-6.86,LOSS,0.385,0.265
370,USDJPY_BASE_503,USDJPY,SHORT,2021-12-21 19:00:00,19,True,ONLINE_CAPTURED,-6.88,LOSS,0.194,0.249
371,XAUUSD_BASE_1295,XAUUSD,LONG,2025-02-03 16:00:00,16,False,OFFLINE_MISSED,-7.24,LOSS,0.554,0.191
372,XAUUSD_BASE_896,XAUUSD,SHORT,2023-06-29 08:00:00,8,False,OFFLINE_MISSED,-7.26,LOSS,0.792,0.13
373,US500_BASE_330,US500,LONG,2021-04-07 23:00:00,23,False,OFFLINE_MISSED,-7.29,LOSS,0.409,0.387
374,XAUUSD_BASE_1037,XAUUSD,SHORT,2024-01-31 22:00:00,22,False,OFFLINE_MISSED,-7.48,LOSS,0.694,0.304
375,XAUUSD_BASE_505,XAUUSD,LONG,2021-12-24 20:00:00,20,True,ONLINE_CAPTURED,-7.53,LOSS,0.781,0.113
376,XAUUSD_BASE_1374,XAUUSD,SHORT,2025-06-06 18:00:00,18,True,ONLINE_CAPTURED,-7.54,LOSS,0.498,0.168
377,USDJPY_BASE_1440,USDJPY,SHORT,2025-09-01 19:00:00,19,True,ONLINE_CAPTURED,-7.55,LOSS,0.225,0.302
378,US500_BASE_258,US500,SHORT,2020-12-30 12:00:00,12,True,ONLINE_CAPTURED,-7.7,LOSS,0.391,0.331
379,US500_BASE_1300,US500,LONG,2025-02-12 03:00:00,3,False,OFFLINE_MISSED,-7.79,LOSS,0.228,0.196
380,US500_BASE_1288,US500,SHORT,2025-01-23 07:00:00,7,False,OFFLINE_MISSED,-7.8,LOSS,0.227,0.209
381,US500_BASE_63,US500,LONG,2020-03-16 07:00:00,7,False,OFFLINE_MISSED,-7.82,LOSS,0.426,0.352
382,USDJPY_BASE_1260,USDJPY,SHORT,2024-12-05 19:00:00,19,True,ONLINE_CAPTURED,-8.0,LOSS,0.181,0.297
383,XAUUSD_BASE_803,XAUUSD,SHORT,2023-02-23 23:00:00,23,False,OFFLINE_MISSED,-8.25,LOSS,0.671,0.215
384,XAUUSD_BASE_143,XAUUSD,LONG,2020-07-17 19:00:00,19,True,ONLINE_CAPTURED,-8.28,LOSS,0.64,0.211
385,XAUUSD_BASE_356,XAUUSD,LONG,2021-05-19 06:00:00,6,False,OFFLINE_MISSED,-8.38,LOSS,0.636,0.157
386,XAUUSD_BASE_568,XAUUSD,SHORT,2022-03-31 18:00:00,18,True,ONLINE_CAPTURED,-8.38,LOSS,0.627,0.232
387,XAUUSD_BASE_402,XAUUSD,SHORT,2021-07-28 17:00:00,17,True,ONLINE_CAPTURED,-8.51,LOSS,0.62,0.11
388,US500_BASE_797,US500,LONG,2023-02-16 12:00:00,12,True,ONLINE_CAPTURED,-8.58,LOSS,0.258,0.341
389,XAUUSD_BASE_206,XAUUSD,SHORT,2020-10-13 22:00:00,22,False,OFFLINE_MISSED,-8.64,LOSS,0.597,0.26
390,USDJPY_BASE_824,USDJPY,SHORT,2023-03-30 02:00:00,2,False,OFFLINE_MISSED,-8.68,LOSS,0.131,0.248
391,XAUUSD_BASE_387,XAUUSD,LONG,2021-07-07 10:00:00,10,True,ONLINE_CAPTURED,-8.75,LOSS,0.588,0.109
392,US500_BASE_411,US500,SHORT,2021-08-07 03:00:00,3,False,OFFLINE_MISSED,-8.78,LOSS,0.299,0.335
393,XAUUSD_BASE_934,XAUUSD,LONG,2023-08-21 07:00:00,7,False,OFFLINE_MISSED,-8.85,LOSS,0.521,0.154
394,US500_BASE_1003,US500,LONG,2023-12-18 18:00:00,18,True,ONLINE_CAPTURED,-8.85,LOSS,0.235,0.286
395,XAUUSD_BASE_1418,XAUUSD,LONG,2025-08-01 23:00:00,23,False,OFFLINE_MISSED,-8.89,LOSS,0.35,0.236
396,XAUUSD_BASE_374,XAUUSD,SHORT,2021-06-15 15:00:00,15,True,ONLINE_CAPTURED,-8.9,LOSS,0.566,0.112
397,USDJPY_BASE_1493,USDJPY,SHORT,2025-11-03 19:00:00,19,True,ONLINE_CAPTURED,-8.9,LOSS,0.19,0.327
398,XAUUSD_BASE_784,XAUUSD,LONG,2023-01-24 01:00:00,1,False,OFFLINE_MISSED,-8.91,LOSS,0.549,0.193
399,XAUUSD_BASE_494,XAUUSD,LONG,2021-12-13 08:00:00,8,False,OFFLINE_MISSED,-8.98,LOSS,0.559,0.122
400,XAUUSD_BASE_456,XAUUSD,LONG,2021-10-08 18:00:00,18,True,ONLINE_CAPTURED,-9.0,LOSS,0.564,0.124
401,XAUUSD_BASE_878,XAUUSD,SHORT,2023-06-07 21:00:00,21,True,ONLINE_CAPTURED,-9.0,LOSS,0.52,0.193
402,XAUUSD_BASE_724,XAUUSD,LONG,2022-11-09 23:00:00,23,False,OFFLINE_MISSED,-9.14,LOSS,0.56,0.261
403,XAUUSD_BASE_657,XAUUSD,SHORT,2022-08-03 16:00:00,16,False,OFFLINE_MISSED,-9.16,LOSS,0.544,0.212
404,US500_BASE_1186,US500,LONG,2024-08-20 15:00:00,15,True,ONLINE_CAPTURED,-9.18,LOSS,0.197,0.277
405,XAUUSD_BASE_471,XAUUSD,LONG,2021-10-28 19:00:00,19,True,ONLINE_CAPTURED,-9.19,LOSS,0.531,0.142
406,XAUUSD_BASE_1091,XAUUSD,LONG,2024-04-17 14:00:00,14,True,ONLINE_CAPTURED,-9.26,LOSS,0.396,0.212
407,XAUUSD_BASE_398,XAUUSD,LONG,2021-07-23 05:00:00,5,False,OFFLINE_MISSED,-9.27,LOSS,0.505,0.118
408,USDJPY_BASE_720,USDJPY,SHORT,2022-11-02 20:00:00,20,True,ONLINE_CAPTURED,-9.35,LOSS,0.098,0.237
409,XAUUSD_BASE_190,XAUUSD,SHORT,2020-09-15 21:00:00,21,True,ONLINE_CAPTURED,-9.44,LOSS,0.449,0.248
410,XAUUSD_BASE_622,XAUUSD,LONG,2022-06-16 19:00:00,19,True,ONLINE_CAPTURED,-9.45,LOSS,0.486,0.217
411,XAUUSD_BASE_651,XAUUSD,LONG,2022-07-27 16:00:00,16,False,OFFLINE_MISSED,-9.45,LOSS,0.501,0.204
412,XAUUSD_BASE_675,XAUUSD,SHORT,2022-08-29 23:00:00,23,False,OFFLINE_MISSED,-9.48,LOSS,0.49,0.217
413,USDJPY_BASE_65,USDJPY,SHORT,2020-03-19 11:00:00,11,True,ONLINE_CAPTURED,-9.58,LOSS,0.112,0.214
414,XAUUSD_BASE_1478,XAUUSD,SHORT,2025-10-17 10:00:00,10,True,ONLINE_CAPTURED,-9.79,LOSS,0.263,0.159
415,XAUUSD_BASE_363,XAUUSD,SHORT,2021-06-02 02:00:00,2,False,OFFLINE_MISSED,-9.8,LOSS,0.412,0.145
416,XAUUSD_BASE_714,XAUUSD,LONG,2022-10-20 15:00:00,15,True,ONLINE_CAPTURED,-9.8,LOSS,0.46,0.187
417,USDJPY_BASE_753,USDJPY,SHORT,2022-12-21 02:00:00,2,False,OFFLINE_MISSED,-9.8,LOSS,0.086,0.227
418,XAUUSD_BASE_796,XAUUSD,SHORT,2023-02-15 23:00:00,23,False,OFFLINE_MISSED,-9.84,LOSS,0.416,0.17
419,XAUUSD_BASE_1470,XAUUSD,LONG,2025-10-08 13:00:00,13,True,ONLINE_CAPTURED,-9.88,LOSS,0.255,0.182
420,XAUUSD_BASE_1103,XAUUSD,LONG,2024-05-01 07:00:00,7,False,OFFLINE_MISSED,-9.94,LOSS,0.313,0.197
421,USDJPY_BASE_377,USDJPY,SHORT,2021-06-23 19:00:00,19,True,ONLINE_CAPTURED,-10.03,LOSS,0.083,0.256
422,XAUUSD_BASE_730,XAUUSD,SHORT,2022-11-21 14:00:00,14,True,ONLINE_CAPTURED,-10.14,LOSS,0.393,0.216
423,XAUUSD_BASE_514,XAUUSD,SHORT,2022-01-11 19:00:00,19,True,ONLINE_CAPTURED,-10.33,LOSS,0.345,0.27
424,US500_BASE_1323,US500,LONG,2025-03-18 23:00:00,23,False,OFFLINE_MISSED,-10.33,LOSS,0.106,0.254
425,XAUUSD_BASE_607,XAUUSD,SHORT,2022-05-19 14:00:00,14,True,ONLINE_CAPTURED,-10.38,LOSS,0.329,0.173
426,US500_BASE_992,US500,LONG,2023-11-25 05:00:00,5,False,OFFLINE_MISSED,-10.43,LOSS,0.129,0.324
427,USDJPY_BASE_72,USDJPY,LONG,2020-03-31 11:00:00,11,True,ONLINE_CAPTURED,-10.48,LOSS,0.077,0.26
428,XAUUSD_BASE_204,XAUUSD,SHORT,2020-10-08 23:00:00,23,False,OFFLINE_MISSED,-10.48,LOSS,0.309,0.25
429,XAUUSD_BASE_956,XAUUSD,SHORT,2023-09-29 18:00:00,18,True,ONLINE_CAPTURED,-10.5,LOSS,0.301,0.14
430,XAUUSD_BASE_1298,XAUUSD,SHORT,2025-02-06 19:00:00,19,True,ONLINE_CAPTURED,-10.54,LOSS,0.206,0.184
431,XAUUSD_BASE_1265,XAUUSD,LONG,2024-12-13 12:00:00,12,True,ONLINE_CAPTURED,-10.67,LOSS,0.2,0.157
432,BTCUSD_BASE_1472,BTCUSD,SHORT,2025-10-10 18:00:00,18,True,ONLINE_CAPTURED,-10.68,LOSS,0.006,0.295
433,USDJPY_BASE_501,USDJPY,LONG,2021-12-20 14:00:00,14,True,ONLINE_CAPTURED,-10.7,LOSS,0.062,0.244
434,USDJPY_BASE_533,USDJPY,LONG,2022-02-03 17:00:00,17,True,ONLINE_CAPTURED,-10.7,LOSS,0.066,0.208
435,USDJPY_BASE_758,USDJPY,LONG,2022-12-26 14:00:00,14,True,ONLINE_CAPTURED,-10.7,LOSS,0.057,0.221
436,USDJPY_BASE_1099,USDJPY,LONG,2024-04-24 03:00:00,3,False,OFFLINE_MISSED,-10.7,LOSS,0.07,0.317
437,XAUUSD_BASE_421,XAUUSD,LONG,2021-08-23 15:00:00,15,True,ONLINE_CAPTURED,-10.72,LOSS,0.283,0.134
438,US500_BASE_962,US500,SHORT,2023-10-16 15:00:00,15,True,ONLINE_CAPTURED,-10.72,LOSS,0.114,0.29
439,XAUUSD_BASE_1208,XAUUSD,SHORT,2024-09-18 22:00:00,22,False,OFFLINE_MISSED,-10.74,LOSS,0.194,0.25
440,BTCUSD_BASE_1328,BTCUSD,SHORT,2025-03-28 05:00:00,5,False,OFFLINE_MISSED,-10.79,LOSS,0.005,0.277
441,US500_BASE_140,US500,SHORT,2020-07-13 08:00:00,8,False,OFFLINE_MISSED,-10.81,LOSS,0.139,0.372
442,US500_BASE_539,US500,SHORT,2022-02-12 02:00:00,2,False,OFFLINE_MISSED,-10.81,LOSS,0.13,0.403
443,USDJPY_BASE_101,USDJPY,SHORT,2020-05-18 20:00:00,20,True,ONLINE_CAPTURED,-10.92,LOSS,0.059,0.362
444,US500_BASE_648,US500,LONG,2022-07-21 18:00:00,18,True,ONLINE_CAPTURED,-10.93,LOSS,0.121,0.402
445,XAUUSD_BASE_1165,XAUUSD,SHORT,2024-07-24 09:00:00,9,True,ONLINE_CAPTURED,-11.05,LOSS,0.167,0.199
446,XAUUSD_BASE_1390,XAUUSD,LONG,2025-06-27 13:00:00,13,True,ONLINE_CAPTURED,-11.07,LOSS,0.143,0.174
447,US500_BASE_126,US500,LONG,2020-06-20 04:00:00,4,False,OFFLINE_MISSED,-11.11,LOSS,0.123,0.335
448,XAUUSD_BASE_221,XAUUSD,SHORT,2020-11-04 02:00:00,2,False,OFFLINE_MISSED,-11.12,LOSS,0.213,0.281
449,USDJPY_BASE_637,USDJPY,SHORT,2022-07-09 03:00:00,3,False,OFFLINE_MISSED,-11.15,LOSS,0.045,0.223
450,US500_BASE_276,US500,LONG,2021-01-21 22:00:00,22,False,OFFLINE_MISSED,-11.23,LOSS,0.106,0.505
451,US500_BASE_822,US500,LONG,2023-03-27 09:00:00,9,True,ONLINE_CAPTURED,-11.31,LOSS,0.079,0.301
452,USDJPY_BASE_658,USDJPY,SHORT,2022-08-09 02:00:00,2,False,OFFLINE_MISSED,-11.38,LOSS,0.04,0.254
453,XAUUSD_BASE_547,XAUUSD,LONG,2022-02-22 09:00:00,9,True,ONLINE_CAPTURED,-11.57,LOSS,0.142,0.248
454,XAUUSD_BASE_993,XAUUSD,LONG,2023-11-28 01:00:00,1,False,OFFLINE_MISSED,-11.61,LOSS,0.126,0.214
455,XAUUSD_BASE_1178,XAUUSD,SHORT,2024-08-07 05:00:00,5,False,OFFLINE_MISSED,-11.62,LOSS,0.103,0.208
456,XAUUSD_BASE_1098,XAUUSD,SHORT,2024-04-22 23:00:00,23,False,OFFLINE_MISSED,-11.64,LOSS,0.106,0.302
457,XAUUSD_BASE_20,XAUUSD,SHORT,2020-01-20 20:00:00,20,True,ONLINE_CAPTURED,-11.65,LOSS,0.158,0.259
458,USDJPY_BASE_1173,USDJPY,LONG,2024-08-01 19:00:00,19,True,ONLINE_CAPTURED,-11.82,LOSS,0.028,0.307
459,US500_BASE_75,US500,SHORT,2020-04-02 22:00:00,22,False,OFFLINE_MISSED,-11.83,LOSS,0.059,0.493
460,XAUUSD_BASE_767,XAUUSD,LONG,2023-01-05 22:00:00,22,False,OFFLINE_MISSED,-11.86,LOSS,0.1,0.19
461,XAUUSD_BASE_1280,XAUUSD,LONG,2025-01-06 20:00:00,20,True,ONLINE_CAPTURED,-11.86,LOSS,0.068,0.228
462,XAUUSD_BASE_304,XAUUSD,LONG,2021-03-04 13:00:00,13,True,ONLINE_CAPTURED,-11.87,LOSS,0.103,0.115
463,XAUUSD_BASE_169,XAUUSD,SHORT,2020-08-22 01:00:00,1,False,OFFLINE_MISSED,-11.88,LOSS,0.09,0.171
464,US500_BASE_848,US500,SHORT,2023-04-27 19:00:00,19,True,ONLINE_CAPTURED,-11.9,LOSS,0.041,0.267
465,US500_BASE_1386,US500,LONG,2025-06-23 18:00:00,18,True,ONLINE_CAPTURED,-11.98,LOSS,0.026,0.213
466,XAUUSD_BASE_444,XAUUSD,SHORT,2021-09-20 09:00:00,9,True,ONLINE_CAPTURED,-12.0,LOSS,0.081,0.096
467,XAUUSD_BASE_1025,XAUUSD,SHORT,2024-01-16 20:00:00,20,True,ONLINE_CAPTURED,-12.0,LOSS,0.069,0.224
468,XAUUSD_BASE_478,XAUUSD,SHORT,2021-11-16 03:00:00,3,False,OFFLINE_MISSED,-12.05,LOSS,0.073,0.157
469,US500_BASE_1018,US500,LONG,2024-01-09 15:00:00,15,True,ONLINE_CAPTURED,-12.1,LOSS,0.026,0.29
470,US500_BASE_1363,US500,SHORT,2025-05-23 14:00:00,14,True,ONLINE_CAPTURED,-12.14,LOSS,0.018,0.222
471,XAUUSD_BASE_45,XAUUSD,LONG,2020-02-19 15:00:00,15,True,ONLINE_CAPTURED,-12.15,LOSS,0.068,0.285
472,XAUUSD_BASE_261,XAUUSD,SHORT,2021-01-05 19:00:00,19,True,ONLINE_CAPTURED,-12.25,LOSS,0.037,0.121
473,XAUUSD_BASE_1497,XAUUSD,SHORT,2025-11-07 03:00:00,3,False,OFFLINE_MISSED,-12.3,LOSS,0.019,0.222
474,XAUUSD_BASE_1489,XAUUSD,SHORT,2025-10-30 21:00:00,21,True,ONLINE_CAPTURED,-12.38,LOSS,0.012,0.201
475,XAUUSD_BASE_1138,XAUUSD,SHORT,2024-06-14 12:00:00,12,True,ONLINE_CAPTURED,-12.47,LOSS,0.004,0.238
476,XAUUSD_BASE_715,XAUUSD,SHORT,2022-10-25 14:00:00,14,True,ONLINE_CAPTURED,-12.48,LOSS,0.004,0.191
477,XAUUSD_BASE_1286,XAUUSD,SHORT,2025-01-21 21:00:00,21,True,ONLINE_CAPTURED,-12.49,LOSS,0.001,0.206
478,XAUUSD_BASE_2,XAUUSD,SHORT,2020-01-02 21:00:00,21,True,ONLINE_CAPTURED,-12.5,LOSS,0.001,0.309
479,XAUUSD_BASE_492,XAUUSD,SHORT,2021-12-08 21:00:00,21,True,ONLINE_CAPTURED,-12.5,LOSS,0.001,0.126
480,XAUUSD_BASE_718,XAUUSD,LONG,2022-10-28 13:00:00,13,True,ONLINE_CAPTURED,-12.6,LOSS,0.017,0.162
481,USDJPY_BASE_1476,USDJPY,LONG,2025-10-15 10:00:00,10,True,ONLINE_CAPTURED,-12.73,LOSS,0.011,0.325
482,XAUUSD_BASE_1016,XAUUSD,LONG,2024-01-05 20:00:00,20,True,ONLINE_CAPTURED,-12.75,LOSS,0.035,0.261
483,XAUUSD_BASE_864,XAUUSD,SHORT,2023-05-18 23:00:00,23,False,OFFLINE_MISSED,-12.8,LOSS,0.044,0.17
484,XAUUSD_BASE_103,XAUUSD,LONG,2020-05-21 11:00:00,11,True,ONLINE_CAPTURED,-12.82,LOSS,0.055,0.202
485,XAUUSD_BASE_336,XAUUSD,SHORT,2021-04-21 15:00:00,15,True,ONLINE_CAPTURED,-12.85,LOSS,0.057,0.105
486,XAUUSD_BASE_311,XAUUSD,SHORT,2021-03-13 02:00:00,2,False,OFFLINE_MISSED,-12.87,LOSS,0.06,0.11
487,XAUUSD_BASE_668,XAUUSD,LONG,2022-08-17 22:00:00,22,False,OFFLINE_MISSED,-12.89,LOSS,0.063,0.265
488,XAUUSD_BASE_677,XAUUSD,LONG,2022-09-01 17:00:00,17,True,ONLINE_CAPTURED,-12.94,LOSS,0.072,0.182
489,USDJPY_BASE_396,USDJPY,SHORT,2021-07-21 19:00:00,19,True,ONLINE_CAPTURED,-12.95,LOSS,0.016,0.283
490,USDJPY_BASE_854,USDJPY,LONG,2023-05-08 12:00:00,12,True,ONLINE_CAPTURED,-12.95,LOSS,0.017,0.25
491,USDJPY_BASE_1119,USDJPY,SHORT,2024-05-23 23:00:00,23,False,OFFLINE_MISSED,-12.95,LOSS,0.019,0.329
492,XAUUSD_BASE_968,XAUUSD,SHORT,2023-10-25 20:00:00,20,True,ONLINE_CAPTURED,-13.05,LOSS,0.08,0.169
493,XAUUSD_BASE_762,XAUUSD,SHORT,2022-12-29 23:00:00,23,False,OFFLINE_MISSED,-13.14,LOSS,0.102,0.226
494,GBPUSD_BASE_163,GBPUSD,LONG,2020-08-14 15:00:00,15,True,ONLINE_CAPTURED,-13.2,LOSS,0.002,0.216
495,XAUUSD_BASE_252,XAUUSD,LONG,2020-12-19 02:00:00,2,False,OFFLINE_MISSED,-13.26,LOSS,0.117,0.279
496,US500_BASE_716,US500,SHORT,2022-10-26 17:00:00,17,True,ONLINE_CAPTURED,-13.28,LOSS,0.05,0.259
497,XAUUSD_BASE_1453,XAUUSD,LONG,2025-09-17 12:00:00,12,True,ONLINE_CAPTURED,-13.29,LOSS,0.078,0.175
498,US500_BASE_557,US500,LONG,2022-03-14 19:00:00,19,True,ONLINE_CAPTURED,-13.31,LOSS,0.056,0.308
499,XAUUSD_BASE_1515,XAUUSD,SHORT,2025-11-28 16:00:00,16,False,OFFLINE_MISSED,-13.34,LOSS,0.084,0.121
500,XAUUSD_BASE_129,XAUUSD,SHORT,2020-06-25 12:00:00,12,True,ONLINE_CAPTURED,-13.35,LOSS,0.135,0.192
501,XAUUSD_BASE_358,XAUUSD,LONG,2021-05-26 22:00:00,22,False,OFFLINE_MISSED,-13.35,LOSS,0.131,0.157
502,XAUUSD_BASE_302,XAUUSD,SHORT,2021-03-02 00:00:00,0,False,OFFLINE_MISSED,-13.36,LOSS,0.141,0.129
503,US500_BASE_1153,US500,LONG,2024-07-05 09:00:00,9,True,ONLINE_CAPTURED,-13.38,LOSS,0.053,0.251
504,USDJPY_BASE_1115,USDJPY,LONG,2024-05-21 05:00:00,5,False,OFFLINE_MISSED,-13.4,LOSS,0.038,0.299
505,XAUUSD_BASE_339,XAUUSD,LONG,2021-04-23 13:00:00,13,True,ONLINE_CAPTURED,-13.41,LOSS,0.147,0.102
506,XAUUSD_BASE_851,XAUUSD,SHORT,2023-05-03 15:00:00,15,True,ONLINE_CAPTURED,-13.46,LOSS,0.139,0.197
507,XAUUSD_BASE_90,XAUUSD,LONG,2020-04-29 22:00:00,22,False,OFFLINE_MISSED,-13.47,LOSS,0.169,0.263
508,XAUUSD_BASE_309,XAUUSD,SHORT,2021-03-10 23:00:00,23,False,OFFLINE_MISSED,-13.47,LOSS,0.159,0.146
509,XAUUSD_BASE_378,XAUUSD,SHORT,2021-06-24 22:00:00,22,False,OFFLINE_MISSED,-13.48,LOSS,0.156,0.107
510,XAUUSD_BASE_689,XAUUSD,LONG,2022-09-19 17:00:00,17,True,ONLINE_CAPTURED,-13.48,LOSS,0.163,0.22
511,XAUUSD_BASE_283,XAUUSD,LONG,2021-02-01 08:00:00,8,False,OFFLINE_MISSED,-13.49,LOSS,0.15,0.091
512,XAUUSD_BASE_975,XAUUSD,SHORT,2023-11-06 19:00:00,19,True,ONLINE_CAPTURED,-13.54,LOSS,0.154,0.174
513,XAUUSD_BASE_1309,XAUUSD,LONG,2025-02-24 21:00:00,21,True,ONLINE_CAPTURED,-13.55,LOSS,0.112,0.206
514,XAUUSD_BASE_323,XAUUSD,LONG,2021-03-30 18:00:00,18,True,ONLINE_CAPTURED,-13.6,LOSS,0.178,0.106
515,US500_BASE_1344,US500,SHORT,2025-04-22 03:00:00,3,False,OFFLINE_MISSED,-13.61,LOSS,0.054,0.255
516,XAUUSD_BASE_1074,XAUUSD,LONG,2024-03-20 07:00:00,7,False,OFFLINE_MISSED,-13.62,LOSS,0.144,0.253
517,USDJPY_BASE_360,USDJPY,LONG,2021-05-28 09:00:00,9,True,ONLINE_CAPTURED,-13.63,LOSS,0.038,0.233
518,XAUUSD_BASE_168,XAUUSD,LONG,2020-08-20 01:00:00,1,False,OFFLINE_MISSED,-13.64,LOSS,0.166,0.293
519,XAUUSD_BASE_1354,XAUUSD,LONG,2025-05-06 16:00:00,16,False,OFFLINE_MISSED,-13.68,LOSS,0.117,0.172
520,XAUUSD_BASE_458,XAUUSD,SHORT,2021-10-13 20:00:00,20,True,ONLINE_CAPTURED,-13.7,LOSS,0.192,0.114
521,XAUUSD_BASE_888,XAUUSD,SHORT,2023-06-23 05:00:00,5,False,OFFLINE_MISSED,-13.7,LOSS,0.18,0.182
522,US500_BASE_1152,US500,LONG,2024-07-02 22:00:00,22,False,OFFLINE_MISSED,-13.7,LOSS,0.072,0.319
523,XAUUSD_BASE_104,XAUUSD,LONG,2020-05-25 15:00:00,15,True,ONLINE_CAPTURED,-13.71,LOSS,0.205,0.173
524,XAUUSD_BASE_361,XAUUSD,LONG,2021-05-28 22:00:00,22,False,OFFLINE_MISSED,-13.71,LOSS,0.185,0.166
525,XAUUSD_BASE_447,XAUUSD,SHORT,2021-09-24 11:00:00,11,True,ONLINE_CAPTURED,-13.71,LOSS,0.197,0.09
526,XAUUSD_BASE_348,XAUUSD,SHORT,2021-05-08 04:00:00,4,False,OFFLINE_MISSED,-13.72,LOSS,0.196,0.119
527,XAUUSD_BASE_959,XAUUSD,LONG,2023-10-09 10:00:00,10,True,ONLINE_CAPTURED,-13.79,LOSS,0.193,0.134
528,XAUUSD_BASE_1401,XAUUSD,SHORT,2025-07-07 15:00:00,15,True,ONLINE_CAPTURED,-13.81,LOSS,0.132,0.185
529,XAUUSD_BASE_318,XAUUSD,LONG,2021-03-19 16:00:00,16,False,OFFLINE_MISSED,-13.84,LOSS,0.221,0.102
530,XAUUSD_BASE_415,XAUUSD,SHORT,2021-08-13 17:00:00,17,True,ONLINE_CAPTURED,-13.88,LOSS,0.217,0.095
531,US500_BASE_1396,US500,LONG,2025-07-02 16:00:00,16,False,OFFLINE_MISSED,-13.9,LOSS,0.071,0.249
532,XAUUSD_BASE_485,XAUUSD,LONG,2021-11-29 10:00:00,10,True,ONLINE_CAPTURED,-13.93,LOSS,0.231,0.12
533,XAUUSD_BASE_238,XAUUSD,LONG,2020-11-26 18:00:00,18,True,ONLINE_CAPTURED,-13.94,LOSS,0.234,0.236
534,XAUUSD_BASE_866,XAUUSD,LONG,2023-05-23 10:00:00,10,True,ONLINE_CAPTURED,-13.98,LOSS,0.216,0.128
535,XAUUSD_BASE_88,XAUUSD,SHORT,2020-04-27 16:00:00,16,False,OFFLINE_MISSED,-13.99,LOSS,0.262,0.199
536,XAUUSD_BASE_779,XAUUSD,SHORT,2023-01-19 19:00:00,19,True,ONLINE_CAPTURED,-14.01,LOSS,0.232,0.185
537,XAUUSD_BASE_197,XAUUSD,LONG,2020-09-30 01:00:00,1,False,OFFLINE_MISSED,-14.03,LOSS,0.231,0.196
538,XAUUSD_BASE_341,XAUUSD,SHORT,2021-04-26 18:00:00,18,True,ONLINE_CAPTURED,-14.06,LOSS,0.253,0.076
539,USDJPY_BASE_239,USDJPY,LONG,2020-11-26 20:00:00,20,True,ONLINE_CAPTURED,-14.07,LOSS,0.051,0.268
540,XAUUSD_BASE_386,XAUUSD,SHORT,2021-07-05 22:00:00,22,False,OFFLINE_MISSED,-14.09,LOSS,0.25,0.137
541,XAUUSD_BASE_904,XAUUSD,SHORT,2023-07-13 16:00:00,16,False,OFFLINE_MISSED,-14.09,LOSS,0.238,0.178
542,XAUUSD_BASE_397,XAUUSD,SHORT,2021-07-22 10:00:00,10,True,ONLINE_CAPTURED,-14.12,LOSS,0.254,0.136
543,XAUUSD_BASE_629,XAUUSD,LONG,2022-07-01 19:00:00,19,True,ONLINE_CAPTURED,-14.16,LOSS,0.27,0.196
544,XAUUSD_BASE_616,XAUUSD,SHORT,2022-06-03 02:00:00,2,False,OFFLINE_MISSED,-14.19,LOSS,0.266,0.197
545,XAUUSD_BASE_582,XAUUSD,LONG,2022-04-19 21:00:00,21,True,ONLINE_CAPTURED,-14.2,LOSS,0.252,0.191
546,XAUUSD_BASE_1052,XAUUSD,LONG,2024-02-20 13:00:00,13,True,ONLINE_CAPTURED,-14.21,LOSS,0.234,0.19
547,XAUUSD_BASE_428,XAUUSD,SHORT,2021-08-31 11:00:00,11,True,ONLINE_CAPTURED,-14.22,LOSS,0.273,0.103
548,XAUUSD_BASE_426,XAUUSD,LONG,2021-08-30 14:00:00,14,True,ONLINE_CAPTURED,-14.24,LOSS,0.275,0.082
549,XAUUSD_BASE_947,XAUUSD,SHORT,2023-09-11 05:00:00,5,False,OFFLINE_MISSED,-14.26,LOSS,0.255,0.142
550,XAUUSD_BASE_874,XAUUSD,SHORT,2023-05-30 19:00:00,19,True,ONLINE_CAPTURED,-14.27,LOSS,0.262,0.156
551,XAUUSD_BASE_52,XAUUSD,LONG,2020-03-02 09:00:00,9,True,ONLINE_CAPTURED,-14.28,LOSS,0.331,0.281
552,XAUUSD_BASE_654,XAUUSD,SHORT,2022-08-01 17:00:00,17,True,ONLINE_CAPTURED,-14.3,LOSS,0.293,0.187
553,USDJPY_BASE_1023,USDJPY,SHORT,2024-01-13 00:00:00,0,False,OFFLINE_MISSED,-14.3,LOSS,0.066,0.28
554,USDJPY_BASE_1113,USDJPY,SHORT,2024-05-16 20:00:00,20,True,ONLINE_CAPTURED,-14.3,LOSS,0.076,0.324
555,XAUUSD_BASE_429,XAUUSD,LONG,2021-08-31 23:00:00,23,False,OFFLINE_MISSED,-14.31,LOSS,0.286,0.142
556,XAUUSD_BASE_605,XAUUSD,LONG,2022-05-18 12:00:00,12,True,ONLINE_CAPTURED,-14.31,LOSS,0.28,0.16
557,XAUUSD_BASE_650,XAUUSD,SHORT,2022-07-26 23:00:00,23,False,OFFLINE_MISSED,-14.32,LOSS,0.3,0.207
558,XAUUSD_BASE_327,XAUUSD,SHORT,2021-04-05 12:00:00,12,True,ONLINE_CAPTURED,-14.33,LOSS,0.299,0.139
559,XAUUSD_BASE_645,XAUUSD,SHORT,2022-07-16 02:00:00,2,False,OFFLINE_MISSED,-14.33,LOSS,0.299,0.275
560,XAUUSD_BASE_741,XAUUSD,SHORT,2022-12-07 16:00:00,16,False,OFFLINE_MISSED,-14.34,LOSS,0.303,0.182
561,XAUUSD_BASE_1319,XAUUSD,SHORT,2025-03-14 17:00:00,17,True,ONLINE_CAPTURED,-14.35,LOSS,0.194,0.225
562,XAUUSD_BASE_306,XAUUSD,SHORT,2021-03-09 13:00:00,13,True,ONLINE_CAPTURED,-14.37,LOSS,0.306,0.092
563,XAUUSD_BASE_814,XAUUSD,LONG,2023-03-16 14:00:00,14,True,ONLINE_CAPTURED,-14.37,LOSS,0.285,0.144
564,XAUUSD_BASE_807,XAUUSD,SHORT,2023-03-06 23:00:00,23,False,OFFLINE_MISSED,-14.39,LOSS,0.291,0.176
565,XAUUSD_BASE_619,XAUUSD,LONG,2022-06-08 11:00:00,11,True,ONLINE_CAPTURED,-14.42,LOSS,0.3,0.195
566,XAUUSD_BASE_325,XAUUSD,LONG,2021-04-02 13:00:00,13,True,ONLINE_CAPTURED,-14.43,LOSS,0.313,0.094
567,XAUUSD_BASE_549,XAUUSD,SHORT,2022-02-25 15:00:00,15,True,ONLINE_CAPTURED,-14.47,LOSS,0.301,0.182
568,XAUUSD_BASE_562,XAUUSD,SHORT,2022-03-23 13:00:00,13,True,ONLINE_CAPTURED,-14.48,LOSS,0.298,0.176
569,XAUUSD_BASE_687,XAUUSD,SHORT,2022-09-16 03:00:00,3,False,OFFLINE_MISSED,-14.51,LOSS,0.336,0.204
570,XAUUSD_BASE_1367,XAUUSD,LONG,2025-05-28 22:00:00,22,False,OFFLINE_MISSED,-14.52,LOSS,0.202,0.221
571,USDJPY_BASE_249,USDJPY,SHORT,2020-12-12 04:00:00,4,False,OFFLINE_MISSED,-14.53,LOSS,0.064,0.295
572,US500_BASE_698,US500,SHORT,2022-09-29 15:00:00,15,True,ONLINE_CAPTURED,-14.53,LOSS,0.134,0.263
573,XAUUSD_BASE_353,XAUUSD,LONG,2021-05-15 00:00:00,0,False,OFFLINE_MISSED,-14.56,LOSS,0.317,0.181
574,XAUUSD_BASE_867,XAUUSD,SHORT,2023-05-23 19:00:00,19,True,ONLINE_CAPTURED,-14.59,LOSS,0.306,0.148
575,XAUUSD_BASE_29,XAUUSD,LONG,2020-01-30 21:00:00,21,True,ONLINE_CAPTURED,-14.6,LOSS,0.389,0.205
576,XAUUSD_BASE_1506,XAUUSD,LONG,2025-11-15 04:00:00,4,False,OFFLINE_MISSED,-14.6,LOSS,0.206,0.182
577,XAUUSD_BASE_332,XAUUSD,SHORT,2021-04-14 15:00:00,15,True,ONLINE_CAPTURED,-14.62,LOSS,0.344,0.103
578,XAUUSD_BASE_61,XAUUSD,LONG,2020-03-12 11:00:00,11,True,ONLINE_CAPTURED,-14.64,LOSS,0.387,0.165
579,XAUUSD_BASE_97,XAUUSD,LONG,2020-05-13 07:00:00,7,False,OFFLINE_MISSED,-14.65,LOSS,0.355,0.185
580,XAUUSD_BASE_508,XAUUSD,SHORT,2022-01-03 10:00:00,10,True,ONLINE_CAPTURED,-14.65,LOSS,0.335,0.1
581,XAUUSD_BASE_201,XAUUSD,LONG,2020-10-02 18:00:00,18,True,ONLINE_CAPTURED,-14.66,LOSS,0.326,0.198
582,XAUUSD_BASE_1019,XAUUSD,LONG,2024-01-10 09:00:00,9,True,ONLINE_CAPTURED,-14.69,LOSS,0.3,0.225
583,XAUUSD_BASE_1264,XAUUSD,SHORT,2024-12-11 10:00:00,10,True,ONLINE_CAPTURED,-14.69,LOSS,0.239,0.206
584,XAUUSD_BASE_1109,XAUUSD,LONG,2024-05-10 16:00:00,16,False,OFFLINE_MISSED,-14.71,LOSS,0.27,0.223
585,XAUUSD_BASE_125,XAUUSD,LONG,2020-06-19 13:00:00,13,True,ONLINE_CAPTURED,-14.72,LOSS,0.354,0.235
586,XAUUSD_BASE_1054,XAUUSD,SHORT,2024-02-22 01:00:00,1,False,OFFLINE_MISSED,-14.72,LOSS,0.304,0.262
587,XAUUSD_BASE_951,XAUUSD,LONG,2023-09-18 17:00:00,17,True,ONLINE_CAPTURED,-14.73,LOSS,0.327,0.139
588,XAUUSD_BASE_1100,XAUUSD,LONG,2024-04-26 20:00:00,20,True,ONLINE_CAPTURED,-14.73,LOSS,0.273,0.193
589,USDJPY_BASE_326,USDJPY,LONG,2021-04-02 21:00:00,21,True,ONLINE_CAPTURED,-14.75,LOSS,0.069,0.228
590,USDJPY_BASE_596,USDJPY,LONG,2022-05-03 20:00:00,20,True,ONLINE_CAPTURED,-14.75,LOSS,0.082,0.264
591,USDJPY_BASE_770,USDJPY,LONG,2023-01-10 16:00:00,16,False,OFFLINE_MISSED,-14.75,LOSS,0.073,0.245
592,XAUUSD_BASE_996,XAUUSD,LONG,2023-12-04 16:00:00,16,False,OFFLINE_MISSED,-14.75,LOSS,0.315,0.157
593,XAUUSD_BASE_464,XAUUSD,SHORT,2021-10-19 13:00:00,13,True,ONLINE_CAPTURED,-14.76,LOSS,0.364,0.109
594,XAUUSD_BASE_236,XAUUSD,LONG,2020-11-24 19:00:00,19,True,ONLINE_CAPTURED,-14.77,LOSS,0.37,0.194
595,XAUUSD_BASE_450,XAUUSD,LONG,2021-09-27 16:00:00,16,False,OFFLINE_MISSED,-14.78,LOSS,0.367,0.11
596,XAUUSD_BASE_469,XAUUSD,LONG,2021-10-25 20:00:00,20,True,ONLINE_CAPTURED,-14.8,LOSS,0.369,0.151
597,XAUUSD_BASE_646,XAUUSD,LONG,2022-07-19 03:00:00,3,False,OFFLINE_MISSED,-14.8,LOSS,0.375,0.207
598,US500_BASE_1517,US500,SHORT,2025-12-01 11:00:00,11,True,ONLINE_CAPTURED,-14.83,LOSS,0.126,0.22
599,XAUUSD_BASE_23,XAUUSD,LONG,2020-01-24 01:00:00,1,False,OFFLINE_MISSED,-14.85,LOSS,0.437,0.414
600,XAUUSD_BASE_162,XAUUSD,LONG,2020-08-14 01:00:00,1,False,OFFLINE_MISSED,-14.85,LOSS,0.346,0.206
601,XAUUSD_BASE_1181,XAUUSD,LONG,2024-08-09 22:00:00,22,False,OFFLINE_MISSED,-14.85,LOSS,0.273,0.184
602,XAUUSD_BASE_161,XAUUSD,SHORT,2020-08-13 17:00:00,17,True,ONLINE_CAPTURED,-14.86,LOSS,0.348,0.184
603,XAUUSD_BASE_164,XAUUSD,SHORT,2020-08-14 20:00:00,20,True,ONLINE_CAPTURED,-14.86,LOSS,0.347,0.208
604,XAUUSD_BASE_535,XAUUSD,SHORT,2022-02-07 10:00:00,10,True,ONLINE_CAPTURED,-14.87,LOSS,0.371,0.177
605,XAUUSD_BASE_799,XAUUSD,LONG,2023-02-20 23:00:00,23,False,OFFLINE_MISSED,-14.87,LOSS,0.372,0.2
606,XAUUSD_BASE_723,XAUUSD,SHORT,2022-11-08 22:00:00,22,False,OFFLINE_MISSED,-14.89,LOSS,0.4,0.219
607,US500_BASE_1333,US500,SHORT,2025-04-05 00:00:00,0,False,OFFLINE_MISSED,-14.89,LOSS,0.118,0.284
608,XAUUSD_BASE_971,XAUUSD,LONG,2023-10-30 06:00:00,6,False,OFFLINE_MISSED,-14.95,LOSS,0.36,0.188
609,XAUUSD_BASE_166,XAUUSD,LONG,2020-08-18 06:00:00,6,False,OFFLINE_MISSED,-15.0,LOSS,0.367,0.167
610,XAUUSD_BASE_177,XAUUSD,SHORT,2020-09-03 00:00:00,0,False,OFFLINE_MISSED,-15.0,LOSS,0.367,0.177
611,XAUUSD_BASE_195,XAUUSD,SHORT,2020-09-25 23:00:00,23,False,OFFLINE_MISSED,-15.0,LOSS,0.378,0.253
612,XAUUSD_BASE_1168,XAUUSD,LONG,2024-07-26 11:00:00,11,True,ONLINE_CAPTURED,-15.0,LOSS,0.288,0.235
613,XAUUSD_BASE_1329,XAUUSD,SHORT,2025-03-28 21:00:00,21,True,ONLINE_CAPTURED,-15.0,LOSS,0.262,0.182
614,XAUUSD_BASE_78,XAUUSD,LONG,2020-04-09 07:00:00,7,False,OFFLINE_MISSED,-15.01,LOSS,0.447,0.254
615,XAUUSD_BASE_279,XAUUSD,SHORT,2021-01-28 19:00:00,19,True,ONLINE_CAPTURED,-15.01,LOSS,0.381,0.139
616,XAUUSD_BASE_367,XAUUSD,SHORT,2021-06-07 20:00:00,20,True,ONLINE_CAPTURED,-15.01,LOSS,0.388,0.116
617,XAUUSD_BASE_167,XAUUSD,SHORT,2020-08-18 21:00:00,21,True,ONLINE_CAPTURED,-15.02,LOSS,0.371,0.226
618,US500_BASE_1036,US500,LONG,2024-01-30 08:00:00,8,False,OFFLINE_MISSED,-15.04,LOSS,0.157,0.31
619,XAUUSD_BASE_8,XAUUSD,LONG,2020-01-13 21:00:00,21,True,ONLINE_CAPTURED,-15.11,LOSS,0.48,0.191
620,XAUUSD_BASE_520,XAUUSD,SHORT,2022-01-18 14:00:00,14,True,ONLINE_CAPTURED,-15.11,LOSS,0.421,0.226
621,US500_BASE_240,US500,SHORT,2020-11-27 17:00:00,17,True,ONLINE_CAPTURED,-15.13,LOSS,0.215,0.327
622,XAUUSD_BASE_149,XAUUSD,SHORT,2020-07-28 13:00:00,13,True,ONLINE_CAPTURED,-15.14,LOSS,0.389,0.202
623,US500_BASE_728,US500,SHORT,2022-11-17 18:00:00,18,True,ONLINE_CAPTURED,-15.15,LOSS,0.173,0.312
624,US500_BASE_1402,US500,SHORT,2025-07-08 21:00:00,21,True,ONLINE_CAPTURED,-15.15,LOSS,0.136,0.279
625,XAUUSD_BASE_660,XAUUSD,LONG,2022-08-10 10:00:00,10,True,ONLINE_CAPTURED,-15.16,LOSS,0.431,0.208
626,XAUUSD_BASE_702,XAUUSD,LONG,2022-09-30 22:00:00,22,False,OFFLINE_MISSED,-15.16,LOSS,0.436,0.216
627,XAUUSD_BASE_661,XAUUSD,SHORT,2022-08-10 22:00:00,22,False,OFFLINE_MISSED,-15.18,LOSS,0.435,0.251
628,XAUUSD_BASE_112,XAUUSD,LONG,2020-06-04 14:00:00,14,True,ONLINE_CAPTURED,-15.19,LOSS,0.429,0.173
629,XAUUSD_BASE_159,XAUUSD,LONG,2020-08-12 22:00:00,22,False,OFFLINE_MISSED,-15.19,LOSS,0.395,0.221
630,XAUUSD_BASE_185,XAUUSD,LONG,2020-09-11 00:00:00,0,False,OFFLINE_MISSED,-15.2,LOSS,0.393,0.202
631,USDJPY_BASE_1156,USDJPY,LONG,2024-07-10 14:00:00,14,True,ONLINE_CAPTURED,-15.2,LOSS,0.109,0.252
632,XAUUSD_BASE_663,XAUUSD,LONG,2022-08-12 07:00:00,7,False,OFFLINE_MISSED,-15.22,LOSS,0.44,0.278
633,XAUUSD_BASE_858,XAUUSD,SHORT,2023-05-11 14:00:00,14,True,ONLINE_CAPTURED,-15.22,LOSS,0.396,0.168
634,XAUUSD_BASE_915,XAUUSD,LONG,2023-07-29 04:00:00,4,False,OFFLINE_MISSED,-15.22,LOSS,0.398,0.197
635,US500_BASE_359,US500,LONG,2021-05-27 15:00:00,15,True,ONLINE_CAPTURED,-15.24,LOSS,0.221,0.346
636,XAUUSD_BASE_892,XAUUSD,LONG,2023-06-26 18:00:00,18,True,ONLINE_CAPTURED,-15.24,LOSS,0.41,0.123
637,XAUUSD_BASE_734,XAUUSD,LONG,2022-11-28 19:00:00,19,True,ONLINE_CAPTURED,-15.31,LOSS,0.471,0.173
638,XAUUSD_BASE_755,XAUUSD,LONG,2022-12-22 11:00:00,11,True,ONLINE_CAPTURED,-15.31,LOSS,0.446,0.185
639,XAUUSD_BASE_811,XAUUSD,SHORT,2023-03-14 14:00:00,14,True,ONLINE_CAPTURED,-15.34,LOSS,0.436,0.222
640,XAUUSD_BASE_815,XAUUSD,SHORT,2023-03-17 07:00:00,7,False,OFFLINE_MISSED,-15.35,LOSS,0.437,0.19
641,XAUUSD_BASE_910,XAUUSD,SHORT,2023-07-21 14:00:00,14,True,ONLINE_CAPTURED,-15.37,LOSS,0.433,0.13
642,XAUUSD_BASE_13,XAUUSD,SHORT,2020-01-15 18:00:00,18,True,ONLINE_CAPTURED,-15.38,LOSS,0.537,0.258
643,XAUUSD_BASE_1147,XAUUSD,SHORT,2024-06-27 13:00:00,13,True,ONLINE_CAPTURED,-15.39,LOSS,0.359,0.222
644,XAUUSD_BASE_4,XAUUSD,LONG,2020-01-07 21:00:00,21,True,ONLINE_CAPTURED,-15.4,LOSS,0.544,0.231
645,XAUUSD_BASE_193,XAUUSD,LONG,2020-09-22 01:00:00,1,False,OFFLINE_MISSED,-15.4,LOSS,0.429,0.196
646,XAUUSD_BASE_591,XAUUSD,LONG,2022-04-28 11:00:00,11,True,ONLINE_CAPTURED,-15.4,LOSS,0.427,0.152
647,XAUUSD_BASE_961,XAUUSD,SHORT,2023-10-13 13:00:00,13,True,ONLINE_CAPTURED,-15.4,LOSS,0.439,0.132
648,XAUUSD_BASE_231,XAUUSD,LONG,2020-11-18 21:00:00,21,True,ONLINE_CAPTURED,-15.41,LOSS,0.464,0.258
649,XAUUSD_BASE_752,XAUUSD,SHORT,2022-12-19 09:00:00,9,True,ONLINE_CAPTURED,-15.41,LOSS,0.468,0.208
650,XAUUSD_BASE_174,XAUUSD,LONG,2020-09-01 03:00:00,3,False,OFFLINE_MISSED,-15.42,LOSS,0.424,0.225
651,XAUUSD_BASE_810,XAUUSD,LONG,2023-03-10 22:00:00,22,False,OFFLINE_MISSED,-15.42,LOSS,0.444,0.215
652,XAUUSD_BASE_940,XAUUSD,LONG,2023-08-30 20:00:00,20,True,ONLINE_CAPTURED,-15.43,LOSS,0.42,0.189
653,USDJPY_BASE_1191,USDJPY,SHORT,2024-08-29 12:00:00,12,True,ONLINE_CAPTURED,-15.43,LOSS,0.118,0.321
654,XAUUSD_BASE_510,XAUUSD,LONG,2022-01-04 23:00:00,23,False,OFFLINE_MISSED,-15.44,LOSS,0.454,0.224
655,XAUUSD_BASE_1107,XAUUSD,LONG,2024-05-09 11:00:00,11,True,ONLINE_CAPTURED,-15.45,LOSS,0.362,0.168
656,XAUUSD_BASE_172,XAUUSD,SHORT,2020-08-28 13:00:00,13,True,ONLINE_CAPTURED,-15.48,LOSS,0.435,0.194
657,US500_BASE_194,US500,SHORT,2020-09-22 23:00:00,23,False,OFFLINE_MISSED,-15.49,LOSS,0.26,0.451
658,XAUUSD_BASE_545,XAUUSD,SHORT,2022-02-17 13:00:00,13,True,ONLINE_CAPTURED,-15.49,LOSS,0.454,0.19
659,XAUUSD_BASE_746,XAUUSD,SHORT,2022-12-13 18:00:00,18,True,ONLINE_CAPTURED,-15.49,LOSS,0.483,0.208
660,XAUUSD_BASE_1451,XAUUSD,SHORT,2025-09-16 10:00:00,10,True,ONLINE_CAPTURED,-15.49,LOSS,0.295,0.16
661,US500_BASE_886,US500,SHORT,2023-06-20 16:00:00,16,False,OFFLINE_MISSED,-15.51,LOSS,0.203,0.264
662,XAUUSD_BASE_979,XAUUSD,LONG,2023-11-10 08:00:00,8,False,OFFLINE_MISSED,-15.54,LOSS,0.452,0.136
663,US500_BASE_1443,US500,SHORT,2025-09-04 10:00:00,10,True,ONLINE_CAPTURED,-15.55,LOSS,0.156,0.215
664,XAUUSD_BASE_1526,XAUUSD,SHORT,2025-12-12 16:00:00,16,False,OFFLINE_MISSED,-15.56,LOSS,0.298,0.152
665,XAUUSD_BASE_1187,XAUUSD,SHORT,2024-08-20 18:00:00,18,True,ONLINE_CAPTURED,-15.58,LOSS,0.357,0.162
666,XAUUSD_BASE_835,XAUUSD,SHORT,2023-04-14 22:00:00,22,False,OFFLINE_MISSED,-15.6,LOSS,0.455,0.211
667,XAUUSD_BASE_209,XAUUSD,SHORT,2020-10-16 23:00:00,23,False,OFFLINE_MISSED,-15.61,LOSS,0.485,0.261
668,XAUUSD_BASE_842,XAUUSD,LONG,2023-04-24 05:00:00,5,False,OFFLINE_MISSED,-15.64,LOSS,0.45,0.135
669,XAUUSD_BASE_647,XAUUSD,SHORT,2022-07-21 08:00:00,8,False,OFFLINE_MISSED,-15.65,LOSS,0.516,0.155
670,XAUUSD_BASE_967,XAUUSD,LONG,2023-10-24 20:00:00,20,True,ONLINE_CAPTURED,-15.65,LOSS,0.461,0.174
671,XAUUSD_BASE_6,XAUUSD,SHORT,2020-01-08 14:00:00,14,True,ONLINE_CAPTURED,-15.67,LOSS,0.597,0.179
672,XAUUSD_BASE_247,XAUUSD,SHORT,2020-12-10 19:00:00,19,True,ONLINE_CAPTURED,-15.69,LOSS,0.498,0.2
673,XAUUSD_BASE_155,XAUUSD,SHORT,2020-08-07 00:00:00,0,False,OFFLINE_MISSED,-15.7,LOSS,0.466,0.233
674,XAUUSD_BASE_1388,XAUUSD,SHORT,2025-06-25 12:00:00,12,True,ONLINE_CAPTURED,-15.7,LOSS,0.322,0.152
675,XAUUSD_BASE_930,XAUUSD,SHORT,2023-08-18 10:00:00,10,True,ONLINE_CAPTURED,-15.73,LOSS,0.463,0.139
676,XAUUSD_BASE_977,XAUUSD,LONG,2023-11-08 10:00:00,10,True,ONLINE_CAPTURED,-15.75,LOSS,0.482,0.145
677,XAUUSD_BASE_570,XAUUSD,LONG,2022-04-04 21:00:00,21,True,ONLINE_CAPTURED,-15.76,LOSS,0.5,0.209
678,XAUUSD_BASE_641,XAUUSD,SHORT,2022-07-14 13:00:00,13,True,ONLINE_CAPTURED,-15.76,LOSS,0.532,0.16
679,XAUUSD_BASE_920,XAUUSD,LONG,2023-08-03 12:00:00,12,True,ONLINE_CAPTURED,-15.76,LOSS,0.473,0.142
680,XAUUSD_BASE_1337,XAUUSD,LONG,2025-04-09 21:00:00,21,True,ONLINE_CAPTURED,-15.78,LOSS,0.341,0.232
681,XAUUSD_BASE_697,XAUUSD,SHORT,2022-09-28 12:00:00,12,True,ONLINE_CAPTURED,-15.79,LOSS,0.551,0.165
682,XAUUSD_BASE_682,XAUUSD,LONG,2022-09-09 01:00:00,1,False,OFFLINE_MISSED,-15.8,LOSS,0.541,0.244
683,XAUUSD_BASE_944,XAUUSD,LONG,2023-09-05 14:00:00,14,True,ONLINE_CAPTURED,-15.8,LOSS,0.472,0.142
684,US500_BASE_1123,US500,SHORT,2024-05-29 08:00:00,8,False,OFFLINE_MISSED,-15.8,LOSS,0.198,0.248
685,XAUUSD_BASE_1198,XAUUSD,LONG,2024-09-05 00:00:00,0,False,OFFLINE_MISSED,-15.82,LOSS,0.369,0.165
686,XAUUSD_BASE_610,XAUUSD,LONG,2022-05-25 14:00:00,14,True,ONLINE_CAPTURED,-15.83,LOSS,0.519,0.156
687,XAUUSD_BASE_870,XAUUSD,LONG,2023-05-24 19:00:00,19,True,ONLINE_CAPTURED,-15.83,LOSS,0.485,0.146
688,XAUUSD_BASE_1021,XAUUSD,LONG,2024-01-11 18:00:00,18,True,ONLINE_CAPTURED,-15.84,LOSS,0.454,0.189
689,XAUUSD_BASE_571,XAUUSD,SHORT,2022-04-05 16:00:00,16,False,OFFLINE_MISSED,-15.86,LOSS,0.518,0.207
690,XAUUSD_BASE_1040,XAUUSD,LONG,2024-02-06 06:00:00,6,False,OFFLINE_MISSED,-15.86,LOSS,0.468,0.255
691,XAUUSD_BASE_825,XAUUSD,SHORT,2023-03-30 16:00:00,16,False,OFFLINE_MISSED,-15.89,LOSS,0.507,0.152
692,XAUUSD_BASE_1500,XAUUSD,LONG,2025-11-11 07:00:00,7,False,OFFLINE_MISSED,-15.89,LOSS,0.331,0.197
693,XAUUSD_BASE_115,XAUUSD,SHORT,2020-06-06 01:00:00,1,False,OFFLINE_MISSED,-15.9,LOSS,0.549,0.311
694,XAUUSD_BASE_885,XAUUSD,LONG,2023-06-20 01:00:00,1,False,OFFLINE_MISSED,-15.91,LOSS,0.505,0.193
695,XAUUSD_BASE_107,XAUUSD,SHORT,2020-05-27 14:00:00,14,True,ONLINE_CAPTURED,-15.92,LOSS,0.578,0.205
696,XAUUSD_BASE_791,XAUUSD,LONG,2023-02-02 02:00:00,2,False,OFFLINE_MISSED,-15.95,LOSS,0.524,0.157
697,XAUUSD_BASE_681,XAUUSD,SHORT,2022-09-08 21:00:00,21,True,ONLINE_CAPTURED,-15.96,LOSS,0.567,0.17
698,XAUUSD_BASE_624,XAUUSD,LONG,2022-06-22 17:00:00,17,True,ONLINE_CAPTURED,-15.98,LOSS,0.551,0.165
699,XAUUSD_BASE_673,XAUUSD,LONG,2022-08-25 17:00:00,17,True,ONLINE_CAPTURED,-15.98,LOSS,0.561,0.295
700,US500_BASE_452,US500,LONG,2021-10-01 01:00:00,1,False,OFFLINE_MISSED,-15.99,LOSS,0.277,0.411
701,XAUUSD_BASE_792,XAUUSD,SHORT,2023-02-03 03:00:00,3,False,OFFLINE_MISSED,-15.99,LOSS,0.531,0.159
702,XAUUSD_BASE_685,XAUUSD,SHORT,2022-09-14 03:00:00,3,False,OFFLINE_MISSED,-16.0,LOSS,0.586,0.176
703,XAUUSD_BASE_33,XAUUSD,LONG,2020-02-06 17:00:00,17,True,ONLINE_CAPTURED,-16.03,LOSS,0.652,0.196
704,XAUUSD_BASE_1227,XAUUSD,SHORT,2024-10-17 10:00:00,10,True,ONLINE_CAPTURED,-16.03,LOSS,0.369,0.191
705,XAUUSD_BASE_827,XAUUSD,SHORT,2023-03-31 13:00:00,13,True,ONLINE_CAPTURED,-16.05,LOSS,0.531,0.159
706,XAUUSD_BASE_1042,XAUUSD,SHORT,2024-02-06 22:00:00,22,False,OFFLINE_MISSED,-16.07,LOSS,0.5,0.265
707,XAUUSD_BASE_1459,XAUUSD,SHORT,2025-09-24 23:00:00,23,False,OFFLINE_MISSED,-16.11,LOSS,0.361,0.235
708,BTCUSD_BASE_1514,BTCUSD,SHORT,2025-11-28 12:00:00,12,True,ONLINE_CAPTURED,-16.12,LOSS,0.012,0.34
709,US500_BASE_1126,US500,LONG,2024-05-31 15:00:00,15,True,ONLINE_CAPTURED,-16.14,LOSS,0.217,0.236
710,US500_BASE_599,US500,LONG,2022-05-09 22:00:00,22,False,OFFLINE_MISSED,-16.15,LOSS,0.279,0.39
711,XAUUSD_BASE_1009,XAUUSD,LONG,2023-12-25 18:00:00,18,True,ONLINE_CAPTURED,-16.16,LOSS,0.511,0.153
712,XAUUSD_BASE_1189,XAUUSD,LONG,2024-08-23 20:00:00,20,True,ONLINE_CAPTURED,-16.22,LOSS,0.426,0.204
713,XAUUSD_BASE_1210,XAUUSD,LONG,2024-09-24 22:00:00,22,False,OFFLINE_MISSED,-16.22,LOSS,0.409,0.189
714,XAUUSD_BASE_228,XAUUSD,LONG,2020-11-17 13:00:00,13,True,ONLINE_CAPTURED,-16.23,LOSS,0.596,0.179
715,XAUUSD_BASE_32,XAUUSD,SHORT,2020-02-05 17:00:00,17,True,ONLINE_CAPTURED,-16.24,LOSS,0.696,0.241
716,XAUUSD_BASE_1467,XAUUSD,SHORT,2025-10-04 04:00:00,4,False,OFFLINE_MISSED,-16.26,LOSS,0.367,0.167
717,XAUUSD_BASE_1537,XAUUSD,LONG,2025-12-24 16:00:00,16,False,OFFLINE_MISSED,-16.27,LOSS,0.371,0.157
718,XAUUSD_BASE_594,XAUUSD,SHORT,2022-05-02 20:00:00,20,True,ONLINE_CAPTURED,-16.28,LOSS,0.56,0.168
719,XAUUSD_BASE_678,XAUUSD,SHORT,2022-09-06 07:00:00,7,False,OFFLINE_MISSED,-16.28,LOSS,0.617,0.231
720,XAUUSD_BASE_1116,XAUUSD,SHORT,2024-05-21 20:00:00,20,True,ONLINE_CAPTURED,-16.29,LOSS,0.467,0.218
721,XAUUSD_BASE_93,XAUUSD,SHORT,2020-05-06 16:00:00,16,False,OFFLINE_MISSED,-16.3,LOSS,0.662,0.215
722,XAUUSD_BASE_846,XAUUSD,SHORT,2023-04-25 19:00:00,19,True,ONLINE_CAPTURED,-16.3,LOSS,0.549,0.165
723,XAUUSD_BASE_1305,XAUUSD,SHORT,2025-02-17 22:00:00,22,False,OFFLINE_MISSED,-16.3,LOSS,0.405,0.229
724,US500_BASE_1375,US500,SHORT,2025-06-10 18:00:00,18,True,ONLINE_CAPTURED,-16.32,LOSS,0.192,0.21
725,XAUUSD_BASE_756,XAUUSD,SHORT,2022-12-23 18:00:00,18,True,ONLINE_CAPTURED,-16.33,LOSS,0.61,0.242
726,GBPUSD_BASE_1318,GBPUSD,SHORT,2025-03-10 19:00:00,19,True,ONLINE_CAPTURED,-16.35,LOSS,0.011,0.271
727,XAUUSD_BASE_120,XAUUSD,SHORT,2020-06-11 20:00:00,20,True,ONLINE_CAPTURED,-16.36,LOSS,0.617,0.185
728,XAUUSD_BASE_1347,XAUUSD,SHORT,2025-04-24 07:00:00,7,False,OFFLINE_MISSED,-16.36,LOSS,0.394,0.194
729,US500_BASE_1238,US500,SHORT,2024-11-09 02:00:00,2,False,OFFLINE_MISSED,-16.37,LOSS,0.194,0.232
730,XAUUSD_BASE_49,XAUUSD,LONG,2020-02-24 14:00:00,14,True,ONLINE_CAPTURED,-16.38,LOSS,0.727,0.218
731,US500_BASE_225,US500,LONG,2020-11-11 00:00:00,0,False,OFFLINE_MISSED,-16.38,LOSS,0.292,0.378
732,US500_BASE_481,US500,LONG,2021-11-22 11:00:00,11,True,ONLINE_CAPTURED,-16.43,LOSS,0.31,0.368
733,XAUUSD_BASE_132,XAUUSD,SHORT,2020-07-01 21:00:00,21,True,ONLINE_CAPTURED,-16.44,LOSS,0.633,0.316
734,XAUUSD_BASE_542,XAUUSD,LONG,2022-02-15 17:00:00,17,True,ONLINE_CAPTURED,-16.47,LOSS,0.604,0.181
735,US500_BASE_692,US500,LONG,2022-09-22 16:00:00,16,False,OFFLINE_MISSED,-16.49,LOSS,0.263,0.282
736,XAUUSD_BASE_1435,XAUUSD,SHORT,2025-08-27 02:00:00,2,False,OFFLINE_MISSED,-16.49,LOSS,0.397,0.25
737,XAUUSD_BASE_26,XAUUSD,SHORT,2020-01-28 13:00:00,13,True,ONLINE_CAPTURED,-16.52,LOSS,0.755,0.227
738,USDJPY_BASE_1499,USDJPY,SHORT,2025-11-10 21:00:00,21,True,ONLINE_CAPTURED,-16.55,LOSS,0.216,0.345
739,XAUUSD_BASE_603,XAUUSD,SHORT,2022-05-16 21:00:00,21,True,ONLINE_CAPTURED,-16.58,LOSS,0.64,0.192
740,XAUUSD_BASE_633,XAUUSD,SHORT,2022-07-06 20:00:00,20,True,ONLINE_CAPTURED,-16.58,LOSS,0.676,0.203
741,XAUUSD_BASE_1112,XAUUSD,LONG,2024-05-16 02:00:00,2,False,OFFLINE_MISSED,-16.6,LOSS,0.499,0.242
742,US500_BASE_563,US500,LONG,2022-03-24 02:00:00,2,False,OFFLINE_MISSED,-16.61,LOSS,0.291,0.317
743,XAUUSD_BASE_966,XAUUSD,SHORT,2023-10-20 22:00:00,22,False,OFFLINE_MISSED,-16.62,LOSS,0.612,0.183
744,XAUUSD_BASE_1439,XAUUSD,LONG,2025-08-30 00:00:00,0,False,OFFLINE_MISSED,-16.62,LOSS,0.408,0.241
745,US500_BASE_119,US500,LONG,2020-06-09 16:00:00,16,False,OFFLINE_MISSED,-16.66,LOSS,0.361,0.346
746,XAUUSD_BASE_1308,XAUUSD,SHORT,2025-02-24 14:00:00,14,True,ONLINE_CAPTURED,-16.68,LOSS,0.443,0.159
747,XAUUSD_BASE_1332,XAUUSD,SHORT,2025-04-04 20:00:00,20,True,ONLINE_CAPTURED,-16.69,LOSS,0.437,0.2
748,US500_BASE_1450,US500,LONG,2025-09-15 12:00:00,12,True,ONLINE_CAPTURED,-16.79,LOSS,0.214,0.179
749,XAUUSD_BASE_1529,XAUUSD,LONG,2025-12-15 09:00:00,9,True,ONLINE_CAPTURED,-16.83,LOSS,0.42,0.173
750,US500_BASE_630,US500,LONG,2022-07-02 03:00:00,3,False,OFFLINE_MISSED,-16.88,LOSS,0.356,0.392
751,XAUUSD_BASE_745,XAUUSD,LONG,2022-12-12 19:00:00,19,True,ONLINE_CAPTURED,-16.91,LOSS,0.711,0.213
752,XAUUSD_BASE_1487,XAUUSD,SHORT,2025-10-27 15:00:00,15,True,ONLINE_CAPTURED,-16.91,LOSS,0.432,0.182
753,XAUUSD_BASE_242,XAUUSD,SHORT,2020-11-30 18:00:00,18,True,ONLINE_CAPTURED,-16.95,LOSS,0.73,0.219
754,US500_BASE_1217,US500,LONG,2024-10-03 01:00:00,1,False,OFFLINE_MISSED,-16.99,LOSS,0.259,0.299
755,XAUUSD_BASE_1060,XAUUSD,LONG,2024-02-27 14:00:00,14,True,ONLINE_CAPTURED,-17.01,LOSS,0.613,0.184
756,XAUUSD_BASE_1118,XAUUSD,SHORT,2024-05-23 13:00:00,13,True,ONLINE_CAPTURED,-17.04,LOSS,0.558,0.167
757,XAUUSD_BASE_1175,XAUUSD,SHORT,2024-08-02 22:00:00,22,False,OFFLINE_MISSED,-17.04,LOSS,0.527,0.227
758,XAUUSD_BASE_1426,XAUUSD,SHORT,2025-08-13 21:00:00,21,True,ONLINE_CAPTURED,-17.04,LOSS,0.446,0.205
759,US500_BASE_364,US500,LONG,2021-06-03 16:00:00,16,False,OFFLINE_MISSED,-17.08,LOSS,0.362,0.326
760,US500_BASE_876,US500,SHORT,2023-06-01 06:00:00,6,False,OFFLINE_MISSED,-17.08,LOSS,0.308,0.341
761,XAUUSD_BASE_1141,XAUUSD,SHORT,2024-06-18 21:00:00,21,True,ONLINE_CAPTURED,-17.09,LOSS,0.582,0.241
762,XAUUSD_BASE_1130,XAUUSD,LONG,2024-06-04 23:00:00,23,False,OFFLINE_MISSED,-17.11,LOSS,0.565,0.279
763,US500_BASE_255,US500,SHORT,2020-12-23 05:00:00,5,False,OFFLINE_MISSED,-17.19,LOSS,0.387,0.411
764,USDJPY_BASE_287,USDJPY,SHORT,2021-02-03 10:00:00,10,True,ONLINE_CAPTURED,-17.22,LOSS,0.149,0.182
765,XAUUSD_BASE_614,XAUUSD,LONG,2022-05-30 23:00:00,23,False,OFFLINE_MISSED,-17.23,LOSS,0.738,0.221
766,US500_BASE_54,US500,LONG,2020-03-03 06:00:00,6,False,OFFLINE_MISSED,-17.31,LOSS,0.435,0.367
767,XAUUSD_BASE_1243,XAUUSD,SHORT,2024-11-13 15:00:00,15,True,ONLINE_CAPTURED,-17.36,LOSS,0.52,0.156
768,XAUUSD_BASE_92,XAUUSD,SHORT,2020-05-04 08:00:00,8,False,OFFLINE_MISSED,-17.37,LOSS,0.852,0.255
769,US500_BASE_526,US500,LONG,2022-01-24 05:00:00,5,False,OFFLINE_MISSED,-17.37,LOSS,0.382,0.302
770,US500_BASE_550,US500,LONG,2022-02-28 19:00:00,19,True,ONLINE_CAPTURED,-17.43,LOSS,0.364,0.28
771,USDJPY_BASE_558,USDJPY,SHORT,2022-03-16 14:00:00,14,True,ONLINE_CAPTURED,-17.45,LOSS,0.177,0.291
772,USDJPY_BASE_816,USDJPY,LONG,2023-03-17 17:00:00,17,True,ONLINE_CAPTURED,-17.45,LOSS,0.164,0.245
773,US500_BASE_1192,US500,LONG,2024-08-30 14:00:00,14,True,ONLINE_CAPTURED,-17.51,LOSS,0.298,0.216
774,US500_BASE_577,US500,SHORT,2022-04-13 06:00:00,6,False,OFFLINE_MISSED,-17.52,LOSS,0.388,0.341
775,XAUUSD_BASE_1250,XAUUSD,LONG,2024-11-18 18:00:00,18,True,ONLINE_CAPTURED,-17.58,LOSS,0.543,0.163
776,XAUUSD_BASE_1121,XAUUSD,LONG,2024-05-28 16:00:00,16,False,OFFLINE_MISSED,-17.59,LOSS,0.617,0.185
777,XAUUSD_BASE_222,XAUUSD,LONG,2020-11-09 17:00:00,17,True,ONLINE_CAPTURED,-17.61,LOSS,0.791,0.237
778,XAUUSD_BASE_146,XAUUSD,SHORT,2020-07-23 17:00:00,17,True,ONLINE_CAPTURED,-17.63,LOSS,0.772,0.232
779,US500_BASE_994,US500,SHORT,2023-12-01 14:00:00,14,True,ONLINE_CAPTURED,-17.68,LOSS,0.324,0.265
780,XAUUSD_BASE_1266,XAUUSD,SHORT,2024-12-17 10:00:00,10,True,ONLINE_CAPTURED,-17.68,LOSS,0.564,0.169
781,XAUUSD_BASE_1202,XAUUSD,LONG,2024-09-10 03:00:00,3,False,OFFLINE_MISSED,-17.69,LOSS,0.572,0.172
782,US500_BASE_1001,US500,SHORT,2023-12-15 17:00:00,17,True,ONLINE_CAPTURED,-17.7,LOSS,0.338,0.254
783,XAUUSD_BASE_1345,XAUUSD,SHORT,2025-04-22 14:00:00,14,True,ONLINE_CAPTURED,-17.7,LOSS,0.532,0.159
784,XAUUSD_BASE_1502,XAUUSD,SHORT,2025-11-12 16:00:00,16,False,OFFLINE_MISSED,-17.76,LOSS,0.515,0.154
785,XAUUSD_BASE_1262,XAUUSD,LONG,2024-12-10 16:00:00,16,False,OFFLINE_MISSED,-17.82,LOSS,0.578,0.173
786,XAUUSD_BASE_1438,XAUUSD,SHORT,2025-08-28 20:00:00,20,True,ONLINE_CAPTURED,-17.84,LOSS,0.531,0.2
787,USDJPY_BASE_997,USDJPY,SHORT,2023-12-05 19:00:00,19,True,ONLINE_CAPTURED,-17.9,LOSS,0.185,0.253
788,XAUUSD_BASE_1373,XAUUSD,LONG,2025-06-04 07:00:00,7,False,OFFLINE_MISSED,-17.93,LOSS,0.54,0.162
789,US500_BASE_1419,US500,SHORT,2025-08-06 10:00:00,10,True,ONLINE_CAPTURED,-18.08,LOSS,0.277,0.193
790,US500_BASE_1131,US500,SHORT,2024-06-05 01:00:00,1,False,OFFLINE_MISSED,-18.09,LOSS,0.335,0.255
791,USDJPY_BASE_1190,USDJPY,LONG,2024-08-24 02:00:00,2,False,OFFLINE_MISSED,-18.12,LOSS,0.225,0.247
792,US500_BASE_733,US500,SHORT,2022-11-25 15:00:00,15,True,ONLINE_CAPTURED,-18.16,LOSS,0.369,0.302
793,XAUUSD_BASE_1369,XAUUSD,SHORT,2025-05-30 17:00:00,17,True,ONLINE_CAPTURED,-18.16,LOSS,0.566,0.17
794,US500_BASE_738,US500,LONG,2022-12-05 06:00:00,6,False,OFFLINE_MISSED,-18.18,LOSS,0.369,0.254
795,XAUUSD_BASE_1062,XAUUSD,SHORT,2024-02-28 13:00:00,13,True,ONLINE_CAPTURED,-18.2,LOSS,0.778,0.233
796,XAUUSD_BASE_1434,XAUUSD,LONG,2025-08-26 14:00:00,14,True,ONLINE_CAPTURED,-18.2,LOSS,0.565,0.169
797,XAUUSD_BASE_1302,XAUUSD,SHORT,2025-02-14 19:00:00,19,True,ONLINE_CAPTURED,-18.21,LOSS,0.611,0.183
798,XAUUSD_BASE_1033,XAUUSD,LONG,2024-01-24 23:00:00,23,False,OFFLINE_MISSED,-18.23,LOSS,0.792,0.238
799,XAUUSD_BASE_1269,XAUUSD,LONG,2024-12-18 19:00:00,19,True,ONLINE_CAPTURED,-18.25,LOSS,0.623,0.187
800,US500_BASE_187,US500,SHORT,2020-09-15 05:00:00,5,False,OFFLINE_MISSED,-18.33,LOSS,0.508,0.392
801,USDJPY_BASE_710,USDJPY,SHORT,2022-10-14 22:00:00,22,False,OFFLINE_MISSED,-18.35,LOSS,0.191,0.233
802,USDJPY_BASE_1458,USDJPY,SHORT,2025-09-24 21:00:00,21,True,ONLINE_CAPTURED,-18.35,LOSS,0.275,0.341
803,XAUUSD_BASE_1278,XAUUSD,SHORT,2025-01-04 01:00:00,1,False,OFFLINE_MISSED,-18.36,LOSS,0.617,0.185
804,XAUUSD_BASE_1483,XAUUSD,LONG,2025-10-23 07:00:00,7,False,OFFLINE_MISSED,-18.39,LOSS,0.574,0.172
805,US500_BASE_493,US500,SHORT,2021-12-09 22:00:00,22,False,OFFLINE_MISSED,-18.45,LOSS,0.456,0.433
806,US500_BASE_487,US500,SHORT,2021-12-01 23:00:00,23,False,OFFLINE_MISSED,-18.47,LOSS,0.442,0.416
807,US500_BASE_1393,US500,SHORT,2025-07-01 03:00:00,3,False,OFFLINE_MISSED,-18.47,LOSS,0.304,0.26
808,USDJPY_BASE_1274,USDJPY,LONG,2024-12-26 13:00:00,13,True,ONLINE_CAPTURED,-18.57,LOSS,0.247,0.251
809,US500_BASE_463,US500,SHORT,2021-10-19 09:00:00,9,True,ONLINE_CAPTURED,-18.59,LOSS,0.48,0.321
810,XAUUSD_BASE_1541,XAUUSD,LONG,2025-12-30 07:00:00,7,False,OFFLINE_MISSED,-18.63,LOSS,0.601,0.18
811,US500_BASE_269,US500,LONG,2021-01-13 21:00:00,21,True,ONLINE_CAPTURED,-18.64,LOSS,0.528,0.429
812,US500_BASE_407,US500,LONG,2021-08-02 17:00:00,17,True,ONLINE_CAPTURED,-18.67,LOSS,0.49,0.313
813,US500_BASE_66,US500,SHORT,2020-03-20 07:00:00,7,False,OFFLINE_MISSED,-18.77,LOSS,0.578,0.357
814,US500_BASE_423,US500,SHORT,2021-08-25 22:00:00,22,False,OFFLINE_MISSED,-18.94,LOSS,0.534,0.369
815,US500_BASE_1222,US500,SHORT,2024-10-12 04:00:00,4,False,OFFLINE_MISSED,-18.96,LOSS,0.36,0.216
816,USDJPY_BASE_783,USDJPY,SHORT,2023-01-23 23:00:00,23,False,OFFLINE_MISSED,-19.02,LOSS,0.211,0.225
817,USDJPY_BASE_1474,USDJPY,SHORT,2025-10-13 16:00:00,16,False,OFFLINE_MISSED,-19.02,LOSS,0.33,0.402
818,XAUUSD_BASE_1542,XAUUSD,SHORT,2025-12-30 21:00:00,21,True,ONLINE_CAPTURED,-19.1,LOSS,0.648,0.195
819,US500_BASE_1030,US500,LONG,2024-01-22 15:00:00,15,True,ONLINE_CAPTURED,-19.13,LOSS,0.411,0.28
820,XAUUSD_BASE_1164,XAUUSD,LONG,2024-07-23 16:00:00,16,False,OFFLINE_MISSED,-19.18,LOSS,0.768,0.23
821,US500_BASE_1272,US500,SHORT,2024-12-25 06:00:00,6,False,OFFLINE_MISSED,-19.23,LOSS,0.323,0.261
822,USDJPY_BASE_579,USDJPY,LONG,2022-04-14 17:00:00,17,True,ONLINE_CAPTURED,-19.25,LOSS,0.245,0.238
823,USDJPY_BASE_860,USDJPY,LONG,2023-05-17 05:00:00,5,False,OFFLINE_MISSED,-19.25,LOSS,0.252,0.247
824,US500_BASE_1043,US500,LONG,2024-02-07 21:00:00,21,True,ONLINE_CAPTURED,-19.25,LOSS,0.431,0.263
825,XAUUSD_BASE_1411,XAUUSD,SHORT,2025-07-24 16:00:00,16,False,OFFLINE_MISSED,-19.26,LOSS,0.671,0.201
826,BTCUSD_BASE_1155,BTCUSD,LONG,2024-07-08 21:00:00,21,True,ONLINE_CAPTURED,-19.27,LOSS,0.022,0.289
827,US500_BASE_1389,US500,SHORT,2025-06-25 20:00:00,20,True,ONLINE_CAPTURED,-19.33,LOSS,0.346,0.267
828,US500_BASE_337,US500,LONG,2021-04-22 19:00:00,19,True,ONLINE_CAPTURED,-19.47,LOSS,0.546,0.375
829,USDJPY_BASE_48,USDJPY,LONG,2020-02-21 07:00:00,7,False,OFFLINE_MISSED,-19.48,LOSS,0.268,0.261
830,USDJPY_BASE_449,USDJPY,SHORT,2021-09-27 08:00:00,8,False,OFFLINE_MISSED,-19.48,LOSS,0.272,0.265
831,US500_BASE_1012,US500,LONG,2024-01-01 17:00:00,17,True,ONLINE_CAPTURED,-19.49,LOSS,0.457,0.286
832,XAUUSD_BASE_1408,XAUUSD,SHORT,2025-07-22 15:00:00,15,True,ONLINE_CAPTURED,-19.49,LOSS,0.691,0.207
833,US500_BASE_1520,US500,SHORT,2025-12-05 05:00:00,5,False,OFFLINE_MISSED,-19.55,LOSS,0.381,0.264
834,US500_BASE_1111,US500,LONG,2024-05-14 02:00:00,2,False,OFFLINE_MISSED,-19.62,LOSS,0.434,0.223
835,XAUUSD_BASE_1334,XAUUSD,LONG,2025-04-07 17:00:00,17,True,ONLINE_CAPTURED,-19.68,LOSS,0.746,0.23
836,USDJPY_BASE_281,USDJPY,SHORT,2021-01-29 23:00:00,23,False,OFFLINE_MISSED,-19.7,LOSS,0.227,0.226
837,US500_BASE_643,US500,LONG,2022-07-15 07:00:00,7,False,OFFLINE_MISSED,-19.71,LOSS,0.576,0.376
838,US500_BASE_1069,US500,LONG,2024-03-11 05:00:00,5,False,OFFLINE_MISSED,-19.81,LOSS,0.475,0.28
839,US500_BASE_759,US500,SHORT,2022-12-28 07:00:00,7,False,OFFLINE_MISSED,-19.84,LOSS,0.49,0.31
840,USDJPY_BASE_789,USDJPY,SHORT,2023-01-30 05:00:00,5,False,OFFLINE_MISSED,-19.92,LOSS,0.243,0.245
841,USDJPY_BASE_1194,USDJPY,LONG,2024-09-02 07:00:00,7,False,OFFLINE_MISSED,-19.92,LOSS,0.301,0.286
842,US500_BASE_10,US500,LONG,2020-01-14 17:00:00,17,True,ONLINE_CAPTURED,-20.07,LOSS,0.692,0.389
843,US500_BASE_800,US500,SHORT,2023-02-21 01:00:00,1,False,OFFLINE_MISSED,-20.12,LOSS,0.499,0.297
844,US500_BASE_1536,US500,SHORT,2025-12-24 01:00:00,1,False,OFFLINE_MISSED,-20.12,LOSS,0.404,0.238
845,USDJPY_BASE_468,USDJPY,SHORT,2021-10-23 02:00:00,2,False,OFFLINE_MISSED,-20.15,LOSS,0.283,0.26
846,USDJPY_BASE_790,USDJPY,LONG,2023-01-31 22:00:00,22,False,OFFLINE_MISSED,-20.15,LOSS,0.249,0.29
847,XAUUSD_BASE_1464,XAUUSD,LONG,2025-10-01 18:00:00,18,True,ONLINE_CAPTURED,-20.15,LOSS,0.741,0.267
848,US500_BASE_671,US500,SHORT,2022-08-24 05:00:00,5,False,OFFLINE_MISSED,-20.23,LOSS,0.531,0.365
849,US500_BASE_422,US500,LONG,2021-08-24 05:00:00,5,False,OFFLINE_MISSED,-20.27,LOSS,0.641,0.351
850,US500_BASE_1336,US500,SHORT,2025-04-09 15:00:00,15,True,ONLINE_CAPTURED,-20.35,LOSS,0.394,0.218
851,USDJPY_BASE_1365,USDJPY,SHORT,2025-05-26 09:00:00,9,True,ONLINE_CAPTURED,-20.37,LOSS,0.328,0.254
852,USDJPY_BASE_21,USDJPY,LONG,2020-01-21 05:00:00,5,False,OFFLINE_MISSED,-20.38,LOSS,0.315,0.248
853,US500_BASE_528,US500,LONG,2022-01-26 14:00:00,14,True,ONLINE_CAPTURED,-20.43,LOSS,0.617,0.321
854,US500_BASE_1005,US500,SHORT,2023-12-21 02:00:00,2,False,OFFLINE_MISSED,-20.44,LOSS,0.513,0.304
855,US500_BASE_117,US500,SHORT,2020-06-09 00:00:00,0,False,OFFLINE_MISSED,-20.45,LOSS,0.692,0.391
856,USDJPY_BASE_208,USDJPY,LONG,2020-10-16 17:00:00,17,True,ONLINE_CAPTURED,-20.6,LOSS,0.265,0.248
857,USDJPY_BASE_813,USDJPY,LONG,2023-03-15 11:00:00,11,True,ONLINE_CAPTURED,-20.6,LOSS,0.27,0.202
858,US500_BASE_1285,US500,SHORT,2025-01-21 00:00:00,0,False,OFFLINE_MISSED,-20.64,LOSS,0.392,0.25
859,US500_BASE_921,US500,SHORT,2023-08-03 14:00:00,14,True,ONLINE_CAPTURED,-20.66,LOSS,0.55,0.303
860,US500_BASE_1356,US500,LONG,2025-05-10 02:00:00,2,False,OFFLINE_MISSED,-20.67,LOSS,0.409,0.221
861,US500_BASE_483,US500,SHORT,2021-11-26 03:00:00,3,False,OFFLINE_MISSED,-20.68,LOSS,0.628,0.41
862,US500_BASE_1026,US500,LONG,2024-01-16 23:00:00,23,False,OFFLINE_MISSED,-20.71,LOSS,0.513,0.351
863,USDJPY_BASE_972,USDJPY,SHORT,2023-10-30 16:00:00,16,False,OFFLINE_MISSED,-20.83,LOSS,0.275,0.189
864,US500_BASE_271,US500,SHORT,2021-01-15 03:00:00,3,False,OFFLINE_MISSED,-20.96,LOSS,0.734,0.354
865,US500_BASE_1086,US500,LONG,2024-04-09 05:00:00,5,False,OFFLINE_MISSED,-21.0,LOSS,0.529,0.296
866,US500_BASE_553,US500,SHORT,2022-03-04 22:00:00,22,False,OFFLINE_MISSED,-21.04,LOSS,0.628,0.356
867,USDJPY_BASE_982,USDJPY,LONG,2023-11-13 23:00:00,23,False,OFFLINE_MISSED,-21.05,LOSS,0.284,0.221
868,USDJPY_BASE_1055,USDJPY,SHORT,2024-02-22 12:00:00,12,True,ONLINE_CAPTURED,-21.05,LOSS,0.319,0.207
869,USDJPY_BASE_1267,USDJPY,LONG,2024-12-18 00:00:00,0,False,OFFLINE_MISSED,-21.05,LOSS,0.336,0.311
870,US500_BASE_145,US500,SHORT,2020-07-23 01:00:00,1,False,OFFLINE_MISSED,-21.09,LOSS,0.713,0.41
871,US500_BASE_748,US500,LONG,2022-12-15 09:00:00,9,True,ONLINE_CAPTURED,-21.09,LOSS,0.578,0.307
872,US500_BASE_207,US500,LONG,2020-10-16 02:00:00,2,False,OFFLINE_MISSED,-21.11,LOSS,0.691,0.393
873,US500_BASE_1412,US500,LONG,2025-07-24 22:00:00,22,False,OFFLINE_MISSED,-21.15,LOSS,0.438,0.284
874,US500_BASE_1314,US500,SHORT,2025-03-05 15:00:00,15,True,ONLINE_CAPTURED,-21.29,LOSS,0.432,0.204
875,US500_BASE_15,US500,SHORT,2020-01-16 15:00:00,15,True,ONLINE_CAPTURED,-21.38,LOSS,0.84,0.431
876,US500_BASE_1361,US500,SHORT,2025-05-20 22:00:00,22,False,OFFLINE_MISSED,-21.4,LOSS,0.447,0.243
877,US500_BASE_465,US500,SHORT,2021-10-21 03:00:00,3,False,OFFLINE_MISSED,-21.44,LOSS,0.712,0.34
878,US500_BASE_1006,US500,LONG,2023-12-22 19:00:00,19,True,ONLINE_CAPTURED,-21.45,LOSS,0.574,0.303
879,US500_BASE_176,US500,LONG,2020-09-01 19:00:00,19,True,ONLINE_CAPTURED,-21.47,LOSS,0.791,0.4
880,USDJPY_BASE_430,USDJPY,SHORT,2021-09-01 09:00:00,9,True,ONLINE_CAPTURED,-21.5,LOSS,0.333,0.227
881,US500_BASE_1079,US500,LONG,2024-03-29 21:00:00,21,True,ONLINE_CAPTURED,-21.52,LOSS,0.576,0.36
882,GBPUSD_BASE_719,GBPUSD,LONG,2022-11-01 15:00:00,15,True,ONLINE_CAPTURED,-21.6,LOSS,0.023,0.261
883,US500_BASE_843,US500,SHORT,2023-04-24 14:00:00,14,True,ONLINE_CAPTURED,-21.66,LOSS,0.624,0.288
884,USDJPY_BASE_301,USDJPY,LONG,2021-03-01 19:00:00,19,True,ONLINE_CAPTURED,-21.72,LOSS,0.282,0.212
885,USDJPY_BASE_809,USDJPY,SHORT,2023-03-09 05:00:00,5,False,OFFLINE_MISSED,-21.72,LOSS,0.31,0.279
886,USDJPY_BASE_1215,USDJPY,SHORT,2024-09-30 16:00:00,16,False,OFFLINE_MISSED,-21.73,LOSS,0.366,0.231
887,US500_BASE_1048,US500,LONG,2024-02-15 01:00:00,1,False,OFFLINE_MISSED,-21.77,LOSS,0.575,0.303
888,US500_BASE_331,US500,SHORT,2021-04-13 20:00:00,20,True,ONLINE_CAPTURED,-21.79,LOSS,0.725,0.361
889,US500_BASE_823,US500,SHORT,2023-03-29 00:00:00,0,False,OFFLINE_MISSED,-21.82,LOSS,0.609,0.408
890,US500_BASE_1101,US500,SHORT,2024-04-29 15:00:00,15,True,ONLINE_CAPTURED,-21.84,LOSS,0.577,0.303
891,US500_BASE_590,US500,SHORT,2022-04-27 21:00:00,21,True,ONLINE_CAPTURED,-21.85,LOSS,0.765,0.457
892,US500_BASE_552,US500,LONG,2022-03-03 15:00:00,15,True,ONLINE_CAPTURED,-21.89,LOSS,0.689,0.368
893,US500_BASE_232,US500,LONG,2020-11-19 16:00:00,16,False,OFFLINE_MISSED,-21.92,LOSS,0.717,0.307
894,USDJPY_BASE_16,USDJPY,SHORT,2020-01-16 20:00:00,20,True,ONLINE_CAPTURED,-21.95,LOSS,0.382,0.291
895,US500_BASE_498,US500,LONG,2021-12-17 03:00:00,3,False,OFFLINE_MISSED,-21.99,LOSS,0.75,0.388
896,US500_BASE_42,US500,LONG,2020-02-15 04:00:00,4,False,OFFLINE_MISSED,-22.03,LOSS,0.87,0.414
897,US500_BASE_936,US500,LONG,2023-08-25 15:00:00,15,True,ONLINE_CAPTURED,-22.24,LOSS,0.651,0.304
898,US500_BASE_1170,US500,LONG,2024-07-31 07:00:00,7,False,OFFLINE_MISSED,-22.26,LOSS,0.576,0.261
899,US500_BASE_1092,US500,SHORT,2024-04-19 11:00:00,11,True,ONLINE_CAPTURED,-22.31,LOSS,0.608,0.243
900,US500_BASE_925,US500,SHORT,2023-08-11 22:00:00,22,False,OFFLINE_MISSED,-22.4,LOSS,0.651,0.327
901,US500_BASE_315,US500,SHORT,2021-03-17 20:00:00,20,True,ONLINE_CAPTURED,-22.42,LOSS,0.884,0.443
902,US500_BASE_530,US500,SHORT,2022-01-27 05:00:00,5,False,OFFLINE_MISSED,-22.51,LOSS,0.782,0.315
903,USDJPY_BASE_382,USDJPY,SHORT,2021-07-02 03:00:00,3,False,OFFLINE_MISSED,-22.62,LOSS,0.336,0.224
904,BTCUSD_BASE_1357,BTCUSD,LONG,2025-05-11 16:00:00,16,False,OFFLINE_MISSED,-22.78,LOSS,0.031,0.227
905,USDJPY_BASE_199,USDJPY,LONG,2020-09-30 23:00:00,23,False,OFFLINE_MISSED,-22.85,LOSS,0.347,0.21
906,US500_BASE_839,US500,LONG,2023-04-20 05:00:00,5,False,OFFLINE_MISSED,-22.91,LOSS,0.705,0.321
907,US500_BASE_495,US500,LONG,2021-12-14 09:00:00,9,True,ONLINE_CAPTURED,-22.92,LOSS,0.792,0.33
908,US500_BASE_873,US500,SHORT,2023-05-29 23:00:00,23,False,OFFLINE_MISSED,-22.94,LOSS,0.703,0.462
909,US500_BASE_111,US500,LONG,2020-06-03 19:00:00,19,True,ONLINE_CAPTURED,-22.95,LOSS,0.898,0.373
910,US500_BASE_931,US500,SHORT,2023-08-18 15:00:00,15,True,ONLINE_CAPTURED,-22.95,LOSS,0.698,0.209
911,US500_BASE_1080,US500,SHORT,2024-04-01 21:00:00,21,True,ONLINE_CAPTURED,-22.96,LOSS,0.671,0.299
912,US500_BASE_883,US500,LONG,2023-06-14 23:00:00,23,False,OFFLINE_MISSED,-22.98,LOSS,0.69,0.293
913,USDJPY_BASE_543,USDJPY,LONG,2022-02-16 14:00:00,14,True,ONLINE_CAPTURED,-23.07,LOSS,0.372,0.243
914,US500_BASE_280,US500,LONG,2021-01-29 01:00:00,1,False,OFFLINE_MISSED,-23.08,LOSS,0.91,0.423
915,US500_BASE_1149,US500,LONG,2024-06-28 21:00:00,21,True,ONLINE_CAPTURED,-23.17,LOSS,0.64,0.4
916,US500_BASE_1538,US500,SHORT,2025-12-26 02:00:00,2,False,OFFLINE_MISSED,-23.17,LOSS,0.56,0.253
917,US500_BASE_1322,US500,SHORT,2025-03-18 12:00:00,12,True,ONLINE_CAPTURED,-23.19,LOSS,0.522,0.157
918,USDJPY_BASE_312,USDJPY,SHORT,2021-03-15 17:00:00,17,True,ONLINE_CAPTURED,-23.3,LOSS,0.322,0.204
919,USDJPY_BASE_410,USDJPY,SHORT,2021-08-06 05:00:00,5,False,OFFLINE_MISSED,-23.3,LOSS,0.377,0.253
920,USDJPY_BASE_927,USDJPY,SHORT,2023-08-15 22:00:00,22,False,OFFLINE_MISSED,-23.3,LOSS,0.372,0.28
921,USDJPY_BASE_1201,USDJPY,LONG,2024-09-09 23:00:00,23,False,OFFLINE_MISSED,-23.3,LOSS,0.446,0.334
922,US500_BASE_609,US500,SHORT,2022-05-25 07:00:00,7,False,OFFLINE_MISSED,-23.31,LOSS,0.857,0.428
923,US500_BASE_285,US500,LONG,2021-02-01 17:00:00,17,True,ONLINE_CAPTURED,-23.35,LOSS,0.931,0.427
924,US500_BASE_636,US500,SHORT,2022-07-08 08:00:00,8,False,OFFLINE_MISSED,-23.4,LOSS,0.896,0.355
925,US500_BASE_1038,US500,LONG,2024-02-02 05:00:00,5,False,OFFLINE_MISSED,-23.43,LOSS,0.675,0.265
926,US500_BASE_1029,US500,SHORT,2024-01-19 00:00:00,0,False,OFFLINE_MISSED,-23.45,LOSS,0.686,0.272
927,US500_BASE_1350,US500,SHORT,2025-04-29 15:00:00,15,True,ONLINE_CAPTURED,-23.45,LOSS,0.546,0.164
928,US500_BASE_1177,US500,SHORT,2024-08-06 21:00:00,21,True,ONLINE_CAPTURED,-23.5,LOSS,0.651,0.309
929,USDJPY_BASE_581,USDJPY,SHORT,2022-04-18 22:00:00,22,False,OFFLINE_MISSED,-23.52,LOSS,0.404,0.33
930,USDJPY_BASE_1422,USDJPY,SHORT,2025-08-08 23:00:00,23,False,OFFLINE_MISSED,-23.52,LOSS,0.49,0.373
931,USDJPY_BASE_1460,USDJPY,LONG,2025-09-26 00:00:00,0,False,OFFLINE_MISSED,-23.52,LOSS,0.518,0.336
932,USDJPY_BASE_237,USDJPY,LONG,2020-11-24 22:00:00,22,False,OFFLINE_MISSED,-23.53,LOSS,0.361,0.236
933,USDJPY_BASE_1197,USDJPY,SHORT,2024-09-04 19:00:00,19,True,ONLINE_CAPTURED,-23.53,LOSS,0.453,0.258
934,US500_BASE_1454,US500,LONG,2025-09-19 11:00:00,11,True,ONLINE_CAPTURED,-23.68,LOSS,0.556,0.215
935,US500_BASE_1058,US500,LONG,2024-02-27 06:00:00,6,False,OFFLINE_MISSED,-23.7,LOSS,0.698,0.36
936,US500_BASE_368,US500,SHORT,2021-06-08 23:00:00,23,False,OFFLINE_MISSED,-23.71,LOSS,0.897,0.41
937,US500_BASE_263,US500,SHORT,2021-01-07 21:00:00,21,True,ONLINE_CAPTURED,-23.81,LOSS,0.953,0.438
938,US500_BASE_114,US500,SHORT,2020-06-05 11:00:00,11,True,ONLINE_CAPTURED,-23.98,LOSS,0.999,0.3
939,USDJPY_BASE_573,USDJPY,LONG,2022-04-08 14:00:00,14,True,ONLINE_CAPTURED,-23.98,LOSS,0.42,0.237
940,US500_BASE_750,US500,SHORT,2022-12-16 05:00:00,5,False,OFFLINE_MISSED,-24.16,LOSS,0.79,0.328
941,USDJPY_BASE_14,USDJPY,LONG,2020-01-15 21:00:00,21,True,ONLINE_CAPTURED,-24.2,LOSS,0.472,0.296
942,USDJPY_BASE_58,USDJPY,SHORT,2020-03-09 23:00:00,23,False,OFFLINE_MISSED,-24.2,LOSS,0.452,0.296
943,USDJPY_BASE_233,USDJPY,SHORT,2020-11-19 21:00:00,21,True,ONLINE_CAPTURED,-24.2,LOSS,0.387,0.266
944,USDJPY_BASE_598,USDJPY,LONG,2022-05-09 15:00:00,15,True,ONLINE_CAPTURED,-24.2,LOSS,0.418,0.219
945,USDJPY_BASE_1240,USDJPY,SHORT,2024-11-12 23:00:00,23,False,OFFLINE_MISSED,-24.2,LOSS,0.484,0.319
946,USDJPY_BASE_1532,USDJPY,LONG,2025-12-18 06:00:00,6,False,OFFLINE_MISSED,-24.2,LOSS,0.656,0.383
947,US500_BASE_1441,US500,LONG,2025-09-02 13:00:00,13,True,ONLINE_CAPTURED,-24.27,LOSS,0.596,0.179
948,US500_BASE_583,US500,SHORT,2022-04-20 02:00:00,2,False,OFFLINE_MISSED,-24.28,LOSS,0.932,0.332
949,US500_BASE_1047,US500,LONG,2024-02-13 19:00:00,19,True,ONLINE_CAPTURED,-24.33,LOSS,0.733,0.22
950,US500_BASE_1311,US500,LONG,2025-02-27 12:00:00,12,True,ONLINE_CAPTURED,-24.37,LOSS,0.581,0.174
951,US500_BASE_310,US500,LONG,2021-03-12 21:00:00,21,True,ONLINE_CAPTURED,-24.38,LOSS,1.031,0.51
952,US500_BASE_691,US500,SHORT,2022-09-21 17:00:00,17,True,ONLINE_CAPTURED,-24.51,LOSS,0.8,0.324
953,USDJPY_BASE_133,USDJPY,SHORT,2020-07-03 12:00:00,12,True,ONLINE_CAPTURED,-24.65,LOSS,0.447,0.239
954,USDJPY_BASE_676,USDJPY,SHORT,2022-09-01 02:00:00,2,False,OFFLINE_MISSED,-24.65,LOSS,0.441,0.294
955,US500_BASE_1409,US500,SHORT,2025-07-22 23:00:00,23,False,OFFLINE_MISSED,-24.67,LOSS,0.621,0.285
956,US500_BASE_952,US500,SHORT,2023-09-20 09:00:00,9,True,ONLINE_CAPTURED,-24.81,LOSS,0.74,0.282
957,US500_BASE_1376,US500,LONG,2025-06-12 01:00:00,1,False,OFFLINE_MISSED,-24.81,LOSS,0.618,0.251
958,US500_BASE_1377,US500,SHORT,2025-06-13 02:00:00,2,False,OFFLINE_MISSED,-24.86,LOSS,0.624,0.232
959,USDJPY_BASE_1432,USDJPY,LONG,2025-08-21 18:00:00,18,True,ONLINE_CAPTURED,-24.87,LOSS,0.574,0.299
960,USDJPY_BASE_1465,USDJPY,LONG,2025-10-03 06:00:00,6,False,OFFLINE_MISSED,-24.87,LOSS,0.582,0.345
961,US500_BASE_1097,US500,LONG,2024-04-22 22:00:00,22,False,OFFLINE_MISSED,-25.02,LOSS,0.766,0.344
962,US500_BASE_838,US500,LONG,2023-04-17 22:00:00,22,False,OFFLINE_MISSED,-25.05,LOSS,0.844,0.355
963,USDJPY_BASE_400,USDJPY,SHORT,2021-07-26 12:00:00,12,True,ONLINE_CAPTURED,-25.1,LOSS,0.439,0.275
964,USDJPY_BASE_601,USDJPY,LONG,2022-05-12 01:00:00,1,False,OFFLINE_MISSED,-25.1,LOSS,0.457,0.278
965,USDJPY_BASE_737,USDJPY,SHORT,2022-11-30 21:00:00,21,True,ONLINE_CAPTURED,-25.1,LOSS,0.396,0.267
966,USDJPY_BASE_776,USDJPY,LONG,2023-01-18 16:00:00,16,False,OFFLINE_MISSED,-25.1,LOSS,0.405,0.2
967,USDJPY_BASE_1146,USDJPY,LONG,2024-06-26 02:00:00,2,False,OFFLINE_MISSED,-25.1,LOSS,0.511,0.325
968,USDJPY_BASE_1258,USDJPY,LONG,2024-12-03 10:00:00,10,True,ONLINE_CAPTURED,-25.1,LOSS,0.501,0.293
969,US500_BASE_272,US500,LONG,2021-01-15 12:00:00,12,True,ONLINE_CAPTURED,-25.2,LOSS,1.093,0.328
970,US500_BASE_1544,US500,SHORT,2025-12-31 15:00:00,15,True,ONLINE_CAPTURED,-25.27,LOSS,0.665,0.199
971,US500_BASE_774,US500,SHORT,2023-01-16 15:00:00,15,True,ONLINE_CAPTURED,-25.3,LOSS,0.866,0.26
972,USDJPY_BASE_350,USDJPY,SHORT,2021-05-11 20:00:00,20,True,ONLINE_CAPTURED,-25.32,LOSS,0.428,0.223
973,US500_BASE_812,US500,SHORT,2023-03-14 14:00:00,14,True,ONLINE_CAPTURED,-25.32,LOSS,0.827,0.248
974,USDJPY_BASE_518,USDJPY,SHORT,2022-01-17 07:00:00,7,False,OFFLINE_MISSED,-25.33,LOSS,0.457,0.226
975,USDJPY_BASE_1368,USDJPY,SHORT,2025-05-29 09:00:00,9,True,ONLINE_CAPTURED,-25.33,LOSS,0.54,0.341
976,US500_BASE_903,US500,SHORT,2023-07-12 01:00:00,1,False,OFFLINE_MISSED,-25.36,LOSS,0.884,0.424
977,US500_BASE_134,US500,LONG,2020-07-03 17:00:00,17,True,ONLINE_CAPTURED,-25.51,LOSS,1.099,0.33
978,US500_BASE_1144,US500,SHORT,2024-06-21 21:00:00,21,True,ONLINE_CAPTURED,-25.53,LOSS,0.794,0.301
979,USDJPY_BASE_5,USDJPY,SHORT,2020-01-08 12:00:00,12,True,ONLINE_CAPTURED,-25.55,LOSS,0.529,0.267
980,USDJPY_BASE_251,USDJPY,LONG,2020-12-16 18:00:00,18,True,ONLINE_CAPTURED,-25.55,LOSS,0.412,0.247
981,USDJPY_BASE_316,USDJPY,LONG,2021-03-18 06:00:00,6,False,OFFLINE_MISSED,-25.55,LOSS,0.387,0.241
982,US500_BASE_695,US500,SHORT,2022-09-26 14:00:00,14,True,ONLINE_CAPTURED,-25.58,LOSS,0.867,0.352
983,US500_BASE_1108,US500,SHORT,2024-05-10 12:00:00,12,True,ONLINE_CAPTURED,-25.61,LOSS,0.801,0.24
984,US500_BASE_546,US500,LONG,2022-02-21 14:00:00,14,True,ONLINE_CAPTURED,-25.7,LOSS,0.991,0.297
985,USDJPY_BASE_1064,USDJPY,SHORT,2024-02-28 21:00:00,21,True,ONLINE_CAPTURED,-25.77,LOSS,0.495,0.24
986,USDJPY_BASE_371,USDJPY,LONG,2021-06-10 03:00:00,3,False,OFFLINE_MISSED,-25.78,LOSS,0.445,0.276
987,USDJPY_BASE_497,USDJPY,SHORT,2021-12-15 18:00:00,18,True,ONLINE_CAPTURED,-25.78,LOSS,0.469,0.23
988,USDJPY_BASE_881,USDJPY,SHORT,2023-06-13 05:00:00,5,False,OFFLINE_MISSED,-25.78,LOSS,0.495,0.297
989,USDJPY_BASE_1154,USDJPY,SHORT,2024-07-06 04:00:00,4,False,OFFLINE_MISSED,-25.78,LOSS,0.534,0.284
990,US500_BASE_865,US500,SHORT,2023-05-22 18:00:00,18,True,ONLINE_CAPTURED,-25.93,LOSS,0.969,0.291
991,US500_BASE_135,US500,SHORT,2020-07-06 08:00:00,8,False,OFFLINE_MISSED,-25.94,LOSS,1.142,0.343
992,USDJPY_BASE_260,USDJPY,SHORT,2021-01-05 07:00:00,7,False,OFFLINE_MISSED,-26.0,LOSS,0.415,0.202
993,USDJPY_BASE_584,USDJPY,LONG,2022-04-20 13:00:00,13,True,ONLINE_CAPTURED,-26.0,LOSS,0.493,0.225
994,USDJPY_BASE_652,USDJPY,LONG,2022-07-28 20:00:00,20,True,ONLINE_CAPTURED,-26.0,LOSS,0.456,0.259
995,USDJPY_BASE_943,USDJPY,LONG,2023-09-04 23:00:00,23,False,OFFLINE_MISSED,-26.0,LOSS,0.46,0.282
996,USDJPY_BASE_1084,USDJPY,SHORT,2024-04-06 02:00:00,2,False,OFFLINE_MISSED,-26.0,LOSS,0.518,0.314
997,USDJPY_BASE_1534,USDJPY,LONG,2025-12-19 23:00:00,23,False,OFFLINE_MISSED,-26.0,LOSS,0.748,0.463
998,US500_BASE_911,US500,SHORT,2023-07-24 23:00:00,23,False,OFFLINE_MISSED,-26.1,LOSS,0.913,0.391
999,US500_BASE_1504,US500,LONG,2025-11-12 22:00:00,22,False,OFFLINE_MISSED,-26.2,LOSS,0.721,0.294
1000,USDJPY_BASE_76,USDJPY,LONG,2020-04-08 12:00:00,12,True,ONLINE_CAPTURED,-26.22,LOSS,0.52,0.277
1001,USDJPY_BASE_486,USDJPY,SHORT,2021-11-29 23:00:00,23,False,OFFLINE_MISSED,-26.22,LOSS,0.488,0.349
1002,USDJPY_BASE_889,USDJPY,SHORT,2023-06-23 18:00:00,18,True,ONLINE_CAPTURED,-26.23,LOSS,0.527,0.283
1003,US500_BASE_89,US500,SHORT,2020-04-28 17:00:00,17,True,ONLINE_CAPTURED,-26.24,LOSS,1.269,0.392
1004,US500_BASE_655,US500,SHORT,2022-08-01 21:00:00,21,True,ONLINE_CAPTURED,-26.24,LOSS,1.017,0.401
1005,US500_BASE_1196,US500,LONG,2024-09-03 19:00:00,19,True,ONLINE_CAPTURED,-26.26,LOSS,0.813,0.244
1006,US500_BASE_153,US500,SHORT,2020-08-04 18:00:00,18,True,ONLINE_CAPTURED,-26.28,LOSS,1.092,0.328
1007,US500_BASE_372,US500,SHORT,2021-06-11 18:00:00,18,True,ONLINE_CAPTURED,-26.28,LOSS,1.088,0.326
1008,US500_BASE_1134,US500,LONG,2024-06-07 21:00:00,21,True,ONLINE_CAPTURED,-26.3,LOSS,0.811,0.299
1009,USDJPY_BASE_488,USDJPY,LONG,2021-12-02 01:00:00,1,False,OFFLINE_MISSED,-26.45,LOSS,0.492,0.32
1010,USDJPY_BASE_1161,USDJPY,LONG,2024-07-16 23:00:00,23,False,OFFLINE_MISSED,-26.45,LOSS,0.562,0.34
1011,BTCUSD_BASE_635,BTCUSD,SHORT,2022-07-07 21:00:00,21,True,ONLINE_CAPTURED,-26.5,LOSS,0.084,0.551
1012,US500_BASE_1158,US500,SHORT,2024-07-12 12:00:00,12,True,ONLINE_CAPTURED,-26.63,LOSS,0.847,0.254
1013,US500_BASE_1053,US500,SHORT,2024-02-20 13:00:00,13,True,ONLINE_CAPTURED,-26.66,LOSS,0.875,0.262
1014,USDJPY_BASE_642,USDJPY,LONG,2022-07-14 19:00:00,19,True,ONLINE_CAPTURED,-26.67,LOSS,0.476,0.261
1015,USDJPY_BASE_978,USDJPY,SHORT,2023-11-09 19:00:00,19,True,ONLINE_CAPTURED,-26.67,LOSS,0.474,0.219
1016,USDJPY_BASE_1446,USDJPY,SHORT,2025-09-11 16:00:00,16,False,OFFLINE_MISSED,-26.67,LOSS,0.645,0.35
1017,USDJPY_BASE_1496,USDJPY,LONG,2025-11-06 07:00:00,7,False,OFFLINE_MISSED,-26.67,LOSS,0.746,0.325
1018,USDJPY_BASE_1524,USDJPY,SHORT,2025-12-10 00:00:00,0,False,OFFLINE_MISSED,-26.67,LOSS,0.797,0.487
1019,BTCUSD_BASE_1135,BTCUSD,SHORT,2024-06-08 05:00:00,5,False,OFFLINE_MISSED,-26.73,LOSS,0.049,0.345
1020,US500_BASE_401,US500,SHORT,2021-07-27 21:00:00,21,True,ONLINE_CAPTURED,-26.78,LOSS,1.177,0.353
1021,US500_BASE_929,US500,LONG,2023-08-17 07:00:00,7,False,OFFLINE_MISSED,-26.85,LOSS,0.946,0.284
1022,US500_BASE_985,US500,SHORT,2023-11-16 14:00:00,14,True,ONLINE_CAPTURED,-26.89,LOSS,0.912,0.274
1023,USDJPY_BASE_739,USDJPY,LONG,2022-12-06 14:00:00,14,True,ONLINE_CAPTURED,-26.9,LOSS,0.448,0.22
1024,USDJPY_BASE_844,USDJPY,LONG,2023-04-24 21:00:00,21,True,ONLINE_CAPTURED,-26.9,LOSS,0.509,0.272
1025,USDJPY_BASE_902,USDJPY,SHORT,2023-07-11 23:00:00,23,False,OFFLINE_MISSED,-26.9,LOSS,0.526,0.261
1026,USDJPY_BASE_1257,USDJPY,SHORT,2024-12-02 16:00:00,16,False,OFFLINE_MISSED,-26.9,LOSS,0.574,0.284
1027,US500_BASE_781,US500,SHORT,2023-01-20 20:00:00,20,True,ONLINE_CAPTURED,-26.94,LOSS,0.966,0.29
1028,US500_BASE_998,US500,SHORT,2023-12-06 16:00:00,16,False,OFFLINE_MISSED,-26.97,LOSS,0.921,0.276
1029,US500_BASE_778,US500,SHORT,2023-01-19 13:00:00,13,True,ONLINE_CAPTURED,-27.11,LOSS,0.979,0.294
1030,USDJPY_BASE_105,USDJPY,LONG,2020-05-26 13:00:00,13,True,ONLINE_CAPTURED,-27.13,LOSS,0.552,0.282
1031,USDJPY_BASE_441,USDJPY,SHORT,2021-09-18 05:00:00,5,False,OFFLINE_MISSED,-27.13,LOSS,0.567,0.261
1032,USDJPY_BASE_766,USDJPY,LONG,2023-01-04 20:00:00,20,True,ONLINE_CAPTURED,-27.13,LOSS,0.463,0.274
1033,USDJPY_BASE_1102,USDJPY,LONG,2024-04-30 15:00:00,15,True,ONLINE_CAPTURED,-27.13,LOSS,0.567,0.22
1034,US500_BASE_586,US500,LONG,2022-04-21 22:00:00,22,False,OFFLINE_MISSED,-27.18,LOSS,1.144,0.343
1035,BTCUSD_BASE_1503,BTCUSD,LONG,2025-11-12 17:00:00,17,True,ONLINE_CAPTURED,-27.23,LOSS,0.048,0.313
1036,US500_BASE_964,US500,LONG,2023-10-18 22:00:00,22,False,OFFLINE_MISSED,-27.25,LOSS,0.949,0.392
1037,US500_BASE_179,US500,LONG,2020-09-04 13:00:00,13,True,ONLINE_CAPTURED,-27.26,LOSS,1.283,0.385
1038,US500_BASE_1246,US500,LONG,2024-11-15 15:00:00,15,True,ONLINE_CAPTURED,-27.26,LOSS,0.732,0.22
1039,US500_BASE_1082,US500,LONG,2024-04-03 21:00:00,21,True,ONLINE_CAPTURED,-27.29,LOSS,0.934,0.28
1040,US500_BASE_575,US500,LONG,2022-04-11 19:00:00,19,True,ONLINE_CAPTURED,-27.32,LOSS,1.139,0.342
1041,USDJPY_BASE_440,USDJPY,LONG,2021-09-16 00:00:00,0,False,OFFLINE_MISSED,-27.35,LOSS,0.568,0.291
1042,US500_BASE_1032,US500,SHORT,2024-01-24 03:00:00,3,False,OFFLINE_MISSED,-27.46,LOSS,0.931,0.279
1043,US500_BASE_861,US500,LONG,2023-05-17 17:00:00,17,True,ONLINE_CAPTURED,-27.47,LOSS,1.07,0.321
1044,US500_BASE_183,US500,SHORT,2020-09-09 06:00:00,6,False,OFFLINE_MISSED,-27.5,LOSS,1.309,0.393
1045,USDJPY_BASE_1490,USDJPY,SHORT,2025-10-31 01:00:00,1,False,OFFLINE_MISSED,-27.57,LOSS,0.793,0.416
1046,USDJPY_BASE_64,USDJPY,LONG,2020-03-18 19:00:00,19,True,ONLINE_CAPTURED,-27.58,LOSS,0.573,0.261
1047,USDJPY_BASE_286,USDJPY,LONG,2021-02-01 23:00:00,23,False,OFFLINE_MISSED,-27.58,LOSS,0.474,0.229
1048,USDJPY_BASE_680,USDJPY,LONG,2022-09-08 09:00:00,9,True,ONLINE_CAPTURED,-27.58,LOSS,0.532,0.218
1049,US500_BASE_128,US500,SHORT,2020-06-24 15:00:00,15,True,ONLINE_CAPTURED,-27.66,LOSS,1.341,0.402
1050,US500_BASE_41,US500,SHORT,2020-02-14 17:00:00,17,True,ONLINE_CAPTURED,-27.7,LOSS,1.397,0.419
1051,US500_BASE_875,US500,LONG,2023-05-31 14:00:00,14,True,ONLINE_CAPTURED,-27.71,LOSS,1.017,0.305
1052,US500_BASE_625,US500,SHORT,2022-06-24 18:00:00,18,True,ONLINE_CAPTURED,-27.79,LOSS,1.246,0.374
1053,USDJPY_BASE_264,USDJPY,LONG,2021-01-08 00:00:00,0,False,OFFLINE_MISSED,-27.8,LOSS,0.466,0.275
1054,USDJPY_BASE_1071,USDJPY,LONG,2024-03-12 02:00:00,2,False,OFFLINE_MISSED,-27.8,LOSS,0.57,0.299
1055,USDJPY_BASE_1471,USDJPY,SHORT,2025-10-09 15:00:00,15,True,ONLINE_CAPTURED,-27.8,LOSS,0.762,0.319
1056,US500_BASE_653,US500,SHORT,2022-07-29 07:00:00,7,False,OFFLINE_MISSED,-27.88,LOSS,1.15,0.345
1057,USDJPY_BASE_28,USDJPY,SHORT,2020-01-30 09:00:00,9,True,ONLINE_CAPTURED,-28.02,LOSS,0.636,0.278
1058,USDJPY_BASE_683,USDJPY,SHORT,2022-09-09 18:00:00,18,True,ONLINE_CAPTURED,-28.02,LOSS,0.552,0.278
1059,USDJPY_BASE_742,USDJPY,LONG,2022-12-08 14:00:00,14,True,ONLINE_CAPTURED,-28.02,LOSS,0.483,0.244
1060,USDJPY_BASE_1339,USDJPY,LONG,2025-04-10 15:00:00,15,True,ONLINE_CAPTURED,-28.02,LOSS,0.679,0.272
1061,US500_BASE_1287,US500,LONG,2025-01-22 03:00:00,3,False,OFFLINE_MISSED,-28.14,LOSS,0.75,0.266
1062,USDJPY_BASE_106,USDJPY,SHORT,2020-05-27 11:00:00,11,True,ONLINE_CAPTURED,-28.25,LOSS,0.597,0.272
1063,USDJPY_BASE_110,USDJPY,LONG,2020-05-29 22:00:00,22,False,OFFLINE_MISSED,-28.25,LOSS,0.591,0.301
1064,USDJPY_BASE_506,USDJPY,SHORT,2021-12-30 11:00:00,11,True,ONLINE_CAPTURED,-28.25,LOSS,0.562,0.233
1065,USDJPY_BASE_1066,USDJPY,LONG,2024-03-06 20:00:00,20,True,ONLINE_CAPTURED,-28.25,LOSS,0.579,0.306
1066,USDJPY_BASE_1185,USDJPY,SHORT,2024-08-20 03:00:00,3,False,OFFLINE_MISSED,-28.25,LOSS,0.633,0.331
1067,US500_BASE_786,US500,LONG,2023-01-25 22:00:00,22,False,OFFLINE_MISSED,-28.27,LOSS,1.047,0.314
1068,US500_BASE_1219,US500,SHORT,2024-10-04 15:00:00,15,True,ONLINE_CAPTURED,-28.31,LOSS,0.915,0.274
1069,US500_BASE_435,US500,LONG,2021-09-08 11:00:00,11,True,ONLINE_CAPTURED,-28.32,LOSS,1.319,0.396
1070,US500_BASE_454,US500,SHORT,2021-10-06 22:00:00,22,False,OFFLINE_MISSED,-28.35,LOSS,1.273,0.382
1071,US500_BASE_1380,US500,LONG,2025-06-16 17:00:00,17,True,ONLINE_CAPTURED,-28.41,LOSS,0.799,0.24
1072,USDJPY_BASE_511,USDJPY,SHORT,2022-01-07 21:00:00,21,True,ONLINE_CAPTURED,-28.47,LOSS,0.57,0.248
1073,US500_BASE_1495,US500,LONG,2025-11-05 17:00:00,17,True,ONLINE_CAPTURED,-28.68,LOSS,0.855,0.257
1074,US500_BASE_313,US500,SHORT,2021-03-16 14:00:00,14,True,ONLINE_CAPTURED,-28.69,LOSS,1.434,0.43
1075,USDJPY_BASE_404,USDJPY,SHORT,2021-07-30 16:00:00,16,False,OFFLINE_MISSED,-28.7,LOSS,0.559,0.224
1076,USDJPY_BASE_847,USDJPY,LONG,2023-04-27 09:00:00,9,True,ONLINE_CAPTURED,-28.7,LOSS,0.582,0.237
1077,USDJPY_BASE_1159,USDJPY,SHORT,2024-07-12 22:00:00,22,False,OFFLINE_MISSED,-28.7,LOSS,0.658,0.296
1078,USDJPY_BASE_1179,USDJPY,LONG,2024-08-08 19:00:00,19,True,ONLINE_CAPTURED,-28.7,LOSS,0.654,0.29
1079,US500_BASE_914,US500,LONG,2023-07-27 20:00:00,20,True,ONLINE_CAPTURED,-28.8,LOSS,1.058,0.318
1080,US500_BASE_1480,US500,LONG,2025-10-22 14:00:00,14,True,ONLINE_CAPTURED,-28.8,LOSS,0.825,0.247
1081,USDJPY_BASE_1513,USDJPY,LONG,2025-11-28 01:00:00,1,False,OFFLINE_MISSED,-28.93,LOSS,0.933,0.499
1082,USDJPY_BASE_1519,USDJPY,SHORT,2025-12-03 20:00:00,20,True,ONLINE_CAPTURED,-28.93,LOSS,0.937,0.404
1083,US500_BASE_46,US500,LONG,2020-02-19 19:00:00,19,True,ONLINE_CAPTURED,-29.04,LOSS,1.564,0.469
1084,USDJPY_BASE_324,USDJPY,SHORT,2021-04-01 15:00:00,15,True,ONLINE_CAPTURED,-29.15,LOSS,0.511,0.245
1085,USDJPY_BASE_777,USDJPY,SHORT,2023-01-19 12:00:00,12,True,ONLINE_CAPTURED,-29.15,LOSS,0.538,0.23
1086,USDJPY_BASE_1143,USDJPY,SHORT,2024-06-21 02:00:00,2,False,OFFLINE_MISSED,-29.15,LOSS,0.685,0.351
1087,US500_BASE_1437,US500,SHORT,2025-08-27 21:00:00,21,True,ONLINE_CAPTURED,-29.24,LOSS,0.854,0.256
1088,USDJPY_BASE_69,USDJPY,SHORT,2020-03-26 20:00:00,20,True,ONLINE_CAPTURED,-29.38,LOSS,0.644,0.388
1089,USDJPY_BASE_1324,USDJPY,LONG,2025-03-20 13:00:00,13,True,ONLINE_CAPTURED,-29.6,LOSS,0.764,0.333
1090,USDJPY_BASE_600,USDJPY,SHORT,2022-05-11 11:00:00,11,True,ONLINE_CAPTURED,-29.83,LOSS,0.63,0.277
1091,USDJPY_BASE_722,USDJPY,LONG,2022-11-07 19:00:00,19,True,ONLINE_CAPTURED,-29.83,LOSS,0.539,0.259
1092,US500_BASE_298,US500,LONG,2021-02-23 22:00:00,22,False,OFFLINE_MISSED,-29.95,LOSS,1.449,0.435
1093,US500_BASE_670,US500,LONG,2022-08-22 19:00:00,19,True,ONLINE_CAPTURED,-30.02,LOSS,1.201,0.36
1094,USDJPY_BASE_604,USDJPY,SHORT,2022-05-17 10:00:00,10,True,ONLINE_CAPTURED,-30.05,LOSS,0.641,0.277
1095,USDJPY_BASE_1072,USDJPY,SHORT,2024-03-14 15:00:00,15,True,ONLINE_CAPTURED,-30.05,LOSS,0.651,0.239
1096,USDJPY_BASE_335,USDJPY,LONG,2021-04-21 13:00:00,13,True,ONLINE_CAPTURED,-30.27,LOSS,0.565,0.215
1097,USDJPY_BASE_408,USDJPY,LONG,2021-08-02 21:00:00,21,True,ONLINE_CAPTURED,-30.27,LOSS,0.607,0.276
1098,USDJPY_BASE_761,USDJPY,SHORT,2022-12-29 09:00:00,9,True,ONLINE_CAPTURED,-30.27,LOSS,0.57,0.25
1099,USDJPY_BASE_1293,USDJPY,LONG,2025-01-30 18:00:00,18,True,ONLINE_CAPTURED,-30.27,LOSS,0.722,0.305
1100,USDJPY_BASE_587,USDJPY,LONG,2022-04-22 15:00:00,15,True,ONLINE_CAPTURED,-30.28,LOSS,0.646,0.247
1101,USDJPY_BASE_834,USDJPY,LONG,2023-04-14 14:00:00,14,True,ONLINE_CAPTURED,-30.28,LOSS,0.634,0.265
1102,USDJPY_BASE_899,USDJPY,LONG,2023-07-10 19:00:00,19,True,ONLINE_CAPTURED,-30.28,LOSS,0.647,0.292
1103,USDJPY_BASE_566,USDJPY,LONG,2022-03-28 23:00:00,23,False,OFFLINE_MISSED,-30.5,LOSS,0.654,0.352
1104,USDJPY_BASE_1226,USDJPY,SHORT,2024-10-16 17:00:00,17,True,ONLINE_CAPTURED,-30.72,LOSS,0.749,0.357
1105,USDJPY_BASE_109,USDJPY,SHORT,2020-05-29 07:00:00,7,False,OFFLINE_MISSED,-30.95,LOSS,0.696,0.296
1106,USDJPY_BASE_1059,USDJPY,LONG,2024-02-27 10:00:00,10,True,ONLINE_CAPTURED,-31.17,LOSS,0.69,0.299
1107,USDJPY_BASE_1129,USDJPY,SHORT,2024-06-04 14:00:00,14,True,ONLINE_CAPTURED,-31.49,LOSS,0.793,0.238
1108,BTCUSD_BASE_379,BTCUSD,SHORT,2021-06-27 17:00:00,17,True,ONLINE_CAPTURED,-31.62,LOSS,0.14,0.662
1109,USDJPY_BASE_418,USDJPY,LONG,2021-08-21 02:00:00,2,False,OFFLINE_MISSED,-31.62,LOSS,0.686,0.329
1110,USDJPY_BASE_1127,USDJPY,LONG,2024-05-31 22:00:00,22,False,OFFLINE_MISSED,-31.71,LOSS,0.796,0.239
1111,BTCUSD_BASE_277,BTCUSD,SHORT,2021-01-26 08:00:00,8,False,OFFLINE_MISSED,-31.77,LOSS,0.11,0.548
1112,USDJPY_BASE_127,USDJPY,SHORT,2020-06-22 21:00:00,21,True,ONLINE_CAPTURED,-31.85,LOSS,0.717,0.36
1113,USDJPY_BASE_175,USDJPY,SHORT,2020-09-01 15:00:00,15,True,ONLINE_CAPTURED,-31.85,LOSS,0.673,0.264
1114,USDJPY_BASE_1124,USDJPY,SHORT,2024-05-29 23:00:00,23,False,OFFLINE_MISSED,-31.85,LOSS,0.81,0.349
1115,USDJPY_BASE_984,USDJPY,SHORT,2023-11-15 15:00:00,15,True,ONLINE_CAPTURED,-32.04,LOSS,0.65,0.195
1116,USDJPY_BASE_68,USDJPY,LONG,2020-03-25 20:00:00,20,True,ONLINE_CAPTURED,-32.07,LOSS,0.742,0.338
1117,USDJPY_BASE_292,USDJPY,LONG,2021-02-15 13:00:00,13,True,ONLINE_CAPTURED,-32.21,LOSS,0.615,0.184
1118,USDJPY_BASE_138,USDJPY,LONG,2020-07-09 10:00:00,10,True,ONLINE_CAPTURED,-32.3,LOSS,0.725,0.318
1119,USDJPY_BASE_1244,USDJPY,LONG,2024-11-14 14:00:00,14,True,ONLINE_CAPTURED,-32.46,LOSS,0.819,0.246
1120,USDJPY_BASE_148,USDJPY,LONG,2020-07-27 18:00:00,18,True,ONLINE_CAPTURED,-32.5,LOSS,0.756,0.227
1121,USDJPY_BASE_1261,USDJPY,LONG,2024-12-09 20:00:00,20,True,ONLINE_CAPTURED,-32.53,LOSS,0.806,0.357
1122,USDJPY_BASE_808,USDJPY,SHORT,2023-03-07 14:00:00,14,True,ONLINE_CAPTURED,-32.54,LOSS,0.672,0.201
1123,USDJPY_BASE_389,USDJPY,SHORT,2021-07-08 10:00:00,10,True,ONLINE_CAPTURED,-32.75,LOSS,0.686,0.232
1124,USDJPY_BASE_1533,USDJPY,SHORT,2025-12-18 17:00:00,17,True,ONLINE_CAPTURED,-32.75,LOSS,1.138,0.425
1125,USDJPY_BASE_9,USDJPY,SHORT,2020-01-14 09:00:00,9,True,ONLINE_CAPTURED,-32.97,LOSS,0.832,0.297
1126,USDJPY_BASE_1400,USDJPY,LONG,2025-07-07 13:00:00,13,True,ONLINE_CAPTURED,-33.09,LOSS,0.915,0.275
1127,USDJPY_BASE_926,USDJPY,LONG,2023-08-14 23:00:00,23,False,OFFLINE_MISSED,-33.2,LOSS,0.709,0.284
1128,USDJPY_BASE_1349,USDJPY,SHORT,2025-04-25 15:00:00,15,True,ONLINE_CAPTURED,-33.2,LOSS,0.91,0.315
1129,USDJPY_BASE_1448,USDJPY,LONG,2025-09-12 21:00:00,21,True,ONLINE_CAPTURED,-33.2,LOSS,0.938,0.412
1130,USDJPY_BASE_634,USDJPY,LONG,2022-07-07 14:00:00,14,True,ONLINE_CAPTURED,-33.22,LOSS,0.691,0.207
1131,USDJPY_BASE_837,USDJPY,SHORT,2023-04-17 12:00:00,12,True,ONLINE_CAPTURED,-33.28,LOSS,0.744,0.223
1132,USDJPY_BASE_144,USDJPY,LONG,2020-07-21 20:00:00,20,True,ONLINE_CAPTURED,-33.53,LOSS,0.802,0.24
1133,USDJPY_BASE_1027,USDJPY,LONG,2024-01-18 08:00:00,8,False,OFFLINE_MISSED,-33.64,LOSS,0.763,0.229
1134,USDJPY_BASE_25,USDJPY,LONG,2020-01-27 15:00:00,15,True,ONLINE_CAPTURED,-33.66,LOSS,0.846,0.254
1135,USDJPY_BASE_38,USDJPY,SHORT,2020-02-12 15:00:00,15,True,ONLINE_CAPTURED,-33.9,LOSS,0.844,0.253
1136,USDJPY_BASE_1385,USDJPY,SHORT,2025-06-23 15:00:00,15,True,ONLINE_CAPTURED,-33.94,LOSS,0.922,0.277
1137,USDJPY_BASE_1320,USDJPY,LONG,2025-03-14 18:00:00,18,True,ONLINE_CAPTURED,-34.09,LOSS,0.946,0.284
1138,USDJPY_BASE_37,USDJPY,LONG,2020-02-11 20:00:00,20,True,ONLINE_CAPTURED,-34.1,LOSS,0.847,0.315
1139,USDJPY_BASE_320,USDJPY,LONG,2021-03-23 15:00:00,15,True,ONLINE_CAPTURED,-34.18,LOSS,0.643,0.193
1140,USDJPY_BASE_597,USDJPY,SHORT,2022-05-05 22:00:00,22,False,OFFLINE_MISSED,-34.32,LOSS,0.789,0.337
1141,BTCUSD_BASE_1270,BTCUSD,LONG,2024-12-19 15:00:00,15,True,ONLINE_CAPTURED,-34.74,LOSS,0.061,0.276
1142,USDJPY_BASE_1166,USDJPY,SHORT,2024-07-24 14:00:00,14,True,ONLINE_CAPTURED,-34.88,LOSS,0.925,0.278
1143,USDJPY_BASE_1442,USDJPY,LONG,2025-09-03 18:00:00,18,True,ONLINE_CAPTURED,-34.88,LOSS,1.022,0.306
1144,USDJPY_BASE_1140,USDJPY,SHORT,2024-06-18 19:00:00,19,True,ONLINE_CAPTURED,-34.93,LOSS,0.928,0.278
1145,USDJPY_BASE_699,USDJPY,LONG,2022-09-29 15:00:00,15,True,ONLINE_CAPTURED,-34.99,LOSS,0.772,0.232
1146,BTCUSD_BASE_1206,BTCUSD,LONG,2024-09-17 17:00:00,17,True,ONLINE_CAPTURED,-35.23,LOSS,0.075,0.304
1147,USDJPY_BASE_1010,USDJPY,LONG,2023-12-27 09:00:00,9,True,ONLINE_CAPTURED,-35.24,LOSS,0.784,0.235
1148,USDJPY_BASE_945,USDJPY,LONG,2023-09-08 07:00:00,7,False,OFFLINE_MISSED,-35.35,LOSS,0.77,0.231
1149,USDJPY_BASE_34,USDJPY,LONG,2020-02-07 11:00:00,11,True,ONLINE_CAPTURED,-35.53,LOSS,0.917,0.275
1150,GBPUSD_BASE_124,GBPUSD,SHORT,2020-06-18 21:00:00,21,True,ONLINE_CAPTURED,-35.6,LOSS,0.049,0.212
1151,USDJPY_BASE_1081,USDJPY,SHORT,2024-04-02 16:00:00,16,False,OFFLINE_MISSED,-35.63,LOSS,0.882,0.265
1152,USDJPY_BASE_1387,USDJPY,LONG,2025-06-24 09:00:00,9,True,ONLINE_CAPTURED,-35.63,LOSS,0.99,0.297
1153,USDJPY_BASE_592,USDJPY,LONG,2022-04-28 16:00:00,16,False,OFFLINE_MISSED,-35.66,LOSS,0.859,0.258
1154,USDJPY_BASE_764,USDJPY,SHORT,2023-01-04 09:00:00,9,True,ONLINE_CAPTURED,-35.95,LOSS,0.744,0.223
1155,USDJPY_BASE_1370,USDJPY,LONG,2025-05-30 19:00:00,19,True,ONLINE_CAPTURED,-36.01,LOSS,0.977,0.293
1156,USDJPY_BASE_1110,USDJPY,LONG,2024-05-13 18:00:00,18,True,ONLINE_CAPTURED,-36.06,LOSS,0.971,0.291
1157,USDJPY_BASE_82,USDJPY,SHORT,2020-04-17 12:00:00,12,True,ONLINE_CAPTURED,-36.11,LOSS,0.881,0.264
1158,USDJPY_BASE_218,USDJPY,SHORT,2020-11-02 18:00:00,18,True,ONLINE_CAPTURED,-36.22,LOSS,0.781,0.234
1159,USDJPY_BASE_141,USDJPY,LONG,2020-07-14 18:00:00,18,True,ONLINE_CAPTURED,-36.24,LOSS,0.866,0.26
1160,USDJPY_BASE_1481,USDJPY,LONG,2025-10-22 14:00:00,14,True,ONLINE_CAPTURED,-36.43,LOSS,1.21,0.363
1161,BTCUSD_BASE_556,BTCUSD,SHORT,2022-03-10 09:00:00,9,True,ONLINE_CAPTURED,-36.51,LOSS,0.22,0.698
1162,USDJPY_BASE_564,USDJPY,SHORT,2022-03-24 20:00:00,20,True,ONLINE_CAPTURED,-36.62,LOSS,0.874,0.262
1163,USDJPY_BASE_352,USDJPY,LONG,2021-05-13 09:00:00,9,True,ONLINE_CAPTURED,-36.87,LOSS,0.809,0.243
1164,USDJPY_BASE_986,USDJPY,SHORT,2023-11-17 11:00:00,11,True,ONLINE_CAPTURED,-37.13,LOSS,0.825,0.248
1165,USDJPY_BASE_819,USDJPY,LONG,2023-03-24 06:00:00,6,False,OFFLINE_MISSED,-37.21,LOSS,0.826,0.248
1166,USDJPY_BASE_1094,USDJPY,SHORT,2024-04-19 20:00:00,20,True,ONLINE_CAPTURED,-37.34,LOSS,0.971,0.291
1167,USDJPY_BASE_1479,USDJPY,SHORT,2025-10-21 15:00:00,15,True,ONLINE_CAPTURED,-37.42,LOSS,1.269,0.381
1168,USDJPY_BASE_181,USDJPY,LONG,2020-09-04 23:00:00,23,False,OFFLINE_MISSED,-37.79,LOSS,0.852,0.256
1169,USDJPY_BASE_1046,USDJPY,SHORT,2024-02-12 17:00:00,17,True,ONLINE_CAPTURED,-38.05,LOSS,0.929,0.279
1170,USDJPY_BASE_270,USDJPY,LONG,2021-01-14 18:00:00,18,True,ONLINE_CAPTURED,-38.14,LOSS,0.785,0.236
1171,USDJPY_BASE_1462,USDJPY,SHORT,2025-09-26 21:00:00,21,True,ONLINE_CAPTURED,-38.24,LOSS,1.211,0.363
1172,USDJPY_BASE_230,USDJPY,LONG,2020-11-18 15:00:00,15,True,ONLINE_CAPTURED,-38.61,LOSS,0.856,0.257
1173,USDJPY_BASE_1413,USDJPY,SHORT,2025-07-25 15:00:00,15,True,ONLINE_CAPTURED,-38.65,LOSS,1.155,0.347
1174,USDJPY_BASE_1362,USDJPY,LONG,2025-05-21 14:00:00,14,True,ONLINE_CAPTURED,-38.76,LOSS,1.069,0.321
1175,USDJPY_BASE_36,USDJPY,SHORT,2020-02-10 05:00:00,5,False,OFFLINE_MISSED,-39.03,LOSS,1.064,0.319
1176,USDJPY_BASE_338,USDJPY,SHORT,2021-04-22 20:00:00,20,True,ONLINE_CAPTURED,-39.06,LOSS,0.848,0.255
1177,USDJPY_BASE_561,USDJPY,LONG,2022-03-21 19:00:00,19,True,ONLINE_CAPTURED,-39.53,LOSS,0.958,0.287
1178,USDJPY_BASE_1335,USDJPY,SHORT,2025-04-09 03:00:00,3,False,OFFLINE_MISSED,-39.78,LOSS,1.207,0.362
1179,USDJPY_BASE_43,USDJPY,SHORT,2020-02-18 19:00:00,19,True,ONLINE_CAPTURED,-39.89,LOSS,1.065,0.32
1180,BTCUSD_BASE_158,BTCUSD,SHORT,2020-08-11 13:00:00,13,True,ONLINE_CAPTURED,-40.11,LOSS,0.244,0.702
1181,USDJPY_BASE_1296,USDJPY,LONG,2025-02-04 15:00:00,15,True,ONLINE_CAPTURED,-40.33,LOSS,1.134,0.34
1182,USDJPY_BASE_160,USDJPY,SHORT,2020-08-13 00:00:00,0,False,OFFLINE_MISSED,-41.19,LOSS,1.059,0.318
1183,USDJPY_BASE_224,USDJPY,SHORT,2020-11-10 22:00:00,22,False,OFFLINE_MISSED,-41.2,LOSS,0.937,0.281
1184,USDJPY_BASE_1122,USDJPY,LONG,2024-05-28 23:00:00,23,False,OFFLINE_MISSED,-41.53,LOSS,1.202,0.361
1185,BTCUSD_BASE_706,BTCUSD,LONG,2022-10-06 19:00:00,19,True,ONLINE_CAPTURED,-43.66,LOSS,0.175,0.555
1186,BTCUSD_BASE_349,BTCUSD,LONG,2021-05-09 13:00:00,13,True,ONLINE_CAPTURED,-44.74,LOSS,0.216,0.544
1187,BTCUSD_BASE_1007,BTCUSD,LONG,2023-12-23 18:00:00,18,True,ONLINE_CAPTURED,-45.6,LOSS,0.133,0.321
1188,BTCUSD_BASE_19,BTCUSD,LONG,2020-01-19 17:00:00,17,True,ONLINE_CAPTURED,-46.52,LOSS,1.1,3.205
1189,BTCUSD_BASE_85,BTCUSD,LONG,2020-04-21 08:00:00,8,False,OFFLINE_MISSED,-46.73,LOSS,0.469,1.184
1190,BTCUSD_BASE_1289,BTCUSD,SHORT,2025-01-25 13:00:00,13,True,ONLINE_CAPTURED,-46.73,LOSS,0.095,0.227
1191,BTCUSD_BASE_840,BTCUSD,LONG,2023-04-21 21:00:00,21,True,ONLINE_CAPTURED,-50.09,LOSS,0.27,0.624
1192,BTCUSD_BASE_757,BTCUSD,SHORT,2022-12-25 15:00:00,15,True,ONLINE_CAPTURED,-50.19,LOSS,0.369,0.751
1193,BTCUSD_BASE_1057,BTCUSD,SHORT,2024-02-24 20:00:00,20,True,ONLINE_CAPTURED,-50.38,LOSS,0.164,0.451
1194,BTCUSD_BASE_567,BTCUSD,LONG,2022-03-30 17:00:00,17,True,ONLINE_CAPTURED,-52.64,LOSS,0.367,0.954
1195,GBPUSD_BASE_189,GBPUSD,LONG,2020-09-15 19:00:00,19,True,ONLINE_CAPTURED,-54.15,LOSS,0.09,0.233
1196,BTCUSD_BASE_116,BTCUSD,SHORT,2020-06-06 17:00:00,17,True,ONLINE_CAPTURED,-57.65,LOSS,0.424,1.01
1197,GBPUSD_BASE_631,GBPUSD,LONG,2022-07-05 13:00:00,13,True,ONLINE_CAPTURED,-58.7,LOSS,0.112,0.216
1198,BTCUSD_BASE_409,BTCUSD,SHORT,2021-08-05 06:00:00,6,False,OFFLINE_MISSED,-61.23,LOSS,0.342,0.571
1199,BTCUSD_BASE_432,BTCUSD,LONG,2021-09-03 03:00:00,3,False,OFFLINE_MISSED,-62.84,LOSS,0.389,0.725
1200,BTCUSD_BASE_747,BTCUSD,LONG,2022-12-15 04:00:00,4,False,OFFLINE_MISSED,-63.67,LOSS,0.426,0.773
1201,BTCUSD_BASE_1151,BTCUSD,SHORT,2024-07-02 19:00:00,19,True,ONLINE_CAPTURED,-65.91,LOSS,0.174,0.291
1202,BTCUSD_BASE_139,BTCUSD,LONG,2020-07-13 03:00:00,3,False,OFFLINE_MISSED,-66.69,LOSS,0.421,0.765
1203,GBPUSD_BASE_157,GBPUSD,LONG,2020-08-10 23:00:00,23,False,OFFLINE_MISSED,-66.75,LOSS,0.117,0.193
1204,BTCUSD_BASE_18,BTCUSD,SHORT,2020-01-18 17:00:00,17,True,ONLINE_CAPTURED,-67.21,LOSS,1.75,2.69
1205,BTCUSD_BASE_70,BTCUSD,SHORT,2020-03-29 12:00:00,12,True,ONLINE_CAPTURED,-70.83,LOSS,0.782,0.961
1206,BTCUSD_BASE_1473,BTCUSD,LONG,2025-10-12 15:00:00,15,True,ONLINE_CAPTURED,-71.05,LOSS,0.202,0.304
1207,BTCUSD_BASE_1157,BTCUSD,SHORT,2024-07-11 03:00:00,3,False,OFFLINE_MISSED,-71.54,LOSS,0.196,0.327
1208,GBPUSD_BASE_1420,GBPUSD,LONG,2025-08-07 19:00:00,19,True,ONLINE_CAPTURED,-77.6,LOSS,0.201,0.341
1209,BTCUSD_BASE_950,BTCUSD,LONG,2023-09-18 12:00:00,12,True,ONLINE_CAPTURED,-78.09,LOSS,0.357,0.447
1210,GBPUSD_BASE_640,GBPUSD,LONG,2022-07-14 12:00:00,12,True,ONLINE_CAPTURED,-78.65,LOSS,0.161,0.242
1211,GBPUSD_BASE_1292,GBPUSD,LONG,2025-01-30 16:00:00,16,False,OFFLINE_MISSED,-81.45,LOSS,0.199,0.318
1212,GBPUSD_BASE_1204,GBPUSD,LONG,2024-09-11 15:00:00,15,True,ONLINE_CAPTURED,-85.65,LOSS,0.202,0.218
1213,BTCUSD_BASE_1355,BTCUSD,SHORT,2025-05-09 18:00:00,18,True,ONLINE_CAPTURED,-86.07,LOSS,0.224,0.316
1214,BTCUSD_BASE_1327,BTCUSD,LONG,2025-03-26 08:00:00,8,False,OFFLINE_MISSED,-89.84,LOSS,0.239,0.277
1215,BTCUSD_BASE_1494,BTCUSD,LONG,2025-11-04 17:00:00,17,True,ONLINE_CAPTURED,-90.43,LOSS,0.256,0.261
1216,BTCUSD_BASE_1383,BTCUSD,SHORT,2025-06-20 10:00:00,10,True,ONLINE_CAPTURED,-92.0,LOSS,0.266,0.317
1217,BTCUSD_BASE_467,BTCUSD,LONG,2021-10-22 06:00:00,6,False,OFFLINE_MISSED,-96.66,LOSS,0.635,0.586
1218,BTCUSD_BASE_1148,BTCUSD,LONG,2024-06-28 03:00:00,3,False,OFFLINE_MISSED,-97.29,LOSS,0.275,0.337
1219,BTCUSD_BASE_275,BTCUSD,SHORT,2021-01-19 19:00:00,19,True,ONLINE_CAPTURED,-98.84,LOSS,0.485,0.587
1220,BTCUSD_BASE_1199,BTCUSD,SHORT,2024-09-05 22:00:00,22,False,OFFLINE_MISSED,-99.1,LOSS,0.274,0.295
1221,BTCUSD_BASE_474,BTCUSD,SHORT,2021-11-06 20:00:00,20,True,ONLINE_CAPTURED,-99.29,LOSS,0.764,0.722
1222,BTCUSD_BASE_1530,BTCUSD,LONG,2025-12-17 00:00:00,0,False,OFFLINE_MISSED,-103.53,LOSS,0.318,0.342
1223,BTCUSD_BASE_942,BTCUSD,LONG,2023-09-03 15:00:00,15,True,ONLINE_CAPTURED,-104.35,LOSS,0.508,0.439
1224,GBPUSD_BASE_383,GBPUSD,LONG,2021-07-02 22:00:00,22,False,OFFLINE_MISSED,-104.9,LOSS,0.219,0.249
1225,BTCUSD_BASE_969,BTCUSD,SHORT,2023-10-26 19:00:00,19,True,ONLINE_CAPTURED,-106.1,LOSS,0.557,0.593
1226,BTCUSD_BASE_831,BTCUSD,SHORT,2023-04-09 10:00:00,10,True,ONLINE_CAPTURED,-106.45,LOSS,0.686,0.695
1227,BTCUSD_BASE_83,BTCUSD,LONG,2020-04-18 21:00:00,21,True,ONLINE_CAPTURED,-108.12,LOSS,1.319,1.43
1228,BTCUSD_BASE_1543,BTCUSD,SHORT,2025-12-30 22:00:00,22,False,OFFLINE_MISSED,-111.34,LOSS,0.347,0.314
1229,BTCUSD_BASE_727,BTCUSD,SHORT,2022-11-17 18:00:00,18,True,ONLINE_CAPTURED,-112.34,LOSS,0.682,0.662
1230,BTCUSD_BASE_433,BTCUSD,SHORT,2021-09-04 16:00:00,16,False,OFFLINE_MISSED,-112.66,LOSS,0.771,0.659
1231,BTCUSD_BASE_393,BTCUSD,SHORT,2021-07-13 21:00:00,21,True,ONLINE_CAPTURED,-114.87,LOSS,0.738,0.762
1232,BTCUSD_BASE_1317,BTCUSD,LONG,2025-03-07 20:00:00,20,True,ONLINE_CAPTURED,-114.98,LOSS,0.318,0.343
1233,BTCUSD_BASE_1447,BTCUSD,SHORT,2025-09-12 09:00:00,9,True,ONLINE_CAPTURED,-114.99,LOSS,0.351,0.293
1234,BTCUSD_BASE_1125,BTCUSD,LONG,2024-05-30 18:00:00,18,True,ONLINE_CAPTURED,-118.0,LOSS,0.372,0.384
1235,BTCUSD_BASE_771,BTCUSD,LONG,2023-01-12 10:00:00,10,True,ONLINE_CAPTURED,-118.4,LOSS,0.93,0.603
1236,BTCUSD_BASE_1044,BTCUSD,SHORT,2024-02-09 20:00:00,20,True,ONLINE_CAPTURED,-118.66,LOSS,0.446,0.404
1237,BTCUSD_BASE_1306,BTCUSD,SHORT,2025-02-18 18:00:00,18,True,ONLINE_CAPTURED,-119.18,LOSS,0.307,0.236
1238,BTCUSD_BASE_437,BTCUSD,SHORT,2021-09-10 22:00:00,22,False,OFFLINE_MISSED,-119.91,LOSS,0.846,0.656
1239,GBPUSD_BASE_887,GBPUSD,LONG,2023-06-22 20:00:00,20,True,ONLINE_CAPTURED,-121.7,LOSS,0.276,0.212
1240,GBPUSD_BASE_1247,GBPUSD,SHORT,2024-11-15 21:00:00,21,True,ONLINE_CAPTURED,-122.05,LOSS,0.319,0.306
1241,BTCUSD_BASE_1428,BTCUSD,LONG,2025-08-16 12:00:00,12,True,ONLINE_CAPTURED,-122.26,LOSS,0.376,0.311
1242,BTCUSD_BASE_855,BTCUSD,SHORT,2023-05-09 13:00:00,13,True,ONLINE_CAPTURED,-123.31,LOSS,0.749,0.465
1243,GBPUSD_BASE_705,GBPUSD,LONG,2022-10-04 03:00:00,3,False,OFFLINE_MISSED,-123.8,LOSS,0.27,0.21
1244,BTCUSD_BASE_1378,BTCUSD,LONG,2025-06-14 04:00:00,4,False,OFFLINE_MISSED,-126.02,LOSS,0.371,0.27
1245,BTCUSD_BASE_623,BTCUSD,LONG,2022-06-21 10:00:00,10,True,ONLINE_CAPTURED,-126.8,LOSS,0.775,0.539
1246,BTCUSD_BASE_593,BTCUSD,SHORT,2022-04-30 10:00:00,10,True,ONLINE_CAPTURED,-128.39,LOSS,1.047,0.727
1247,GBPUSD_BASE_1381,GBPUSD,SHORT,2025-06-17 05:00:00,5,False,OFFLINE_MISSED,-131.85,LOSS,0.372,0.295
1248,BTCUSD_BASE_1216,BTCUSD,SHORT,2024-09-30 16:00:00,16,False,OFFLINE_MISSED,-134.27,LOSS,0.404,0.263
1249,BTCUSD_BASE_768,BTCUSD,SHORT,2023-01-07 22:00:00,22,False,OFFLINE_MISSED,-137.18,LOSS,1.044,0.914
1250,BTCUSD_BASE_53,BTCUSD,LONG,2020-03-02 18:00:00,18,True,ONLINE_CAPTURED,-138.19,LOSS,2.061,1.552
1251,BTCUSD_BASE_1205,BTCUSD,SHORT,2024-09-15 01:00:00,1,False,OFFLINE_MISSED,-138.72,LOSS,0.414,0.317
1252,BTCUSD_BASE_1195,BTCUSD,LONG,2024-09-03 15:00:00,15,True,ONLINE_CAPTURED,-139.55,LOSS,0.393,0.26
1253,BTCUSD_BASE_1056,BTCUSD,LONG,2024-02-22 16:00:00,16,False,OFFLINE_MISSED,-141.06,LOSS,0.548,0.398
1254,BTCUSD_BASE_907,BTCUSD,LONG,2023-07-17 21:00:00,21,True,ONLINE_CAPTURED,-143.48,LOSS,0.725,0.471
1255,BTCUSD_BASE_981,BTCUSD,SHORT,2023-11-13 18:00:00,18,True,ONLINE_CAPTURED,-144.78,LOSS,0.687,0.485
1256,GBPUSD_BASE_296,GBPUSD,LONG,2021-02-22 23:00:00,23,False,OFFLINE_MISSED,-144.8,LOSS,0.293,0.209
1257,BTCUSD_BASE_1395,BTCUSD,LONG,2025-07-02 07:00:00,7,False,OFFLINE_MISSED,-145.09,LOSS,0.438,0.315
1258,BTCUSD_BASE_1150,BTCUSD,SHORT,2024-06-30 08:00:00,8,False,OFFLINE_MISSED,-145.32,LOSS,0.431,0.254
1259,BTCUSD_BASE_818,BTCUSD,LONG,2023-03-23 08:00:00,8,False,OFFLINE_MISSED,-145.92,LOSS,1.012,0.683
1260,BTCUSD_BASE_1482,BTCUSD,LONG,2025-10-23 00:00:00,0,False,OFFLINE_MISSED,-146.12,LOSS,0.445,0.268
1261,BTCUSD_BASE_1105,BTCUSD,LONG,2024-05-05 20:00:00,20,True,ONLINE_CAPTURED,-146.59,LOSS,0.496,0.32
1262,BTCUSD_BASE_466,BTCUSD,SHORT,2021-10-21 03:00:00,3,False,OFFLINE_MISSED,-147.62,LOSS,1.026,0.687
1263,BTCUSD_BASE_405,BTCUSD,SHORT,2021-07-30 23:00:00,23,False,OFFLINE_MISSED,-148.17,LOSS,0.9,0.708
1264,BTCUSD_BASE_1214,BTCUSD,LONG,2024-09-29 03:00:00,3,False,OFFLINE_MISSED,-148.81,LOSS,0.449,0.235
1265,BTCUSD_BASE_282,BTCUSD,LONG,2021-01-30 15:00:00,15,True,ONLINE_CAPTURED,-149.82,LOSS,0.765,0.37
1266,BTCUSD_BASE_1421,BTCUSD,LONG,2025-08-08 12:00:00,12,True,ONLINE_CAPTURED,-150.2,LOSS,0.463,0.226
1267,BTCUSD_BASE_1089,BTCUSD,LONG,2024-04-13 19:00:00,19,True,ONLINE_CAPTURED,-151.19,LOSS,0.537,0.361
1268,BTCUSD_BASE_1268,BTCUSD,LONG,2024-12-18 17:00:00,17,True,ONLINE_CAPTURED,-152.15,LOSS,0.382,0.191
1269,GBPUSD_BASE_806,GBPUSD,SHORT,2023-03-03 02:00:00,2,False,OFFLINE_MISSED,-156.7,LOSS,0.352,0.243
1270,GBPUSD_BASE_1310,GBPUSD,SHORT,2025-02-25 09:00:00,9,True,ONLINE_CAPTURED,-157.05,LOSS,0.411,0.283
1271,BTCUSD_BASE_362,BTCUSD,SHORT,2021-05-31 21:00:00,21,True,ONLINE_CAPTURED,-157.08,LOSS,1.007,0.662
1272,BTCUSD_BASE_84,BTCUSD,SHORT,2020-04-19 21:00:00,21,True,ONLINE_CAPTURED,-157.44,LOSS,1.994,1.14
1273,BTCUSD_BASE_95,BTCUSD,SHORT,2020-05-08 21:00:00,21,True,ONLINE_CAPTURED,-159.64,LOSS,1.856,1.2
1274,BTCUSD_BASE_1540,BTCUSD,LONG,2025-12-28 21:00:00,21,True,ONLINE_CAPTURED,-160.37,LOSS,0.517,0.341
1275,BTCUSD_BASE_293,BTCUSD,SHORT,2021-02-15 16:00:00,16,False,OFFLINE_MISSED,-161.05,LOSS,0.836,0.514
1276,BTCUSD_BASE_1017,BTCUSD,LONG,2024-01-07 21:00:00,21,True,ONLINE_CAPTURED,-161.73,LOSS,0.636,0.445
1277,BTCUSD_BASE_71,BTCUSD,LONG,2020-03-31 08:00:00,8,False,OFFLINE_MISSED,-162.14,LOSS,1.989,1.167
1278,BTCUSD_BASE_1114,BTCUSD,LONG,2024-05-16 21:00:00,21,True,ONLINE_CAPTURED,-163.25,LOSS,0.536,0.336
1279,BTCUSD_BASE_1341,BTCUSD,SHORT,2025-04-13 06:00:00,6,False,OFFLINE_MISSED,-163.66,LOSS,0.469,0.308
1280,BTCUSD_BASE_1516,BTCUSD,LONG,2025-11-30 04:00:00,4,False,OFFLINE_MISSED,-163.84,LOSS,0.511,0.325
1281,BTCUSD_BASE_845,BTCUSD,SHORT,2023-04-25 13:00:00,13,True,ONLINE_CAPTURED,-164.02,LOSS,1.111,0.545
1282,BTCUSD_BASE_1220,BTCUSD,SHORT,2024-10-05 12:00:00,12,True,ONLINE_CAPTURED,-164.53,LOSS,0.504,0.306
1283,GBPUSD_BASE_743,GBPUSD,SHORT,2022-12-09 05:00:00,5,False,OFFLINE_MISSED,-165.45,LOSS,0.402,0.255
1284,BTCUSD_BASE_572,BTCUSD,LONG,2022-04-08 10:00:00,10,True,ONLINE_CAPTURED,-165.61,LOSS,1.474,0.742
1285,BTCUSD_BASE_513,BTCUSD,LONG,2022-01-10 15:00:00,15,True,ONLINE_CAPTURED,-166.24,LOSS,1.337,0.844
1286,BTCUSD_BASE_1248,BTCUSD,LONG,2024-11-16 10:00:00,10,True,ONLINE_CAPTURED,-167.49,LOSS,0.458,0.243
1287,GBPUSD_BASE_585,GBPUSD,SHORT,2022-04-20 21:00:00,21,True,ONLINE_CAPTURED,-167.55,LOSS,0.371,0.245
1288,BTCUSD_BASE_729,BTCUSD,LONG,2022-11-20 23:00:00,23,False,OFFLINE_MISSED,-167.63,LOSS,1.002,0.575
1289,BTCUSD_BASE_262,BTCUSD,LONG,2021-01-05 22:00:00,22,False,OFFLINE_MISSED,-168.28,LOSS,0.909,0.525
1290,BTCUSD_BASE_1136,BTCUSD,LONG,2024-06-09 13:00:00,13,True,ONLINE_CAPTURED,-168.58,LOSS,0.544,0.294
1291,BTCUSD_BASE_852,BTCUSD,SHORT,2023-05-03 16:00:00,16,False,OFFLINE_MISSED,-168.76,LOSS,1.156,0.643
1292,BTCUSD_BASE_712,BTCUSD,SHORT,2022-10-19 12:00:00,12,True,ONLINE_CAPTURED,-168.79,LOSS,0.925,0.551
1293,BTCUSD_BASE_1445,BTCUSD,LONG,2025-09-08 21:00:00,21,True,ONLINE_CAPTURED,-169.16,LOSS,0.529,0.308
1294,GBPUSD_BASE_234,GBPUSD,SHORT,2020-11-21 03:00:00,3,False,OFFLINE_MISSED,-169.65,LOSS,0.337,0.197
1295,BTCUSD_BASE_321,BTCUSD,SHORT,2021-03-24 14:00:00,14,True,ONLINE_CAPTURED,-170.09,LOSS,1.05,0.564
1296,BTCUSD_BASE_1449,BTCUSD,LONG,2025-09-14 06:00:00,6,False,OFFLINE_MISSED,-171.69,LOSS,0.537,0.313
1297,BTCUSD_BASE_1468,BTCUSD,SHORT,2025-10-04 17:00:00,17,True,ONLINE_CAPTURED,-171.89,LOSS,0.545,0.328
1298,BTCUSD_BASE_460,BTCUSD,SHORT,2021-10-15 02:00:00,2,False,OFFLINE_MISSED,-172.05,LOSS,1.258,0.77
1299,BTCUSD_BASE_686,BTCUSD,SHORT,2022-09-15 08:00:00,8,False,OFFLINE_MISSED,-172.26,LOSS,0.954,0.487
1300,BTCUSD_BASE_1521,BTCUSD,SHORT,2025-12-06 10:00:00,10,True,ONLINE_CAPTURED,-172.65,LOSS,0.54,0.281
1301,BTCUSD_BASE_307,BTCUSD,LONG,2021-03-09 22:00:00,22,False,OFFLINE_MISSED,-173.76,LOSS,1.064,0.625
1302,BTCUSD_BASE_580,BTCUSD,LONG,2022-04-18 07:00:00,7,False,OFFLINE_MISSED,-173.85,LOSS,1.687,0.954
1303,BTCUSD_BASE_700,BTCUSD,SHORT,2022-09-29 19:00:00,19,True,ONLINE_CAPTURED,-173.99,LOSS,0.91,0.505
1304,BTCUSD_BASE_900,BTCUSD,LONG,2023-07-11 05:00:00,5,False,OFFLINE_MISSED,-174.27,LOSS,0.925,0.579
1305,BTCUSD_BASE_988,BTCUSD,SHORT,2023-11-19 07:00:00,7,False,OFFLINE_MISSED,-174.6,LOSS,0.801,0.406
1306,BTCUSD_BASE_1171,BTCUSD,SHORT,2024-07-31 19:00:00,19,True,ONLINE_CAPTURED,-176.36,LOSS,0.532,0.346
1307,BTCUSD_BASE_253,BTCUSD,LONG,2020-12-21 14:00:00,14,True,ONLINE_CAPTURED,-176.9,LOSS,0.952,0.461
1308,GBPUSD_BASE_1015,GBPUSD,LONG,2024-01-05 15:00:00,15,True,ONLINE_CAPTURED,-177.35,LOSS,0.458,0.263
1309,GBPUSD_BASE_1431,GBPUSD,SHORT,2025-08-21 12:00:00,12,True,ONLINE_CAPTURED,-177.7,LOSS,0.521,0.282
1310,GBPUSD_BASE_1083,GBPUSD,LONG,2024-04-05 01:00:00,1,False,OFFLINE_MISSED,-178.4,LOSS,0.456,0.281
1311,BTCUSD_BASE_862,BTCUSD,LONG,2023-05-18 02:00:00,2,False,OFFLINE_MISSED,-179.06,LOSS,1.075,0.692
1312,BTCUSD_BASE_1364,BTCUSD,LONG,2025-05-24 21:00:00,21,True,ONLINE_CAPTURED,-179.27,LOSS,0.533,0.296
1313,BTCUSD_BASE_184,BTCUSD,SHORT,2020-09-10 03:00:00,3,False,OFFLINE_MISSED,-179.32,LOSS,1.346,0.907
1314,BTCUSD_BASE_100,BTCUSD,SHORT,2020-05-17 22:00:00,22,False,OFFLINE_MISSED,-181.08,LOSS,1.866,1.05
1315,BTCUSD_BASE_941,BTCUSD,SHORT,2023-09-01 15:00:00,15,True,ONLINE_CAPTURED,-181.22,LOSS,0.94,0.522
1316,BTCUSD_BASE_793,BTCUSD,LONG,2023-02-03 22:00:00,22,False,OFFLINE_MISSED,-181.43,LOSS,1.709,0.982
1317,BTCUSD_BASE_156,BTCUSD,SHORT,2020-08-07 06:00:00,6,False,OFFLINE_MISSED,-182.1,LOSS,1.487,0.79
1318,BTCUSD_BASE_868,BTCUSD,SHORT,2023-05-23 22:00:00,22,False,OFFLINE_MISSED,-182.55,LOSS,1.009,0.584
1319,BTCUSD_BASE_186,BTCUSD,LONG,2020-09-11 15:00:00,15,True,ONLINE_CAPTURED,-184.2,LOSS,1.359,0.673
1320,BTCUSD_BASE_787,BTCUSD,LONG,2023-01-28 04:00:00,4,False,OFFLINE_MISSED,-184.38,LOSS,1.767,0.884
1321,GBPUSD_BASE_229,GBPUSD,SHORT,2020-11-18 09:00:00,9,True,ONLINE_CAPTURED,-185.4,LOSS,0.368,0.218
1322,BTCUSD_BASE_1241,BTCUSD,SHORT,2024-11-13 04:00:00,4,False,OFFLINE_MISSED,-185.67,LOSS,0.52,0.334
1323,BTCUSD_BASE_455,BTCUSD,SHORT,2021-10-07 01:00:00,1,False,OFFLINE_MISSED,-185.99,LOSS,1.293,0.629
1324,BTCUSD_BASE_173,BTCUSD,SHORT,2020-08-29 23:00:00,23,False,OFFLINE_MISSED,-186.78,LOSS,1.504,0.962
1325,BTCUSD_BASE_1315,BTCUSD,SHORT,2025-03-06 12:00:00,12,True,ONLINE_CAPTURED,-186.87,LOSS,0.543,0.277
1326,BTCUSD_BASE_1068,BTCUSD,LONG,2024-03-09 03:00:00,3,False,OFFLINE_MISSED,-187.02,LOSS,0.739,0.429
1327,BTCUSD_BASE_953,BTCUSD,LONG,2023-09-22 04:00:00,4,False,OFFLINE_MISSED,-188.64,LOSS,0.957,0.598
1328,BTCUSD_BASE_754,BTCUSD,LONG,2022-12-21 09:00:00,9,True,ONLINE_CAPTURED,-188.88,LOSS,1.682,0.839
1329,BTCUSD_BASE_420,BTCUSD,SHORT,2021-08-22 21:00:00,21,True,ONLINE_CAPTURED,-189.5,LOSS,1.124,0.635
1330,BTCUSD_BASE_696,BTCUSD,SHORT,2022-09-27 13:00:00,13,True,ONLINE_CAPTURED,-189.65,LOSS,0.989,0.513
1331,GBPUSD_BASE_373,GBPUSD,LONG,2021-06-15 07:00:00,7,False,OFFLINE_MISSED,-189.95,LOSS,0.412,0.226
1332,BTCUSD_BASE_442,BTCUSD,LONG,2021-09-18 15:00:00,15,True,ONLINE_CAPTURED,-190.84,LOSS,1.386,0.715
1333,BTCUSD_BASE_802,BTCUSD,SHORT,2023-02-23 11:00:00,11,True,ONLINE_CAPTURED,-191.7,LOSS,3.023,1.471
1334,BTCUSD_BASE_664,BTCUSD,LONG,2022-08-13 06:00:00,6,False,OFFLINE_MISSED,-192.1,LOSS,1.172,0.549
1335,BTCUSD_BASE_459,BTCUSD,LONG,2021-10-14 15:00:00,15,True,ONLINE_CAPTURED,-192.38,LOSS,1.412,0.534
1336,BTCUSD_BASE_294,BTCUSD,LONG,2021-02-17 04:00:00,4,False,OFFLINE_MISSED,-192.53,LOSS,1.012,0.624
1337,BTCUSD_BASE_390,BTCUSD,SHORT,2021-07-09 17:00:00,17,True,ONLINE_CAPTURED,-192.95,LOSS,1.286,0.762
1338,BTCUSD_BASE_1304,BTCUSD,LONG,2025-02-16 17:00:00,17,True,ONLINE_CAPTURED,-195.73,LOSS,0.514,0.271
1339,BTCUSD_BASE_893,BTCUSD,SHORT,2023-06-27 02:00:00,2,False,OFFLINE_MISSED,-197.25,LOSS,1.084,0.539
1340,BTCUSD_BASE_1299,BTCUSD,LONG,2025-02-09 15:00:00,15,True,ONLINE_CAPTURED,-197.73,LOSS,0.511,0.255
1341,BTCUSD_BASE_554,BTCUSD,LONG,2022-03-08 23:00:00,23,False,OFFLINE_MISSED,-198.42,LOSS,1.671,0.943
1342,BTCUSD_BASE_1078,BTCUSD,SHORT,2024-03-29 14:00:00,14,True,ONLINE_CAPTURED,-198.61,LOSS,0.759,0.382
1343,BTCUSD_BASE_1145,BTCUSD,SHORT,2024-06-25 04:00:00,4,False,OFFLINE_MISSED,-199.23,LOSS,0.613,0.301
1344,BTCUSD_BASE_394,BTCUSD,LONG,2021-07-17 01:00:00,1,False,OFFLINE_MISSED,-200.37,LOSS,1.35,0.772
1345,BTCUSD_BASE_569,BTCUSD,SHORT,2022-04-01 21:00:00,21,True,ONLINE_CAPTURED,-201.1,LOSS,1.72,0.987
1346,GBPUSD_BASE_534,GBPUSD,SHORT,2022-02-07 09:00:00,9,True,ONLINE_CAPTURED,-201.5,LOSS,0.5,0.229
1347,BTCUSD_BASE_841,BTCUSD,SHORT,2023-04-23 18:00:00,18,True,ONLINE_CAPTURED,-201.57,LOSS,1.375,0.607
1348,GBPUSD_BASE_1501,GBPUSD,SHORT,2025-11-12 05:00:00,5,False,OFFLINE_MISSED,-202.2,LOSS,0.609,0.337
1349,BTCUSD_BASE_182,BTCUSD,SHORT,2020-09-07 23:00:00,23,False,OFFLINE_MISSED,-202.4,LOSS,1.525,0.816
1350,BTCUSD_BASE_477,BTCUSD,SHORT,2021-11-14 08:00:00,8,False,OFFLINE_MISSED,-202.92,LOSS,1.581,0.812
1351,BTCUSD_BASE_499,BTCUSD,LONG,2021-12-18 07:00:00,7,False,OFFLINE_MISSED,-203.0,LOSS,1.422,0.57
1352,BTCUSD_BASE_17,BTCUSD,LONG,2020-01-17 13:00:00,13,True,ONLINE_CAPTURED,-203.36,LOSS,5.997,3.021
1353,BTCUSD_BASE_243,BTCUSD,LONG,2020-12-01 11:00:00,11,True,ONLINE_CAPTURED,-203.39,LOSS,1.143,0.528
1354,GBPUSD_BASE_826,GBPUSD,SHORT,2023-03-31 11:00:00,11,True,ONLINE_CAPTURED,-203.6,LOSS,0.478,0.223
1355,BTCUSD_BASE_602,BTCUSD,LONG,2022-05-14 18:00:00,18,True,ONLINE_CAPTURED,-203.61,LOSS,1.304,0.601
1356,BTCUSD_BASE_347,BTCUSD,LONG,2021-05-06 22:00:00,22,False,OFFLINE_MISSED,-203.73,LOSS,1.3,0.749
1357,GBPUSD_BASE_39,GBPUSD,LONG,2020-02-13 11:00:00,11,True,ONLINE_CAPTURED,-203.95,LOSS,0.438,0.222
1358,BTCUSD_BASE_419,BTCUSD,LONG,2021-08-21 23:00:00,23,False,OFFLINE_MISSED,-204.12,LOSS,1.202,0.647
1359,GBPUSD_BASE_639,GBPUSD,SHORT,2022-07-13 17:00:00,17,True,ONLINE_CAPTURED,-204.65,LOSS,0.469,0.237
1360,BTCUSD_BASE_1231,BTCUSD,LONG,2024-10-24 12:00:00,12,True,ONLINE_CAPTURED,-204.76,LOSS,0.596,0.263
1361,BTCUSD_BASE_490,BTCUSD,SHORT,2021-12-05 17:00:00,17,True,ONLINE_CAPTURED,-205.4,LOSS,1.451,0.621
1362,GBPUSD_BASE_615,GBPUSD,SHORT,2022-06-02 19:00:00,19,True,ONLINE_CAPTURED,-206.05,LOSS,0.465,0.252
1363,BTCUSD_BASE_906,BTCUSD,SHORT,2023-07-15 07:00:00,7,False,OFFLINE_MISSED,-206.76,LOSS,1.094,0.517
1364,BTCUSD_BASE_1284,BTCUSD,LONG,2025-01-19 10:00:00,10,True,ONLINE_CAPTURED,-206.99,LOSS,0.533,0.23
1365,GBPUSD_BASE_357,GBPUSD,LONG,2021-05-26 10:00:00,10,True,ONLINE_CAPTURED,-207.1,LOSS,0.452,0.201
1366,BTCUSD_BASE_188,BTCUSD,LONG,2020-09-15 05:00:00,5,False,OFFLINE_MISSED,-207.34,LOSS,1.496,0.67
1367,BTCUSD_BASE_1193,BTCUSD,LONG,2024-08-31 22:00:00,22,False,OFFLINE_MISSED,-207.65,LOSS,0.599,0.328
1368,BTCUSD_BASE_424,BTCUSD,SHORT,2021-08-27 06:00:00,6,False,OFFLINE_MISSED,-207.75,LOSS,1.36,0.648
1369,BTCUSD_BASE_223,BTCUSD,SHORT,2020-11-09 19:00:00,19,True,ONLINE_CAPTURED,-207.97,LOSS,1.256,0.541
1370,BTCUSD_BASE_987,BTCUSD,LONG,2023-11-18 18:00:00,18,True,ONLINE_CAPTURED,-209.21,LOSS,0.968,0.428
1371,GBPUSD_BASE_1343,GBPUSD,SHORT,2025-04-21 11:00:00,11,True,ONLINE_CAPTURED,-210.6,LOSS,0.596,0.261
1372,BTCUSD_BASE_872,BTCUSD,LONG,2023-05-29 00:00:00,0,False,OFFLINE_MISSED,-210.91,LOSS,1.181,0.654
1373,GBPUSD_BASE_1424,GBPUSD,LONG,2025-08-13 01:00:00,1,False,OFFLINE_MISSED,-211.65,LOSS,0.625,0.338
1374,BTCUSD_BASE_1509,BTCUSD,SHORT,2025-11-19 19:00:00,19,True,ONLINE_CAPTURED,-211.93,LOSS,0.658,0.33
1375,BTCUSD_BASE_901,BTCUSD,SHORT,2023-07-11 18:00:00,18,True,ONLINE_CAPTURED,-212.57,LOSS,1.149,0.504
1376,BTCUSD_BASE_1397,BTCUSD,LONG,2025-07-04 18:00:00,18,True,ONLINE_CAPTURED,-213.94,LOSS,0.669,0.28
1377,BTCUSD_BASE_24,BTCUSD,LONG,2020-01-26 14:00:00,14,True,ONLINE_CAPTURED,-214.23,LOSS,6.46,2.557
1378,BTCUSD_BASE_1200,BTCUSD,LONG,2024-09-08 10:00:00,10,True,ONLINE_CAPTURED,-214.23,LOSS,0.633,0.269
1379,BTCUSD_BASE_1404,BTCUSD,SHORT,2025-07-10 12:00:00,12,True,ONLINE_CAPTURED,-215.16,LOSS,0.659,0.271
1380,BTCUSD_BASE_354,BTCUSD,LONG,2021-05-17 00:00:00,0,False,OFFLINE_MISSED,-215.37,LOSS,1.444,0.787
1381,BTCUSD_BASE_707,BTCUSD,LONG,2022-10-09 05:00:00,5,False,OFFLINE_MISSED,-215.59,LOSS,1.124,0.602
1382,BTCUSD_BASE_531,BTCUSD,LONG,2022-01-30 10:00:00,10,True,ONLINE_CAPTURED,-215.74,LOSS,1.959,0.801
1383,BTCUSD_BASE_1282,BTCUSD,SHORT,2025-01-11 18:00:00,18,True,ONLINE_CAPTURED,-217.07,LOSS,0.544,0.236
1384,BTCUSD_BASE_946,BTCUSD,SHORT,2023-09-10 13:00:00,13,True,ONLINE_CAPTURED,-217.98,LOSS,1.111,0.394
1385,BTCUSD_BASE_836,BTCUSD,LONG,2023-04-15 08:00:00,8,False,OFFLINE_MISSED,-219.18,LOSS,1.483,0.631
1386,BTCUSD_BASE_1340,BTCUSD,LONG,2025-04-12 06:00:00,6,False,OFFLINE_MISSED,-220.58,LOSS,0.641,0.281
1387,GBPUSD_BASE_1225,GBPUSD,SHORT,2024-10-16 03:00:00,3,False,OFFLINE_MISSED,-221.45,LOSS,0.593,0.306
1388,BTCUSD_BASE_1088,BTCUSD,SHORT,2024-04-12 16:00:00,16,False,OFFLINE_MISSED,-221.5,LOSS,0.815,0.381
1389,BTCUSD_BASE_649,BTCUSD,SHORT,2022-07-24 20:00:00,20,True,ONLINE_CAPTURED,-222.71,LOSS,1.206,0.565
1390,GBPUSD_BASE_314,GBPUSD,SHORT,2021-03-17 09:00:00,9,True,ONLINE_CAPTURED,-222.85,LOSS,0.46,0.207
1391,BTCUSD_BASE_735,BTCUSD,LONG,2022-11-29 00:00:00,0,False,OFFLINE_MISSED,-223.26,LOSS,1.461,0.609
1392,BTCUSD_BASE_1249,BTCUSD,LONG,2024-11-18 10:00:00,10,True,ONLINE_CAPTURED,-223.42,LOSS,0.617,0.27
1393,BTCUSD_BASE_1528,BTCUSD,SHORT,2025-12-13 15:00:00,15,True,ONLINE_CAPTURED,-224.37,LOSS,0.741,0.222
1394,BTCUSD_BASE_833,BTCUSD,SHORT,2023-04-13 14:00:00,14,True,ONLINE_CAPTURED,-226.18,LOSS,1.592,0.616
1395,BTCUSD_BASE_388,BTCUSD,LONG,2021-07-07 13:00:00,13,True,ONLINE_CAPTURED,-226.7,LOSS,1.501,0.45
1396,BTCUSD_BASE_86,BTCUSD,SHORT,2020-04-24 10:00:00,10,True,ONLINE_CAPTURED,-226.91,LOSS,2.954,1.296
1397,BTCUSD_BASE_521,BTCUSD,SHORT,2022-01-20 04:00:00,4,False,OFFLINE_MISSED,-227.21,LOSS,1.981,0.594
1398,BTCUSD_BASE_1522,BTCUSD,SHORT,2025-12-07 20:00:00,20,True,ONLINE_CAPTURED,-227.22,LOSS,0.731,0.306
1399,BTCUSD_BASE_198,BTCUSD,SHORT,2020-09-30 16:00:00,16,False,OFFLINE_MISSED,-227.6,LOSS,1.526,0.526
1400,BTCUSD_BASE_403,BTCUSD,LONG,2021-07-29 09:00:00,9,True,ONLINE_CAPTURED,-228.01,LOSS,1.4,0.641
1401,GBPUSD_BASE_438,GBPUSD,SHORT,2021-09-13 14:00:00,14,True,ONLINE_CAPTURED,-228.8,LOSS,0.515,0.244
1402,BTCUSD_BASE_1232,BTCUSD,SHORT,2024-10-25 14:00:00,14,True,ONLINE_CAPTURED,-230.33,LOSS,0.679,0.348
1403,BTCUSD_BASE_1211,BTCUSD,LONG,2024-09-25 03:00:00,3,False,OFFLINE_MISSED,-230.71,LOSS,0.714,0.343
1404,BTCUSD_BASE_1245,BTCUSD,SHORT,2024-11-15 06:00:00,6,False,OFFLINE_MISSED,-231.31,LOSS,0.654,0.295
1405,BTCUSD_BASE_1433,BTCUSD,LONG,2025-08-25 17:00:00,17,True,ONLINE_CAPTURED,-232.14,LOSS,0.756,0.326
1406,BTCUSD_BASE_1466,BTCUSD,LONG,2025-10-03 11:00:00,11,True,ONLINE_CAPTURED,-232.81,LOSS,0.742,0.293
1407,BTCUSD_BASE_1391,BTCUSD,LONG,2025-06-27 18:00:00,18,True,ONLINE_CAPTURED,-233.94,LOSS,0.716,0.307
1408,BTCUSD_BASE_1510,BTCUSD,LONG,2025-11-20 22:00:00,22,False,OFFLINE_MISSED,-235.96,LOSS,0.735,0.328
1409,BTCUSD_BASE_918,BTCUSD,SHORT,2023-08-01 02:00:00,2,False,OFFLINE_MISSED,-238.33,LOSS,1.335,0.593
1410,BTCUSD_BASE_1224,BTCUSD,SHORT,2024-10-15 17:00:00,17,True,ONLINE_CAPTURED,-240.47,LOSS,0.728,0.281
1411,BTCUSD_BASE_632,BTCUSD,SHORT,2022-07-05 22:00:00,22,False,OFFLINE_MISSED,-241.13,LOSS,1.359,0.642
1412,BTCUSD_BASE_1398,BTCUSD,SHORT,2025-07-05 19:00:00,19,True,ONLINE_CAPTURED,-242.44,LOSS,0.77,0.231
1413,GBPUSD_BASE_850,GBPUSD,SHORT,2023-05-03 09:00:00,9,True,ONLINE_CAPTURED,-243.5,LOSS,0.593,0.236
1414,BTCUSD_BASE_517,BTCUSD,LONG,2022-01-15 19:00:00,19,True,ONLINE_CAPTURED,-244.56,LOSS,2.044,0.807
1415,GBPUSD_BASE_1407,GBPUSD,LONG,2025-07-22 00:00:00,0,False,OFFLINE_MISSED,-244.9,LOSS,0.733,0.348
1416,GBPUSD_BASE_1477,GBPUSD,LONG,2025-10-16 20:00:00,20,True,ONLINE_CAPTURED,-245.25,LOSS,0.766,0.32
1417,GBPUSD_BASE_1360,GBPUSD,SHORT,2025-05-20 14:00:00,14,True,ONLINE_CAPTURED,-245.95,LOSS,0.728,0.335
1418,BTCUSD_BASE_300,BTCUSD,LONG,2021-02-26 02:00:00,2,False,OFFLINE_MISSED,-246.42,LOSS,1.402,0.672
1419,BTCUSD_BASE_448,BTCUSD,LONG,2021-09-25 20:00:00,20,True,ONLINE_CAPTURED,-247.11,LOSS,1.861,0.86
1420,BTCUSD_BASE_559,BTCUSD,LONG,2022-03-16 16:00:00,16,False,OFFLINE_MISSED,-247.16,LOSS,2.262,0.679
1421,BTCUSD_BASE_960,BTCUSD,SHORT,2023-10-12 10:00:00,10,True,ONLINE_CAPTURED,-247.87,LOSS,1.413,0.572
1422,BTCUSD_BASE_1067,BTCUSD,LONG,2024-03-06 23:00:00,23,False,OFFLINE_MISSED,-248.65,LOSS,0.994,0.443
1423,BTCUSD_BASE_621,BTCUSD,SHORT,2022-06-15 21:00:00,21,True,ONLINE_CAPTURED,-249.96,LOSS,1.764,0.675
1424,GBPUSD_BASE_1508,GBPUSD,SHORT,2025-11-19 12:00:00,12,True,ONLINE_CAPTURED,-250.5,LOSS,0.74,0.253
1425,GBPUSD_BASE_99,GBPUSD,SHORT,2020-05-16 04:00:00,4,False,OFFLINE_MISSED,-250.85,LOSS,0.536,0.23
1426,BTCUSD_BASE_1475,BTCUSD,SHORT,2025-10-14 14:00:00,14,True,ONLINE_CAPTURED,-251.27,LOSS,0.828,0.248
1427,BTCUSD_BASE_1379,BTCUSD,SHORT,2025-06-15 21:00:00,21,True,ONLINE_CAPTURED,-254.16,LOSS,0.799,0.312
1428,BTCUSD_BASE_44,BTCUSD,LONG,2020-02-19 06:00:00,6,False,OFFLINE_MISSED,-254.18,LOSS,4.432,1.706
1429,BTCUSD_BASE_241,BTCUSD,SHORT,2020-11-30 13:00:00,13,True,ONLINE_CAPTURED,-255.89,LOSS,1.488,0.446
1430,BTCUSD_BASE_890,BTCUSD,SHORT,2023-06-24 18:00:00,18,True,ONLINE_CAPTURED,-256.89,LOSS,1.393,0.418
1431,BTCUSD_BASE_1022,BTCUSD,SHORT,2024-01-12 16:00:00,16,False,OFFLINE_MISSED,-259.82,LOSS,1.077,0.406
1432,GBPUSD_BASE_1223,GBPUSD,LONG,2024-10-15 02:00:00,2,False,OFFLINE_MISSED,-261.35,LOSS,0.702,0.259
1433,BTCUSD_BASE_995,BTCUSD,LONG,2023-12-02 15:00:00,15,True,ONLINE_CAPTURED,-262.0,LOSS,1.13,0.479
1434,BTCUSD_BASE_1384,BTCUSD,LONG,2025-06-21 20:00:00,20,True,ONLINE_CAPTURED,-262.32,LOSS,0.833,0.305
1435,BTCUSD_BASE_694,BTCUSD,SHORT,2022-09-25 04:00:00,4,False,OFFLINE_MISSED,-262.52,LOSS,1.362,0.408
1436,GBPUSD_BASE_178,GBPUSD,LONG,2020-09-03 11:00:00,11,True,ONLINE_CAPTURED,-263.45,LOSS,0.54,0.209
1437,BTCUSD_BASE_1273,BTCUSD,LONG,2024-12-25 20:00:00,20,True,ONLINE_CAPTURED,-264.43,LOSS,0.676,0.276
1438,GBPUSD_BASE_1093,GBPUSD,SHORT,2024-04-19 14:00:00,14,True,ONLINE_CAPTURED,-264.5,LOSS,0.71,0.274
1439,GBPUSD_BASE_1096,GBPUSD,SHORT,2024-04-22 13:00:00,13,True,ONLINE_CAPTURED,-265.9,LOSS,0.719,0.283
1440,GBPUSD_BASE_1172,GBPUSD,SHORT,2024-08-01 14:00:00,14,True,ONLINE_CAPTURED,-265.9,LOSS,0.716,0.252
1441,GBPUSD_BASE_608,GBPUSD,LONG,2022-05-24 13:00:00,13,True,ONLINE_CAPTURED,-268.0,LOSS,0.62,0.204
1442,GBPUSD_BASE_1163,GBPUSD,SHORT,2024-07-19 21:00:00,21,True,ONLINE_CAPTURED,-268.7,LOSS,0.748,0.291
1443,GBPUSD_BASE_11,GBPUSD,SHORT,2020-01-14 22:00:00,22,False,OFFLINE_MISSED,-269.75,LOSS,0.573,0.234
1444,BTCUSD_BASE_1209,BTCUSD,LONG,2024-09-21 15:00:00,15,True,ONLINE_CAPTURED,-270.12,LOSS,0.858,0.257
1445,BTCUSD_BASE_1228,BTCUSD,LONG,2024-10-17 16:00:00,16,False,OFFLINE_MISSED,-271.83,LOSS,0.821,0.246
1446,BTCUSD_BASE_1491,BTCUSD,LONG,2025-10-31 17:00:00,17,True,ONLINE_CAPTURED,-271.88,LOSS,0.84,0.252
1447,BTCUSD_BASE_524,BTCUSD,SHORT,2022-01-22 13:00:00,13,True,ONLINE_CAPTURED,-274.01,LOSS,2.431,0.729
1448,GBPUSD_BASE_235,GBPUSD,LONG,2020-11-23 15:00:00,15,True,ONLINE_CAPTURED,-275.0,LOSS,0.561,0.168
1449,BTCUSD_BASE_574,BTCUSD,LONG,2022-04-11 16:00:00,16,False,OFFLINE_MISSED,-275.01,LOSS,2.427,0.728
1450,BTCUSD_BASE_1237,BTCUSD,SHORT,2024-11-08 16:00:00,16,False,OFFLINE_MISSED,-275.4,LOSS,0.787,0.236
1451,BTCUSD_BASE_1020,BTCUSD,LONG,2024-01-10 17:00:00,17,True,ONLINE_CAPTURED,-276.61,LOSS,1.114,0.334
1452,BTCUSD_BASE_299,BTCUSD,SHORT,2021-02-25 11:00:00,11,True,ONLINE_CAPTURED,-277.48,LOSS,1.604,0.481
1453,GBPUSD_BASE_416,GBPUSD,LONG,2021-08-16 17:00:00,17,True,ONLINE_CAPTURED,-277.8,LOSS,0.634,0.232
1454,BTCUSD_BASE_297,BTCUSD,LONG,2021-02-23 08:00:00,8,False,OFFLINE_MISSED,-278.03,LOSS,1.576,0.473
1455,BTCUSD_BASE_74,BTCUSD,LONG,2020-04-02 18:00:00,18,True,ONLINE_CAPTURED,-278.72,LOSS,3.368,1.011
1456,BTCUSD_BASE_3,BTCUSD,SHORT,2020-01-07 17:00:00,17,True,ONLINE_CAPTURED,-278.83,LOSS,8.117,2.435
1457,BTCUSD_BASE_27,BTCUSD,LONG,2020-01-29 14:00:00,14,True,ONLINE_CAPTURED,-279.47,LOSS,8.543,2.563
1458,BTCUSD_BASE_1271,BTCUSD,LONG,2024-12-24 18:00:00,18,True,ONLINE_CAPTURED,-279.75,LOSS,0.721,0.216
1459,BTCUSD_BASE_525,BTCUSD,LONG,2022-01-23 15:00:00,15,True,ONLINE_CAPTURED,-279.86,LOSS,2.431,0.729
1460,BTCUSD_BASE_516,BTCUSD,LONG,2022-01-14 09:00:00,9,True,ONLINE_CAPTURED,-280.16,LOSS,2.366,0.71
1461,BTCUSD_BASE_665,BTCUSD,SHORT,2022-08-14 17:00:00,17,True,ONLINE_CAPTURED,-280.38,LOSS,1.771,0.531
1462,BTCUSD_BASE_1167,BTCUSD,LONG,2024-07-25 19:00:00,19,True,ONLINE_CAPTURED,-280.8,LOSS,0.876,0.312
1463,BTCUSD_BASE_1061,BTCUSD,LONG,2024-02-27 18:00:00,18,True,ONLINE_CAPTURED,-281.95,LOSS,1.15,0.345
1464,BTCUSD_BASE_1095,BTCUSD,SHORT,2024-04-22 04:00:00,4,False,OFFLINE_MISSED,-282.59,LOSS,1.066,0.32
1465,GBPUSD_BASE_1321,GBPUSD,LONG,2025-03-17 10:00:00,10,True,ONLINE_CAPTURED,-283.75,LOSS,0.769,0.231
1466,GBPUSD_BASE_1457,GBPUSD,SHORT,2025-09-24 14:00:00,14,True,ONLINE_CAPTURED,-283.75,LOSS,0.866,0.26
1467,BTCUSD_BASE_191,BTCUSD,SHORT,2020-09-17 17:00:00,17,True,ONLINE_CAPTURED,-285.51,LOSS,2.275,0.682
1468,BTCUSD_BASE_406,BTCUSD,LONG,2021-08-01 16:00:00,16,False,OFFLINE_MISSED,-285.52,LOSS,1.776,0.533
1469,BTCUSD_BASE_916,BTCUSD,SHORT,2023-07-29 11:00:00,11,True,ONLINE_CAPTURED,-286.73,LOSS,1.589,0.477
1470,BTCUSD_BASE_1366,BTCUSD,SHORT,2025-05-27 13:00:00,13,True,ONLINE_CAPTURED,-287.4,LOSS,0.885,0.266
1471,BTCUSD_BASE_894,BTCUSD,LONG,2023-06-28 09:00:00,9,True,ONLINE_CAPTURED,-287.87,LOSS,1.599,0.628
1472,BTCUSD_BASE_443,BTCUSD,SHORT,2021-09-19 04:00:00,4,False,OFFLINE_MISSED,-288.68,LOSS,2.168,0.65
1473,BTCUSD_BASE_346,BTCUSD,SHORT,2021-05-06 11:00:00,11,True,ONLINE_CAPTURED,-289.13,LOSS,1.889,0.567
1474,BTCUSD_BASE_1425,BTCUSD,LONG,2025-08-13 11:00:00,11,True,ONLINE_CAPTURED,-289.38,LOSS,0.953,0.286
1475,BTCUSD_BASE_395,BTCUSD,SHORT,2021-07-18 09:00:00,9,True,ONLINE_CAPTURED,-290.33,LOSS,2.017,0.605
1476,BTCUSD_BASE_369,BTCUSD,LONG,2021-06-09 12:00:00,12,True,ONLINE_CAPTURED,-291.17,LOSS,1.894,0.568
1477,GBPUSD_BASE_317,GBPUSD,LONG,2021-03-19 12:00:00,12,True,ONLINE_CAPTURED,-292.5,LOSS,0.607,0.182
1478,BTCUSD_BASE_266,BTCUSD,LONG,2021-01-09 16:00:00,16,False,OFFLINE_MISSED,-293.03,LOSS,1.566,0.624
1479,BTCUSD_BASE_773,BTCUSD,LONG,2023-01-14 06:00:00,6,False,OFFLINE_MISSED,-293.86,LOSS,2.516,0.755
1480,BTCUSD_BASE_451,BTCUSD,LONG,2021-09-28 21:00:00,21,True,ONLINE_CAPTURED,-297.84,LOSS,2.311,0.693
1481,BTCUSD_BASE_220,BTCUSD,LONG,2020-11-03 18:00:00,18,True,ONLINE_CAPTURED,-297.86,LOSS,1.776,0.533
1482,GBPUSD_BASE_928,GBPUSD,SHORT,2023-08-16 20:00:00,20,True,ONLINE_CAPTURED,-300.55,LOSS,0.772,0.288
1483,BTCUSD_BASE_1239,BTCUSD,LONG,2024-11-10 16:00:00,16,False,OFFLINE_MISSED,-300.6,LOSS,0.856,0.257
1484,GBPUSD_BASE_291,GBPUSD,LONG,2021-02-12 18:00:00,18,True,ONLINE_CAPTURED,-301.25,LOSS,0.637,0.191
1485,GBPUSD_BASE_990,GBPUSD,LONG,2023-11-22 14:00:00,14,True,ONLINE_CAPTURED,-301.25,LOSS,0.792,0.238
1486,BTCUSD_BASE_385,BTCUSD,SHORT,2021-07-05 18:00:00,18,True,ONLINE_CAPTURED,-301.98,LOSS,2.076,0.623
1487,BTCUSD_BASE_785,BTCUSD,LONG,2023-01-25 03:00:00,3,False,OFFLINE_MISSED,-303.84,LOSS,2.791,0.837
1488,BTCUSD_BASE_384,BTCUSD,LONG,2021-07-04 20:00:00,20,True,ONLINE_CAPTURED,-305.04,LOSS,2.067,0.718
1489,BTCUSD_BASE_922,BTCUSD,LONG,2023-08-04 17:00:00,17,True,ONLINE_CAPTURED,-305.06,LOSS,1.682,0.505
1490,BTCUSD_BASE_565,BTCUSD,SHORT,2022-03-28 09:00:00,9,True,ONLINE_CAPTURED,-306.21,LOSS,2.849,0.855
1491,BTCUSD_BASE_765,BTCUSD,LONG,2023-01-04 16:00:00,16,False,OFFLINE_MISSED,-308.75,LOSS,2.481,0.744
1492,GBPUSD_BASE_308,GBPUSD,LONG,2021-03-10 16:00:00,16,False,OFFLINE_MISSED,-308.95,LOSS,0.642,0.216
1493,GBPUSD_BASE_1485,GBPUSD,LONG,2025-10-24 07:00:00,7,False,OFFLINE_MISSED,-310.0,LOSS,0.968,0.29
1494,BTCUSD_BASE_628,BTCUSD,LONG,2022-07-01 03:00:00,3,False,OFFLINE_MISSED,-310.09,LOSS,1.814,0.544
1495,BTCUSD_BASE_667,BTCUSD,LONG,2022-08-15 20:00:00,20,True,ONLINE_CAPTURED,-310.97,LOSS,1.927,0.578
1496,BTCUSD_BASE_1486,BTCUSD,SHORT,2025-10-26 16:00:00,16,False,OFFLINE_MISSED,-311.18,LOSS,1.0,0.3
1497,BTCUSD_BASE_1275,BTCUSD,LONG,2024-12-27 05:00:00,5,False,OFFLINE_MISSED,-311.33,LOSS,0.806,0.242
1498,BTCUSD_BASE_704,BTCUSD,LONG,2022-10-03 13:00:00,13,True,ONLINE_CAPTURED,-311.5,LOSS,1.634,0.49
1499,BTCUSD_BASE_288,BTCUSD,LONG,2021-02-04 12:00:00,12,True,ONLINE_CAPTURED,-314.89,LOSS,1.651,0.495
1500,GBPUSD_BASE_780,GBPUSD,SHORT,2023-01-20 12:00:00,12,True,ONLINE_CAPTURED,-318.75,LOSS,0.772,0.232
1501,BTCUSD_BASE_1405,BTCUSD,LONG,2025-07-11 17:00:00,17,True,ONLINE_CAPTURED,-319.31,LOSS,0.99,0.297
1502,BTCUSD_BASE_529,BTCUSD,LONG,2022-01-26 19:00:00,19,True,ONLINE_CAPTURED,-319.51,LOSS,2.895,0.868
1503,BTCUSD_BASE_919,BTCUSD,LONG,2023-08-02 18:00:00,18,True,ONLINE_CAPTURED,-320.08,LOSS,1.772,0.532
1504,BTCUSD_BASE_1077,BTCUSD,LONG,2024-03-28 10:00:00,10,True,ONLINE_CAPTURED,-320.27,LOSS,1.242,0.373
1505,BTCUSD_BASE_820,BTCUSD,SHORT,2023-03-24 12:00:00,12,True,ONLINE_CAPTURED,-322.15,LOSS,2.393,0.718
1506,BTCUSD_BASE_496,BTCUSD,SHORT,2021-12-14 20:00:00,20,True,ONLINE_CAPTURED,-323.62,LOSS,2.357,0.707
1507,BTCUSD_BASE_884,BTCUSD,LONG,2023-06-18 19:00:00,19,True,ONLINE_CAPTURED,-325.15,LOSS,1.728,0.518
1508,BTCUSD_BASE_703,BTCUSD,LONG,2022-10-01 10:00:00,10,True,ONLINE_CAPTURED,-326.69,LOSS,1.74,0.522
1509,BTCUSD_BASE_1399,BTCUSD,LONG,2025-07-06 13:00:00,13,True,ONLINE_CAPTURED,-328.57,LOSS,1.053,0.316
1510,BTCUSD_BASE_60,BTCUSD,LONG,2020-03-11 19:00:00,19,True,ONLINE_CAPTURED,-329.72,LOSS,6.328,1.898
1511,BTCUSD_BASE_1024,BTCUSD,SHORT,2024-01-14 23:00:00,23,False,OFFLINE_MISSED,-330.77,LOSS,1.385,0.416
1512,BTCUSD_BASE_662,BTCUSD,SHORT,2022-08-11 17:00:00,17,True,ONLINE_CAPTURED,-331.45,LOSS,2.144,0.643
1513,BTCUSD_BASE_425,BTCUSD,LONG,2021-08-28 03:00:00,3,False,OFFLINE_MISSED,-331.48,LOSS,2.205,0.662
1514,GBPUSD_BASE_202,GBPUSD,SHORT,2020-10-06 19:00:00,19,True,ONLINE_CAPTURED,-336.25,LOSS,0.709,0.213
1515,GBPUSD_BASE_265,GBPUSD,SHORT,2021-01-08 14:00:00,14,True,ONLINE_CAPTURED,-336.25,LOSS,0.717,0.215
1516,GBPUSD_BASE_913,GBPUSD,LONG,2023-07-26 17:00:00,17,True,ONLINE_CAPTURED,-336.25,LOSS,0.818,0.246
1517,GBPUSD_BASE_1182,GBPUSD,SHORT,2024-08-14 06:00:00,6,False,OFFLINE_MISSED,-336.25,LOSS,0.904,0.271
1518,BTCUSD_BASE_537,BTCUSD,SHORT,2022-02-08 22:00:00,22,False,OFFLINE_MISSED,-341.64,LOSS,2.889,0.867
1519,BTCUSD_BASE_196,BTCUSD,LONG,2020-09-26 20:00:00,20,True,ONLINE_CAPTURED,-342.72,LOSS,2.308,0.692
1520,GBPUSD_BASE_152,GBPUSD,LONG,2020-08-03 13:00:00,13,True,ONLINE_CAPTURED,-345.0,LOSS,0.731,0.219
1521,GBPUSD_BASE_284,GBPUSD,SHORT,2021-02-01 12:00:00,12,True,ONLINE_CAPTURED,-345.0,LOSS,0.75,0.225
1522,GBPUSD_BASE_576,GBPUSD,LONG,2022-04-12 16:00:00,16,False,OFFLINE_MISSED,-345.0,LOSS,0.79,0.237
1523,BTCUSD_BASE_214,BTCUSD,LONG,2020-10-28 13:00:00,13,True,ONLINE_CAPTURED,-345.51,LOSS,1.954,0.586
1524,BTCUSD_BASE_1511,BTCUSD,SHORT,2025-11-23 18:00:00,18,True,ONLINE_CAPTURED,-345.57,LOSS,1.109,0.333
1525,BTCUSD_BASE_726,BTCUSD,LONG,2022-11-17 07:00:00,7,False,OFFLINE_MISSED,-348.07,LOSS,2.267,0.68
1526,BTCUSD_BASE_399,BTCUSD,LONG,2021-07-23 20:00:00,20,True,ONLINE_CAPTURED,-348.66,LOSS,2.208,0.662
1527,BTCUSD_BASE_760,BTCUSD,LONG,2022-12-29 09:00:00,9,True,ONLINE_CAPTURED,-351.2,LOSS,3.35,1.005
1528,GBPUSD_BASE_59,GBPUSD,LONG,2020-03-11 15:00:00,15,True,ONLINE_CAPTURED,-353.75,LOSS,0.824,0.247
1529,GBPUSD_BASE_216,GBPUSD,SHORT,2020-10-28 15:00:00,15,True,ONLINE_CAPTURED,-353.75,LOSS,0.738,0.221
1530,GBPUSD_BASE_259,GBPUSD,LONG,2021-01-02 02:00:00,2,False,OFFLINE_MISSED,-353.75,LOSS,0.747,0.224
1531,GBPUSD_BASE_659,GBPUSD,LONG,2022-08-09 06:00:00,6,False,OFFLINE_MISSED,-353.75,LOSS,0.851,0.255
1532,GBPUSD_BASE_857,GBPUSD,LONG,2023-05-10 14:00:00,14,True,ONLINE_CAPTURED,-353.75,LOSS,0.875,0.262
1533,BTCUSD_BASE_1065,BTCUSD,SHORT,2024-03-04 07:00:00,7,False,OFFLINE_MISSED,-354.72,LOSS,1.494,0.448
1534,BTCUSD_BASE_329,BTCUSD,LONG,2021-04-07 19:00:00,19,True,ONLINE_CAPTURED,-354.78,LOSS,2.158,0.648
1535,BTCUSD_BASE_1051,BTCUSD,LONG,2024-02-19 08:00:00,8,False,OFFLINE_MISSED,-356.04,LOSS,1.463,0.439
1536,BTCUSD_BASE_1256,BTCUSD,LONG,2024-11-30 20:00:00,20,True,ONLINE_CAPTURED,-358.28,LOSS,0.98,0.294
1537,BTCUSD_BASE_540,BTCUSD,SHORT,2022-02-12 21:00:00,21,True,ONLINE_CAPTURED,-362.08,LOSS,2.987,0.896
1538,GBPUSD_BASE_213,GBPUSD,LONG,2020-10-26 21:00:00,21,True,ONLINE_CAPTURED,-362.5,LOSS,0.754,0.226
1539,GBPUSD_BASE_917,GBPUSD,SHORT,2023-07-31 21:00:00,21,True,ONLINE_CAPTURED,-362.5,LOSS,0.896,0.269
1540,BTCUSD_BASE_1128,BTCUSD,LONG,2024-06-03 20:00:00,20,True,ONLINE_CAPTURED,-367.35,LOSS,1.229,0.369
1541,GBPUSD_BASE_413,GBPUSD,SHORT,2021-08-11 07:00:00,7,False,OFFLINE_MISSED,-371.25,LOSS,0.862,0.259
1542,BTCUSD_BASE_541,BTCUSD,LONG,2022-02-14 20:00:00,20,True,ONLINE_CAPTURED,-371.54,LOSS,2.935,0.88
1543,GBPUSD_BASE_130,GBPUSD,LONG,2020-06-30 06:00:00,6,False,OFFLINE_MISSED,-380.0,LOSS,0.79,0.237
1544,BTCUSD_BASE_461,BTCUSD,LONG,2021-10-17 22:00:00,22,False,OFFLINE_MISSED,-384.86,LOSS,2.829,0.849
