trade_id,timestamp,symbol,direction,field_name,original_value,independent_value,absolute_difference,relative_difference,severity
BTCUSD_BASE_1,2020-01-02 07:00:00,BTCUSD,LONG,symbol,BTCUSD,XAUUSD,0.0,0.0,LOGIC_MISMATCH
BTCUSD_BASE_1,2020-01-02 07:00:00,BTCUSD,LONG,volume,0.01,0.89,0.88,88.0,NUMERICAL_TOLERANCE
BTCUSD_BASE_1,2020-01-02 07:00:00,BTCUSD,LONG,entry_price,7774.1,1532.14,6241.96,0.8029,LOGIC_MISMATCH
BTCUSD_BASE_1,2020-01-02 07:00:00,BTCUSD,LONG,current_sl,7774.1,1532.14,6241.96,0.8029,LOGIC_MISMATCH
BTCUSD_BASE_1,2020-01-02 07:00:00,BTCUSD,LONG,exit_price,9188.82,1532.14,7656.68,0.8333,LOGIC_MISMATCH
BTCUSD_BASE_1,2020-01-02 07:00:00,BTCUSD,LONG,exit_reason,THESIS_EXIT,STOP_LOSS_TOUCH,0.0,0.0,LOGIC_MISMATCH
BTCUSD_BASE_1,2020-01-02 07:00:00,BTCUSD,LONG,realized_pnl_thb,495.15,-1112.5,1607.65,3.2468,LOGIC_MISMATCH
USDJPY_BASE_2,2020-01-03 21:00:00,USDJPY,SHORT,symbol,USDJPY,XAUUSD,0.0,0.0,LOGIC_MISMATCH
USDJPY_BASE_2,2020-01-03 21:00:00,USDJPY,SHORT,direction,SHORT,LONG,0.0,0.0,LOGIC_MISMATCH
USDJPY_BASE_2,2020-01-03 21:00:00,USDJPY,SHORT,volume,0.14,0.59,0.45,3.2143,NUMERICAL_TOLERANCE
USDJPY_BASE_2,2020-01-03 21:00:00,USDJPY,SHORT,entry_price,111.16,1547.964461844108,1436.8045,12.9256,LOGIC_MISMATCH
USDJPY_BASE_2,2020-01-03 21:00:00,USDJPY,SHORT,current_sl,111.16,1532.14,1420.98,12.7832,LOGIC_MISMATCH
USDJPY_BASE_2,2020-01-03 21:00:00,USDJPY,SHORT,exit_price,110.7,1532.14,1421.44,12.8405,LOGIC_MISMATCH
USDJPY_BASE_2,2020-01-03 21:00:00,USDJPY,SHORT,exit_reason,THESIS_EXIT,STOP_LOSS_TOUCH,0.0,0.0,LOGIC_MISMATCH
USDJPY_BASE_2,2020-01-03 21:00:00,USDJPY,SHORT,realized_pnl_thb,144.9,-1064.2751370808273,1209.1751,8.3449,LOGIC_MISMATCH
BTCUSD_BASE_3,2020-01-07 10:00:00,BTCUSD,SHORT,symbol,BTCUSD,XAUUSD,0.0,0.0,LOGIC_MISMATCH
BTCUSD_BASE_3,2020-01-07 10:00:00,BTCUSD,SHORT,volume,0.01,1.41,1.4,140.0,LOGIC_MISMATCH
BTCUSD_BASE_3,2020-01-07 10:00:00,BTCUSD,SHORT,entry_price,9375.1,1936.84,7438.26,0.7934,LOGIC_MISMATCH
BTCUSD_BASE_3,2020-01-07 10:00:00,BTCUSD,SHORT,current_sl,10136.03375,1945.205003054376,8190.8287,0.8081,LOGIC_MISMATCH
BTCUSD_BASE_3,2020-01-07 10:00:00,BTCUSD,SHORT,exit_price,10136.03375,1945.205003054376,8190.8287,0.8081,LOGIC_MISMATCH
BTCUSD_BASE_3,2020-01-07 10:00:00,BTCUSD,SHORT,realized_pnl_thb,-266.33,-2175.312900733459,1908.9829,7.1677,LOGIC_MISMATCH
USDJPY_BASE_4,2020-01-08 05:00:00,USDJPY,SHORT,symbol,USDJPY,US500,0.0,0.0,LOGIC_MISMATCH
USDJPY_BASE_4,2020-01-08 05:00:00,USDJPY,SHORT,volume,0.14,0.35,0.21,1.5,NUMERICAL_TOLERANCE
USDJPY_BASE_4,2020-01-08 05:00:00,USDJPY,SHORT,entry_price,109.66,3287.43,3177.77,28.9784,LOGIC_MISMATCH
USDJPY_BASE_4,2020-01-08 05:00:00,USDJPY,SHORT,current_sl,110.63475,3320.2519079619465,3209.6172,29.0109,LOGIC_MISMATCH
USDJPY_BASE_4,2020-01-08 05:00:00,USDJPY,SHORT,exit_price,110.24,3308.6,3198.36,29.0127,LOGIC_MISMATCH
USDJPY_BASE_4,2020-01-08 05:00:00,USDJPY,SHORT,realized_pnl_thb,-182.7,-696.8325000000009,514.1325,2.8141,LOGIC_MISMATCH
USDJPY_BASE_5,2020-01-14 02:00:00,USDJPY,SHORT,symbol,USDJPY,XAUUSD,0.0,0.0,LOGIC_MISMATCH
USDJPY_BASE_5,2020-01-14 02:00:00,USDJPY,SHORT,volume,0.12,3.03,2.91,24.25,LOGIC_MISMATCH
USDJPY_BASE_5,2020-01-14 02:00:00,USDJPY,SHORT,entry_price,109.31,1686.82,1577.51,14.4315,LOGIC_MISMATCH
USDJPY_BASE_5,2020-01-14 02:00:00,USDJPY,SHORT,current_sl,110.39325000000001,1686.82,1576.4267,14.2801,LOGIC_MISMATCH
USDJPY_BASE_5,2020-01-14 02:00:00,USDJPY,SHORT,exit_price,110.22,1686.82,1576.6,14.3041,LOGIC_MISMATCH
USDJPY_BASE_5,2020-01-14 02:00:00,USDJPY,SHORT,exit_reason,THESIS_EXIT,STOP_LOSS_TOUCH,0.0,0.0,LOGIC_MISMATCH
USDJPY_BASE_5,2020-01-14 02:00:00,USDJPY,SHORT,realized_pnl_thb,-245.7,-3787.5,3541.8,14.4151,LOGIC_MISMATCH
USDJPY_BASE_7,2020-01-15 14:00:00,USDJPY,LONG,symbol,USDJPY,XAUUSD,0.0,0.0,LOGIC_MISMATCH
USDJPY_BASE_7,2020-01-15 14:00:00,USDJPY,LONG,direction,LONG,SHORT,0.0,0.0,LOGIC_MISMATCH
USDJPY_BASE_7,2020-01-15 14:00:00,USDJPY,LONG,volume,0.12,2.01,1.89,15.75,LOGIC_MISMATCH
USDJPY_BASE_7,2020-01-15 14:00:00,USDJPY,LONG,entry_price,110.19,1670.749990883731,1560.56,14.1624,LOGIC_MISMATCH
USDJPY_BASE_7,2020-01-15 14:00:00,USDJPY,LONG,current_sl,109.102,1686.82,1577.718,14.4609,LOGIC_MISMATCH
USDJPY_BASE_7,2020-01-15 14:00:00,USDJPY,LONG,exit_price,109.67,1686.82,1577.15,14.3809,LOGIC_MISMATCH
USDJPY_BASE_7,2020-01-15 14:00:00,USDJPY,LONG,exit_reason,THESIS_EXIT,STOP_LOSS_TOUCH,0.0,0.0,LOGIC_MISMATCH
USDJPY_BASE_7,2020-01-15 14:00:00,USDJPY,LONG,realized_pnl_thb,-140.4,-3643.025141329518,3502.6251,24.9475,LOGIC_MISMATCH
US500_BASE_8,2020-01-16 08:00:00,US500,SHORT,symbol,US500,XAUUSD,0.0,0.0,LOGIC_MISMATCH
US500_BASE_8,2020-01-16 08:00:00,US500,SHORT,volume,0.19,4.49,4.3,22.6316,LOGIC_MISMATCH
US500_BASE_8,2020-01-16 08:00:00,US500,SHORT,entry_price,3022.23,1891.14,1131.09,0.3743,LOGIC_MISMATCH
US500_BASE_8,2020-01-16 08:00:00,US500,SHORT,current_sl,3065.65575,1899.2396294374025,1166.4161,0.3805,LOGIC_MISMATCH
US500_BASE_8,2020-01-16 08:00:00,US500,SHORT,exit_price,3047.61,1898.47,1149.14,0.3771,LOGIC_MISMATCH
US500_BASE_8,2020-01-16 08:00:00,US500,SHORT,realized_pnl_thb,-168.78,-6764.409499999989,6595.6295,39.0783,LOGIC_MISMATCH
BTCUSD_BASE_6,2020-01-15 03:00:00,BTCUSD,SHORT,direction,SHORT,LONG,0.0,0.0,LOGIC_MISMATCH
BTCUSD_BASE_6,2020-01-15 03:00:00,BTCUSD,SHORT,volume,0.01,0.05,0.04,4.0,NUMERICAL_TOLERANCE
BTCUSD_BASE_6,2020-01-15 03:00:00,BTCUSD,SHORT,entry_price,9626.06,89699.47,80073.41,8.3184,LOGIC_MISMATCH
BTCUSD_BASE_6,2020-01-15 03:00:00,BTCUSD,SHORT,current_sl,9626.06,89699.47,80073.41,8.3184,LOGIC_MISMATCH
BTCUSD_BASE_6,2020-01-15 03:00:00,BTCUSD,SHORT,exit_price,9274.9,92765.67,83490.77,9.0018,LOGIC_MISMATCH
BTCUSD_BASE_6,2020-01-15 03:00:00,BTCUSD,SHORT,realized_pnl_thb,122.91,5303.349999999995,5180.44,42.1482,LOGIC_MISMATCH
USDJPY_BASE_9,2020-01-16 13:00:00,USDJPY,SHORT,symbol,USDJPY,BTCUSD,0.0,0.0,LOGIC_MISMATCH
USDJPY_BASE_9,2020-01-16 13:00:00,USDJPY,SHORT,direction,SHORT,LONG,0.0,0.0,LOGIC_MISMATCH
USDJPY_BASE_9,2020-01-16 13:00:00,USDJPY,SHORT,volume,0.12,0.03,0.09,0.75,NUMERICAL_TOLERANCE
USDJPY_BASE_9,2020-01-16 13:00:00,USDJPY,SHORT,entry_price,109.97,90824.22744745668,90714.2574,824.9,LOGIC_MISMATCH
USDJPY_BASE_9,2020-01-16 13:00:00,USDJPY,SHORT,current_sl,111.03775,89699.47,89588.4322,806.8286,LOGIC_MISMATCH
USDJPY_BASE_9,2020-01-16 13:00:00,USDJPY,SHORT,exit_price,110.39,92765.67,92655.28,839.3449,LOGIC_MISMATCH
USDJPY_BASE_9,2020-01-16 13:00:00,USDJPY,SHORT,realized_pnl_thb,-113.4,2001.0146801704839,2114.4147,18.6456,LOGIC_MISMATCH
BTCUSD_BASE_10,2020-01-18 10:00:00,BTCUSD,SHORT,symbol,BTCUSD,XAUUSD,0.0,0.0,LOGIC_MISMATCH
BTCUSD_BASE_10,2020-01-18 10:00:00,BTCUSD,SHORT,volume,0.01,2.67,2.66,266.0,LOGIC_MISMATCH
BTCUSD_BASE_10,2020-01-18 10:00:00,BTCUSD,SHORT,entry_price,8932.48,2685.61,6246.87,0.6993,LOGIC_MISMATCH
BTCUSD_BASE_10,2020-01-18 10:00:00,BTCUSD,SHORT,current_sl,8932.48,2704.2227597612023,6228.2572,0.6973,LOGIC_MISMATCH
BTCUSD_BASE_10,2020-01-18 10:00:00,BTCUSD,SHORT,exit_price,8932.48,2699.35,6233.13,0.6978,LOGIC_MISMATCH
BTCUSD_BASE_10,2020-01-18 10:00:00,BTCUSD,SHORT,exit_reason,STOP_LOSS_TOUCH,THESIS_EXIT,0.0,0.0,LOGIC_MISMATCH
BTCUSD_BASE_10,2020-01-18 10:00:00,BTCUSD,SHORT,realized_pnl_thb,0.0,-4621.50299999998,4621.503,0.0,LOGIC_MISMATCH
GBPUSD_BASE_11,2020-01-20 07:00:00,GBPUSD,LONG,symbol,GBPUSD,BTCUSD,0.0,0.0,LOGIC_MISMATCH
GBPUSD_BASE_11,2020-01-20 07:00:00,GBPUSD,LONG,direction,LONG,SHORT,0.0,0.0,LOGIC_MISMATCH
GBPUSD_BASE_11,2020-01-20 07:00:00,GBPUSD,LONG,volume,0.01,0.05,0.04,4.0,NUMERICAL_TOLERANCE
GBPUSD_BASE_11,2020-01-20 07:00:00,GBPUSD,LONG,entry_price,1.29827,103983.45,103982.1517,80092.8557,LOGIC_MISMATCH
GBPUSD_BASE_11,2020-01-20 07:00:00,GBPUSD,LONG,current_sl,1.29002,104840.78133739161,104839.4913,81269.6635,LOGIC_MISMATCH
GBPUSD_BASE_11,2020-01-20 07:00:00,GBPUSD,LONG,exit_price,1.2954,104060.61,104059.3146,80329.8708,LOGIC_MISMATCH
GBPUSD_BASE_11,2020-01-20 07:00:00,GBPUSD,LONG,realized_pnl_thb,-100.45,-197.5300000000061,97.08,0.9665,LOGIC_MISMATCH
XAUUSD_BASE_12,2020-01-23 18:00:00,XAUUSD,LONG,ENTIRE_TRADE,PRESENT,MISSING,0.0,0.0,MISSING_TRADE
BTCUSD_BASE_13,2020-01-26 07:00:00,BTCUSD,LONG,ENTIRE_TRADE,PRESENT,MISSING,0.0,0.0,MISSING_TRADE
USDJPY_BASE_14,2020-01-27 08:00:00,USDJPY,LONG,ENTIRE_TRADE,PRESENT,MISSING,0.0,0.0,MISSING_TRADE
BTCUSD_BASE_15,2020-01-29 07:00:00,BTCUSD,LONG,ENTIRE_TRADE,PRESENT,MISSING,0.0,0.0,MISSING_TRADE
USDJPY_BASE_16,2020-01-30 02:00:00,USDJPY,SHORT,ENTIRE_TRADE,PRESENT,MISSING,0.0,0.0,MISSING_TRADE
USDJPY_BASE_17,2020-01-31 10:00:00,USDJPY,LONG,ENTIRE_TRADE,PRESENT,MISSING,0.0,0.0,MISSING_TRADE
USDJPY_PYR_18,2020-02-03 16:00:00,USDJPY,LONG,ENTIRE_TRADE,PRESENT,MISSING,0.0,0.0,MISSING_TRADE
USDJPY_BASE_19,2020-02-07 04:00:00,USDJPY,LONG,ENTIRE_TRADE,PRESENT,MISSING,0.0,0.0,MISSING_TRADE
USDJPY_BASE_21,2020-02-11 13:00:00,USDJPY,LONG,ENTIRE_TRADE,PRESENT,MISSING,0.0,0.0,MISSING_TRADE
BTCUSD_BASE_20,2020-02-09 14:00:00,BTCUSD,LONG,ENTIRE_TRADE,PRESENT,MISSING,0.0,0.0,MISSING_TRADE
USDJPY_BASE_22,2020-02-12 08:00:00,USDJPY,SHORT,ENTIRE_TRADE,PRESENT,MISSING,0.0,0.0,MISSING_TRADE
US500_BASE_23,2020-02-14 10:00:00,US500,SHORT,ENTIRE_TRADE,PRESENT,MISSING,0.0,0.0,MISSING_TRADE
US500_BASE_24,2020-02-14 21:00:00,US500,LONG,ENTIRE_TRADE,PRESENT,MISSING,0.0,0.0,MISSING_TRADE
USDJPY_BASE_25,2020-02-18 12:00:00,USDJPY,SHORT,ENTIRE_TRADE,PRESENT,MISSING,0.0,0.0,MISSING_TRADE
US500_BASE_26,2020-02-19 12:00:00,US500,LONG,ENTIRE_TRADE,PRESENT,MISSING,0.0,0.0,MISSING_TRADE
USDJPY_BASE_27,2020-02-21 00:00:00,USDJPY,LONG,ENTIRE_TRADE,PRESENT,MISSING,0.0,0.0,MISSING_TRADE
USDJPY_PYR_28,2020-02-24 07:00:00,USDJPY,LONG,ENTIRE_TRADE,PRESENT,MISSING,0.0,0.0,MISSING_TRADE
US500_BASE_29,2020-02-25 14:00:00,US500,LONG,ENTIRE_TRADE,PRESENT,MISSING,0.0,0.0,MISSING_TRADE
US500_BASE_30,2020-03-02 23:00:00,US500,LONG,ENTIRE_TRADE,PRESENT,MISSING,0.0,0.0,MISSING_TRADE
USDJPY_BASE_31,2020-03-03 23:00:00,USDJPY,LONG,ENTIRE_TRADE,PRESENT,MISSING,0.0,0.0,MISSING_TRADE
USDJPY_PYR_32,2020-03-05 15:00:00,USDJPY,LONG,ENTIRE_TRADE,PRESENT,MISSING,0.0,0.0,MISSING_TRADE
USDJPY_BASE_33,2020-03-09 16:00:00,USDJPY,SHORT,ENTIRE_TRADE,PRESENT,MISSING,0.0,0.0,MISSING_TRADE
USDJPY_BASE_34,2020-03-11 12:00:00,USDJPY,SHORT,ENTIRE_TRADE,PRESENT,MISSING,0.0,0.0,MISSING_TRADE
USDJPY_PYR_35,2020-03-12 12:00:00,USDJPY,SHORT,ENTIRE_TRADE,PRESENT,MISSING,0.0,0.0,MISSING_TRADE
US500_BASE_36,2020-03-16 00:00:00,US500,LONG,ENTIRE_TRADE,PRESENT,MISSING,0.0,0.0,MISSING_TRADE
USDJPY_BASE_37,2020-03-18 12:00:00,USDJPY,LONG,ENTIRE_TRADE,PRESENT,MISSING,0.0,0.0,MISSING_TRADE
USDJPY_BASE_38,2020-03-19 04:00:00,USDJPY,SHORT,ENTIRE_TRADE,PRESENT,MISSING,0.0,0.0,MISSING_TRADE
USDJPY_PYR_39,2020-03-19 13:00:00,USDJPY,SHORT,ENTIRE_TRADE,PRESENT,MISSING,0.0,0.0,MISSING_TRADE
US500_BASE_40,2020-03-24 04:00:00,US500,LONG,ENTIRE_TRADE,PRESENT,MISSING,0.0,0.0,MISSING_TRADE
US500_PYR_41,2020-03-24 16:00:00,US500,LONG,ENTIRE_TRADE,PRESENT,MISSING,0.0,0.0,MISSING_TRADE
BTCUSD_BASE_42,2020-03-31 22:00:00,BTCUSD,SHORT,ENTIRE_TRADE,PRESENT,MISSING,0.0,0.0,MISSING_TRADE
US500_BASE_43,2020-04-01 10:00:00,US500,SHORT,ENTIRE_TRADE,PRESENT,MISSING,0.0,0.0,MISSING_TRADE
BTCUSD_BASE_44,2020-04-02 11:00:00,BTCUSD,LONG,ENTIRE_TRADE,PRESENT,MISSING,0.0,0.0,MISSING_TRADE
US500_BASE_45,2020-04-02 15:00:00,US500,SHORT,ENTIRE_TRADE,PRESENT,MISSING,0.0,0.0,MISSING_TRADE
USDJPY_BASE_46,2020-04-08 05:00:00,USDJPY,LONG,ENTIRE_TRADE,PRESENT,MISSING,0.0,0.0,MISSING_TRADE
US500_BASE_47,2020-04-09 15:00:00,US500,LONG,ENTIRE_TRADE,PRESENT,MISSING,0.0,0.0,MISSING_TRADE
USDJPY_BASE_48,2020-04-10 16:00:00,USDJPY,LONG,ENTIRE_TRADE,PRESENT,MISSING,0.0,0.0,MISSING_TRADE
USDJPY_PYR_49,2020-04-13 12:00:00,USDJPY,LONG,ENTIRE_TRADE,PRESENT,MISSING,0.0,0.0,MISSING_TRADE
GBPUSD_BASE_50,2020-04-16 16:00:00,GBPUSD,SHORT,ENTIRE_TRADE,PRESENT,MISSING,0.0,0.0,MISSING_TRADE
BTCUSD_BASE_51,2020-04-19 14:00:00,BTCUSD,SHORT,ENTIRE_TRADE,PRESENT,MISSING,0.0,0.0,MISSING_TRADE
USDJPY_BASE_52,2020-04-20 06:00:00,USDJPY,LONG,ENTIRE_TRADE,PRESENT,MISSING,0.0,0.0,MISSING_TRADE
US500_BASE_53,2020-04-21 18:00:00,US500,LONG,ENTIRE_TRADE,PRESENT,MISSING,0.0,0.0,MISSING_TRADE
USDJPY_BASE_54,2020-04-27 06:00:00,USDJPY,SHORT,ENTIRE_TRADE,PRESENT,MISSING,0.0,0.0,MISSING_TRADE
USDJPY_PYR_55,2020-04-28 02:00:00,USDJPY,SHORT,ENTIRE_TRADE,PRESENT,MISSING,0.0,0.0,MISSING_TRADE
US500_BASE_57,2020-05-04 02:00:00,US500,SHORT,ENTIRE_TRADE,PRESENT,MISSING,0.0,0.0,MISSING_TRADE
GBPUSD_BASE_58,2020-05-05 11:00:00,GBPUSD,LONG,ENTIRE_TRADE,PRESENT,MISSING,0.0,0.0,MISSING_TRADE
BTCUSD_BASE_56,2020-05-02 11:00:00,BTCUSD,LONG,ENTIRE_TRADE,PRESENT,MISSING,0.0,0.0,MISSING_TRADE
GBPUSD_BASE_60,2020-05-08 12:00:00,GBPUSD,LONG,ENTIRE_TRADE,PRESENT,MISSING,0.0,0.0,MISSING_TRADE
US500_BASE_59,2020-05-06 22:00:00,US500,LONG,ENTIRE_TRADE,PRESENT,MISSING,0.0,0.0,MISSING_TRADE
GBPUSD_BASE_61,2020-05-12 14:00:00,GBPUSD,LONG,ENTIRE_TRADE,PRESENT,MISSING,0.0,0.0,MISSING_TRADE
USDJPY_BASE_62,2020-05-13 11:00:00,USDJPY,LONG,ENTIRE_TRADE,PRESENT,MISSING,0.0,0.0,MISSING_TRADE
USDJPY_PYR_63,2020-05-14 08:00:00,USDJPY,LONG,ENTIRE_TRADE,PRESENT,MISSING,0.0,0.0,MISSING_TRADE
BTCUSD_BASE_64,2020-05-17 15:00:00,BTCUSD,SHORT,ENTIRE_TRADE,PRESENT,MISSING,0.0,0.0,MISSING_TRADE
USDJPY_BASE_65,2020-05-18 13:00:00,USDJPY,SHORT,ENTIRE_TRADE,PRESENT,MISSING,0.0,0.0,MISSING_TRADE
USDJPY_BASE_67,2020-05-21 16:00:00,USDJPY,SHORT,ENTIRE_TRADE,PRESENT,MISSING,0.0,0.0,MISSING_TRADE
BTCUSD_BASE_66,2020-05-19 00:00:00,BTCUSD,LONG,ENTIRE_TRADE,PRESENT,MISSING,0.0,0.0,MISSING_TRADE
USDJPY_BASE_68,2020-05-26 06:00:00,USDJPY,LONG,ENTIRE_TRADE,PRESENT,MISSING,0.0,0.0,MISSING_TRADE
GBPUSD_BASE_69,2020-05-26 15:00:00,GBPUSD,LONG,ENTIRE_TRADE,PRESENT,MISSING,0.0,0.0,MISSING_TRADE
US500_BASE_70,2020-05-28 15:00:00,US500,SHORT,ENTIRE_TRADE,PRESENT,MISSING,0.0,0.0,MISSING_TRADE
US500_PYR_71,2020-05-29 14:00:00,US500,SHORT,ENTIRE_TRADE,PRESENT,MISSING,0.0,0.0,MISSING_TRADE
US500_BASE_72,2020-06-03 12:00:00,US500,LONG,ENTIRE_TRADE,PRESENT,MISSING,0.0,0.0,MISSING_TRADE
BTCUSD_BASE_73,2020-06-04 08:00:00,BTCUSD,LONG,ENTIRE_TRADE,PRESENT,MISSING,0.0,0.0,MISSING_TRADE
US500_BASE_74,2020-06-05 04:00:00,US500,SHORT,ENTIRE_TRADE,PRESENT,MISSING,0.0,0.0,MISSING_TRADE
BTCUSD_BASE_75,2020-06-06 10:00:00,BTCUSD,SHORT,ENTIRE_TRADE,PRESENT,MISSING,0.0,0.0,MISSING_TRADE
US500_BASE_76,2020-06-08 17:00:00,US500,SHORT,ENTIRE_TRADE,PRESENT,MISSING,0.0,0.0,MISSING_TRADE
USDJPY_BASE_77,2020-06-09 08:00:00,USDJPY,LONG,ENTIRE_TRADE,PRESENT,MISSING,0.0,0.0,MISSING_TRADE
USDJPY_PYR_78,2020-06-09 16:00:00,USDJPY,LONG,ENTIRE_TRADE,PRESENT,MISSING,0.0,0.0,MISSING_TRADE
USDJPY_BASE_79,2020-06-16 13:00:00,USDJPY,LONG,ENTIRE_TRADE,PRESENT,MISSING,0.0,0.0,MISSING_TRADE
BTCUSD_BASE_81,2020-06-19 10:00:00,BTCUSD,SHORT,ENTIRE_TRADE,PRESENT,MISSING,0.0,0.0,MISSING_TRADE
GBPUSD_BASE_80,2020-06-18 14:00:00,GBPUSD,SHORT,ENTIRE_TRADE,PRESENT,MISSING,0.0,0.0,MISSING_TRADE
USDJPY_BASE_83,2020-06-22 14:00:00,USDJPY,SHORT,ENTIRE_TRADE,PRESENT,MISSING,0.0,0.0,MISSING_TRADE
US500_BASE_84,2020-06-24 08:00:00,US500,SHORT,ENTIRE_TRADE,PRESENT,MISSING,0.0,0.0,MISSING_TRADE
BTCUSD_BASE_82,2020-06-21 18:00:00,BTCUSD,LONG,ENTIRE_TRADE,PRESENT,MISSING,0.0,0.0,MISSING_TRADE
GBPUSD_BASE_85,2020-06-25 12:00:00,GBPUSD,SHORT,ENTIRE_TRADE,PRESENT,MISSING,0.0,0.0,MISSING_TRADE
GBPUSD_BASE_86,2020-06-29 23:00:00,GBPUSD,LONG,ENTIRE_TRADE,PRESENT,MISSING,0.0,0.0,MISSING_TRADE
BTCUSD_BASE_87,2020-06-30 03:00:00,BTCUSD,LONG,ENTIRE_TRADE,PRESENT,MISSING,0.0,0.0,MISSING_TRADE
GBPUSD_BASE_88,2020-07-01 17:00:00,GBPUSD,SHORT,ENTIRE_TRADE,PRESENT,MISSING,0.0,0.0,MISSING_TRADE
US500_BASE_89,2020-07-06 01:00:00,US500,SHORT,ENTIRE_TRADE,PRESENT,MISSING,0.0,0.0,MISSING_TRADE
USDJPY_BASE_90,2020-07-06 15:00:00,USDJPY,SHORT,ENTIRE_TRADE,PRESENT,MISSING,0.0,0.0,MISSING_TRADE
USDJPY_PYR_91,2020-07-08 03:00:00,USDJPY,SHORT,ENTIRE_TRADE,PRESENT,MISSING,0.0,0.0,MISSING_TRADE
GBPUSD_BASE_92,2020-07-08 14:00:00,GBPUSD,LONG,ENTIRE_TRADE,PRESENT,MISSING,0.0,0.0,MISSING_TRADE
BTCUSD_BASE_93,2020-07-12 20:00:00,BTCUSD,LONG,ENTIRE_TRADE,PRESENT,MISSING,0.0,0.0,MISSING_TRADE
US500_BASE_94,2020-07-13 01:00:00,US500,SHORT,ENTIRE_TRADE,PRESENT,MISSING,0.0,0.0,MISSING_TRADE
USDJPY_BASE_95,2020-07-15 11:00:00,USDJPY,SHORT,ENTIRE_TRADE,PRESENT,MISSING,0.0,0.0,MISSING_TRADE
USDJPY_PYR_96,2020-07-16 15:00:00,USDJPY,SHORT,ENTIRE_TRADE,PRESENT,MISSING,0.0,0.0,MISSING_TRADE
USDJPY_BASE_97,2020-07-21 13:00:00,USDJPY,LONG,ENTIRE_TRADE,PRESENT,MISSING,0.0,0.0,MISSING_TRADE
BTCUSD_BASE_98,2020-07-22 12:00:00,BTCUSD,SHORT,ENTIRE_TRADE,PRESENT,MISSING,0.0,0.0,MISSING_TRADE
US500_BASE_99,2020-07-27 07:00:00,US500,LONG,ENTIRE_TRADE,PRESENT,MISSING,0.0,0.0,MISSING_TRADE
US500_PYR_100,2020-07-27 13:00:00,US500,LONG,ENTIRE_TRADE,PRESENT,MISSING,0.0,0.0,MISSING_TRADE
US500_BASE_101,2020-07-30 23:00:00,US500,LONG,ENTIRE_TRADE,PRESENT,MISSING,0.0,0.0,MISSING_TRADE
BTCUSD_BASE_103,2020-08-03 01:00:00,BTCUSD,LONG,ENTIRE_TRADE,PRESENT,MISSING,0.0,0.0,MISSING_TRADE
USDJPY_BASE_102,2020-07-31 12:00:00,USDJPY,LONG,ENTIRE_TRADE,PRESENT,MISSING,0.0,0.0,MISSING_TRADE
GBPUSD_BASE_104,2020-08-06 17:00:00,GBPUSD,SHORT,ENTIRE_TRADE,PRESENT,MISSING,0.0,0.0,MISSING_TRADE
BTCUSD_BASE_105,2020-08-06 23:00:00,BTCUSD,SHORT,ENTIRE_TRADE,PRESENT,MISSING,0.0,0.0,MISSING_TRADE
BTCUSD_BASE_107,2020-08-11 06:00:00,BTCUSD,SHORT,ENTIRE_TRADE,PRESENT,MISSING,0.0,0.0,MISSING_TRADE
GBPUSD_BASE_106,2020-08-10 16:00:00,GBPUSD,LONG,ENTIRE_TRADE,PRESENT,MISSING,0.0,0.0,MISSING_TRADE
USDJPY_BASE_108,2020-08-12 17:00:00,USDJPY,SHORT,ENTIRE_TRADE,PRESENT,MISSING,0.0,0.0,MISSING_TRADE
BTCUSD_BASE_110,2020-08-15 22:00:00,BTCUSD,SHORT,ENTIRE_TRADE,PRESENT,MISSING,0.0,0.0,MISSING_TRADE
GBPUSD_BASE_109,2020-08-14 08:00:00,GBPUSD,LONG,ENTIRE_TRADE,PRESENT,MISSING,0.0,0.0,MISSING_TRADE
BTCUSD_BASE_111,2020-08-17 00:00:00,BTCUSD,LONG,ENTIRE_TRADE,PRESENT,MISSING,0.0,0.0,MISSING_TRADE
USDJPY_BASE_112,2020-08-17 23:00:00,USDJPY,LONG,ENTIRE_TRADE,PRESENT,MISSING,0.0,0.0,MISSING_TRADE
US500_BASE_113,2020-08-21 18:00:00,US500,SHORT,ENTIRE_TRADE,PRESENT,MISSING,0.0,0.0,MISSING_TRADE
US500_PYR_114,2020-08-25 11:00:00,US500,SHORT,ENTIRE_TRADE,PRESENT,MISSING,0.0,0.0,MISSING_TRADE
USDJPY_BASE_115,2020-09-01 08:00:00,USDJPY,SHORT,ENTIRE_TRADE,PRESENT,MISSING,0.0,0.0,MISSING_TRADE
GBPUSD_BASE_116,2020-09-03 04:00:00,GBPUSD,LONG,ENTIRE_TRADE,PRESENT,MISSING,0.0,0.0,MISSING_TRADE
BTCUSD_BASE_117,2020-09-03 13:00:00,BTCUSD,LONG,ENTIRE_TRADE,PRESENT,MISSING,0.0,0.0,MISSING_TRADE
US500_BASE_118,2020-09-04 06:00:00,US500,LONG,ENTIRE_TRADE,PRESENT,MISSING,0.0,0.0,MISSING_TRADE
BTCUSD_BASE_120,2020-09-06 15:00:00,BTCUSD,LONG,ENTIRE_TRADE,PRESENT,MISSING,0.0,0.0,MISSING_TRADE
BTCUSD_BASE_121,2020-09-07 16:00:00,BTCUSD,SHORT,ENTIRE_TRADE,PRESENT,MISSING,0.0,0.0,MISSING_TRADE
GBPUSD_BASE_119,2020-09-04 15:00:00,GBPUSD,SHORT,ENTIRE_TRADE,PRESENT,MISSING,0.0,0.0,MISSING_TRADE
US500_BASE_122,2020-09-08 23:00:00,US500,SHORT,ENTIRE_TRADE,PRESENT,MISSING,0.0,0.0,MISSING_TRADE
BTCUSD_BASE_123,2020-09-09 20:00:00,BTCUSD,SHORT,ENTIRE_TRADE,PRESENT,MISSING,0.0,0.0,MISSING_TRADE
BTCUSD_BASE_124,2020-09-11 08:00:00,BTCUSD,LONG,ENTIRE_TRADE,PRESENT,MISSING,0.0,0.0,MISSING_TRADE
BTCUSD_BASE_126,2020-09-14 22:00:00,BTCUSD,LONG,ENTIRE_TRADE,PRESENT,MISSING,0.0,0.0,MISSING_TRADE
US500_BASE_125,2020-09-14 22:00:00,US500,SHORT,ENTIRE_TRADE,PRESENT,MISSING,0.0,0.0,MISSING_TRADE
GBPUSD_BASE_127,2020-09-15 12:00:00,GBPUSD,LONG,ENTIRE_TRADE,PRESENT,MISSING,0.0,0.0,MISSING_TRADE
BTCUSD_BASE_128,2020-09-17 10:00:00,BTCUSD,SHORT,ENTIRE_TRADE,PRESENT,MISSING,0.0,0.0,MISSING_TRADE
GBPUSD_BASE_129,2020-09-17 19:00:00,GBPUSD,LONG,ENTIRE_TRADE,PRESENT,MISSING,0.0,0.0,MISSING_TRADE
BTCUSD_BASE_130,2020-09-19 03:00:00,BTCUSD,LONG,ENTIRE_TRADE,PRESENT,MISSING,0.0,0.0,MISSING_TRADE
BTCUSD_PYR_131,2020-09-20 08:00:00,BTCUSD,LONG,ENTIRE_TRADE,PRESENT,MISSING,0.0,0.0,MISSING_TRADE
GBPUSD_BASE_133,2020-09-28 11:00:00,GBPUSD,SHORT,ENTIRE_TRADE,PRESENT,MISSING,0.0,0.0,MISSING_TRADE
BTCUSD_BASE_132,2020-09-26 13:00:00,BTCUSD,LONG,ENTIRE_TRADE,PRESENT,MISSING,0.0,0.0,MISSING_TRADE
BTCUSD_BASE_135,2020-09-30 09:00:00,BTCUSD,SHORT,ENTIRE_TRADE,PRESENT,MISSING,0.0,0.0,MISSING_TRADE
GBPUSD_BASE_134,2020-09-30 05:00:00,GBPUSD,SHORT,ENTIRE_TRADE,PRESENT,MISSING,0.0,0.0,MISSING_TRADE
BTCUSD_BASE_136,2020-10-01 10:00:00,BTCUSD,LONG,ENTIRE_TRADE,PRESENT,MISSING,0.0,0.0,MISSING_TRADE
BTCUSD_PYR_137,2020-10-03 08:00:00,BTCUSD,LONG,ENTIRE_TRADE,PRESENT,MISSING,0.0,0.0,MISSING_TRADE
GBPUSD_BASE_138,2020-10-06 12:00:00,GBPUSD,SHORT,ENTIRE_TRADE,PRESENT,MISSING,0.0,0.0,MISSING_TRADE
BTCUSD_BASE_139,2020-10-06 13:00:00,BTCUSD,SHORT,ENTIRE_TRADE,PRESENT,MISSING,0.0,0.0,MISSING_TRADE
US500_BASE_140,2020-10-07 05:00:00,US500,LONG,ENTIRE_TRADE,PRESENT,MISSING,0.0,0.0,MISSING_TRADE
US500_PYR_141,2020-10-08 02:00:00,US500,LONG,ENTIRE_TRADE,PRESENT,MISSING,0.0,0.0,MISSING_TRADE
US500_BASE_143,2020-10-14 10:00:00,US500,SHORT,ENTIRE_TRADE,PRESENT,MISSING,0.0,0.0,MISSING_TRADE
BTCUSD_BASE_142,2020-10-13 06:00:00,BTCUSD,LONG,ENTIRE_TRADE,PRESENT,MISSING,0.0,0.0,MISSING_TRADE
USDJPY_BASE_144,2020-10-15 00:00:00,USDJPY,SHORT,ENTIRE_TRADE,PRESENT,MISSING,0.0,0.0,MISSING_TRADE
US500_BASE_145,2020-10-15 19:00:00,US500,LONG,ENTIRE_TRADE,PRESENT,MISSING,0.0,0.0,MISSING_TRADE
USDJPY_BASE_146,2020-10-16 10:00:00,USDJPY,LONG,ENTIRE_TRADE,PRESENT,MISSING,0.0,0.0,MISSING_TRADE
BTCUSD_BASE_148,2020-10-22 14:00:00,BTCUSD,SHORT,ENTIRE_TRADE,PRESENT,MISSING,0.0,0.0,MISSING_TRADE
US500_BASE_147,2020-10-21 17:00:00,US500,LONG,ENTIRE_TRADE,PRESENT,MISSING,0.0,0.0,MISSING_TRADE
US500_PYR_149,2020-10-23 08:00:00,US500,LONG,ENTIRE_TRADE,PRESENT,MISSING,0.0,0.0,MISSING_TRADE
GBPUSD_BASE_150,2020-10-26 14:00:00,GBPUSD,LONG,ENTIRE_TRADE,PRESENT,MISSING,0.0,0.0,MISSING_TRADE
BTCUSD_BASE_151,2020-10-28 06:00:00,BTCUSD,LONG,ENTIRE_TRADE,PRESENT,MISSING,0.0,0.0,MISSING_TRADE
USDJPY_BASE_152,2020-10-28 07:00:00,USDJPY,LONG,ENTIRE_TRADE,PRESENT,MISSING,0.0,0.0,MISSING_TRADE
USDJPY_PYR_153,2020-10-28 14:00:00,USDJPY,LONG,ENTIRE_TRADE,PRESENT,MISSING,0.0,0.0,MISSING_TRADE
USDJPY_BASE_154,2020-11-02 11:00:00,USDJPY,SHORT,ENTIRE_TRADE,PRESENT,MISSING,0.0,0.0,MISSING_TRADE
BTCUSD_BASE_156,2020-11-03 11:00:00,BTCUSD,LONG,ENTIRE_TRADE,PRESENT,MISSING,0.0,0.0,MISSING_TRADE
US500_BASE_155,2020-11-03 08:00:00,US500,LONG,ENTIRE_TRADE,PRESENT,MISSING,0.0,0.0,MISSING_TRADE
US500_PYR_157,2020-11-04 08:00:00,US500,LONG,ENTIRE_TRADE,PRESENT,MISSING,0.0,0.0,MISSING_TRADE
BTCUSD_BASE_158,2020-11-09 12:00:00,BTCUSD,SHORT,ENTIRE_TRADE,PRESENT,MISSING,0.0,0.0,MISSING_TRADE
USDJPY_BASE_159,2020-11-10 15:00:00,USDJPY,SHORT,ENTIRE_TRADE,PRESENT,MISSING,0.0,0.0,MISSING_TRADE
GBPUSD_BASE_161,2020-11-11 16:00:00,GBPUSD,LONG,ENTIRE_TRADE,PRESENT,MISSING,0.0,0.0,MISSING_TRADE
BTCUSD_BASE_160,2020-11-11 12:00:00,BTCUSD,LONG,ENTIRE_TRADE,PRESENT,MISSING,0.0,0.0,MISSING_TRADE
BTCUSD_BASE_162,2020-11-14 14:00:00,BTCUSD,SHORT,ENTIRE_TRADE,PRESENT,MISSING,0.0,0.0,MISSING_TRADE
GBPUSD_BASE_163,2020-11-18 02:00:00,GBPUSD,SHORT,ENTIRE_TRADE,PRESENT,MISSING,0.0,0.0,MISSING_TRADE
BTCUSD_BASE_164,2020-11-18 16:00:00,BTCUSD,SHORT,ENTIRE_TRADE,PRESENT,MISSING,0.0,0.0,MISSING_TRADE
US500_BASE_165,2020-11-19 09:00:00,US500,LONG,ENTIRE_TRADE,PRESENT,MISSING,0.0,0.0,MISSING_TRADE
GBPUSD_BASE_166,2020-11-20 20:00:00,GBPUSD,SHORT,ENTIRE_TRADE,PRESENT,MISSING,0.0,0.0,MISSING_TRADE
GBPUSD_BASE_167,2020-11-23 08:00:00,GBPUSD,LONG,ENTIRE_TRADE,PRESENT,MISSING,0.0,0.0,MISSING_TRADE
USDJPY_BASE_168,2020-11-24 15:00:00,USDJPY,LONG,ENTIRE_TRADE,PRESENT,MISSING,0.0,0.0,MISSING_TRADE
USDJPY_BASE_170,2020-11-26 13:00:00,USDJPY,LONG,ENTIRE_TRADE,PRESENT,MISSING,0.0,0.0,MISSING_TRADE
BTCUSD_BASE_169,2020-11-25 16:00:00,BTCUSD,LONG,ENTIRE_TRADE,PRESENT,MISSING,0.0,0.0,MISSING_TRADE
BTCUSD_BASE_171,2020-11-30 06:00:00,BTCUSD,SHORT,ENTIRE_TRADE,PRESENT,MISSING,0.0,0.0,MISSING_TRADE
BTCUSD_BASE_172,2020-12-01 04:00:00,BTCUSD,LONG,ENTIRE_TRADE,PRESENT,MISSING,0.0,0.0,MISSING_TRADE
BTCUSD_BASE_173,2020-12-02 08:00:00,BTCUSD,SHORT,ENTIRE_TRADE,PRESENT,MISSING,0.0,0.0,MISSING_TRADE
BTCUSD_PYR_174,2020-12-02 12:00:00,BTCUSD,SHORT,ENTIRE_TRADE,PRESENT,MISSING,0.0,0.0,MISSING_TRADE
BTCUSD_BASE_175,2020-12-06 15:00:00,BTCUSD,LONG,ENTIRE_TRADE,PRESENT,MISSING,0.0,0.0,MISSING_TRADE
BTCUSD_PYR_176,2020-12-07 09:00:00,BTCUSD,LONG,ENTIRE_TRADE,PRESENT,MISSING,0.0,0.0,MISSING_TRADE
US500_BASE_178,2020-12-11 13:00:00,US500,LONG,ENTIRE_TRADE,PRESENT,MISSING,0.0,0.0,MISSING_TRADE
USDJPY_BASE_179,2020-12-11 21:00:00,USDJPY,SHORT,ENTIRE_TRADE,PRESENT,MISSING,0.0,0.0,MISSING_TRADE
BTCUSD_BASE_177,2020-12-11 06:00:00,BTCUSD,SHORT,ENTIRE_TRADE,PRESENT,MISSING,0.0,0.0,MISSING_TRADE
US500_BASE_180,2020-12-15 18:00:00,US500,LONG,ENTIRE_TRADE,PRESENT,MISSING,0.0,0.0,MISSING_TRADE
US500_PYR_181,2020-12-16 13:00:00,US500,LONG,ENTIRE_TRADE,PRESENT,MISSING,0.0,0.0,MISSING_TRADE
BTCUSD_BASE_182,2020-12-21 07:00:00,BTCUSD,LONG,ENTIRE_TRADE,PRESENT,MISSING,0.0,0.0,MISSING_TRADE
USDJPY_BASE_183,2020-12-22 04:00:00,USDJPY,SHORT,ENTIRE_TRADE,PRESENT,MISSING,0.0,0.0,MISSING_TRADE
USDJPY_PYR_184,2020-12-23 06:00:00,USDJPY,SHORT,ENTIRE_TRADE,PRESENT,MISSING,0.0,0.0,MISSING_TRADE
BTCUSD_BASE_185,2020-12-26 17:00:00,BTCUSD,SHORT,ENTIRE_TRADE,PRESENT,MISSING,0.0,0.0,MISSING_TRADE
GBPUSD_BASE_186,2020-12-29 13:00:00,GBPUSD,SHORT,ENTIRE_TRADE,PRESENT,MISSING,0.0,0.0,MISSING_TRADE
BTCUSD_BASE_187,2020-12-30 08:00:00,BTCUSD,SHORT,ENTIRE_TRADE,PRESENT,MISSING,0.0,0.0,MISSING_TRADE
USDJPY_BASE_188,2020-12-30 13:00:00,USDJPY,LONG,ENTIRE_TRADE,PRESENT,MISSING,0.0,0.0,MISSING_TRADE
USDJPY_BASE_189,2021-01-05 00:00:00,USDJPY,SHORT,ENTIRE_TRADE,PRESENT,MISSING,0.0,0.0,MISSING_TRADE
BTCUSD_BASE_190,2021-01-05 15:00:00,BTCUSD,LONG,ENTIRE_TRADE,PRESENT,MISSING,0.0,0.0,MISSING_TRADE
USDJPY_BASE_191,2021-01-07 17:00:00,USDJPY,LONG,ENTIRE_TRADE,PRESENT,MISSING,0.0,0.0,MISSING_TRADE
BTCUSD_BASE_192,2021-01-09 09:00:00,BTCUSD,LONG,ENTIRE_TRADE,PRESENT,MISSING,0.0,0.0,MISSING_TRADE
USDJPY_BASE_194,2021-01-11 04:00:00,USDJPY,SHORT,ENTIRE_TRADE,PRESENT,MISSING,0.0,0.0,MISSING_TRADE
BTCUSD_BASE_193,2021-01-10 16:00:00,BTCUSD,SHORT,ENTIRE_TRADE,PRESENT,MISSING,0.0,0.0,MISSING_TRADE
USDJPY_BASE_195,2021-01-14 11:00:00,USDJPY,LONG,ENTIRE_TRADE,PRESENT,MISSING,0.0,0.0,MISSING_TRADE
BTCUSD_BASE_196,2021-01-15 05:00:00,BTCUSD,LONG,ENTIRE_TRADE,PRESENT,MISSING,0.0,0.0,MISSING_TRADE
USDJPY_BASE_197,2021-01-15 11:00:00,USDJPY,SHORT,ENTIRE_TRADE,PRESENT,MISSING,0.0,0.0,MISSING_TRADE
GBPUSD_BASE_198,2021-01-18 11:00:00,GBPUSD,SHORT,ENTIRE_TRADE,PRESENT,MISSING,0.0,0.0,MISSING_TRADE
BTCUSD_BASE_199,2021-01-19 12:00:00,BTCUSD,SHORT,ENTIRE_TRADE,PRESENT,MISSING,0.0,0.0,MISSING_TRADE
US500_BASE_200,2021-01-21 15:00:00,US500,LONG,ENTIRE_TRADE,PRESENT,MISSING,0.0,0.0,MISSING_TRADE
GBPUSD_BASE_202,2021-01-26 08:00:00,GBPUSD,LONG,ENTIRE_TRADE,PRESENT,MISSING,0.0,0.0,MISSING_TRADE
BTCUSD_BASE_201,2021-01-26 01:00:00,BTCUSD,SHORT,ENTIRE_TRADE,PRESENT,MISSING,0.0,0.0,MISSING_TRADE
GBPUSD_BASE_203,2021-01-27 22:00:00,GBPUSD,LONG,ENTIRE_TRADE,PRESENT,MISSING,0.0,0.0,MISSING_TRADE
BTCUSD_BASE_205,2021-01-30 08:00:00,BTCUSD,LONG,ENTIRE_TRADE,PRESENT,MISSING,0.0,0.0,MISSING_TRADE
USDJPY_BASE_204,2021-01-29 16:00:00,USDJPY,SHORT,ENTIRE_TRADE,PRESENT,MISSING,0.0,0.0,MISSING_TRADE
GBPUSD_BASE_206,2021-02-01 05:00:00,GBPUSD,SHORT,ENTIRE_TRADE,PRESENT,MISSING,0.0,0.0,MISSING_TRADE
BTCUSD_BASE_207,2021-02-02 02:00:00,BTCUSD,LONG,ENTIRE_TRADE,PRESENT,MISSING,0.0,0.0,MISSING_TRADE
BTCUSD_BASE_209,2021-02-04 05:00:00,BTCUSD,LONG,ENTIRE_TRADE,PRESENT,MISSING,0.0,0.0,MISSING_TRADE
USDJPY_BASE_208,2021-02-03 03:00:00,USDJPY,SHORT,ENTIRE_TRADE,PRESENT,MISSING,0.0,0.0,MISSING_TRADE
GBPUSD_BASE_210,2021-02-09 05:00:00,GBPUSD,SHORT,ENTIRE_TRADE,PRESENT,MISSING,0.0,0.0,MISSING_TRADE
GBPUSD_PYR_211,2021-02-10 06:00:00,GBPUSD,SHORT,ENTIRE_TRADE,PRESENT,MISSING,0.0,0.0,MISSING_TRADE
BTCUSD_BASE_213,2021-02-12 13:00:00,BTCUSD,LONG,ENTIRE_TRADE,PRESENT,MISSING,0.0,0.0,MISSING_TRADE
US500_BASE_212,2021-02-11 02:00:00,US500,SHORT,ENTIRE_TRADE,PRESENT,MISSING,0.0,0.0,MISSING_TRADE
USDJPY_BASE_214,2021-02-15 06:00:00,USDJPY,LONG,ENTIRE_TRADE,PRESENT,MISSING,0.0,0.0,MISSING_TRADE
GBPUSD_BASE_216,2021-02-16 04:00:00,GBPUSD,SHORT,ENTIRE_TRADE,PRESENT,MISSING,0.0,0.0,MISSING_TRADE
BTCUSD_BASE_215,2021-02-15 09:00:00,BTCUSD,SHORT,ENTIRE_TRADE,PRESENT,MISSING,0.0,0.0,MISSING_TRADE
USDJPY_BASE_217,2021-02-16 10:00:00,USDJPY,SHORT,ENTIRE_TRADE,PRESENT,MISSING,0.0,0.0,MISSING_TRADE
BTCUSD_BASE_218,2021-02-16 21:00:00,BTCUSD,LONG,ENTIRE_TRADE,PRESENT,MISSING,0.0,0.0,MISSING_TRADE
GBPUSD_BASE_219,2021-02-17 07:00:00,GBPUSD,LONG,ENTIRE_TRADE,PRESENT,MISSING,0.0,0.0,MISSING_TRADE
GBPUSD_PYR_220,2021-02-17 16:00:00,GBPUSD,LONG,ENTIRE_TRADE,PRESENT,MISSING,0.0,0.0,MISSING_TRADE
USDJPY_BASE_221,2021-02-18 14:00:00,USDJPY,SHORT,ENTIRE_TRADE,PRESENT,MISSING,0.0,0.0,MISSING_TRADE
BTCUSD_BASE_222,2021-02-19 07:00:00,BTCUSD,SHORT,ENTIRE_TRADE,PRESENT,MISSING,0.0,0.0,MISSING_TRADE
BTCUSD_PYR_223,2021-02-19 22:00:00,BTCUSD,SHORT,ENTIRE_TRADE,PRESENT,MISSING,0.0,0.0,MISSING_TRADE
GBPUSD_BASE_224,2021-02-22 08:00:00,GBPUSD,SHORT,ENTIRE_TRADE,PRESENT,MISSING,0.0,0.0,MISSING_TRADE
GBPUSD_BASE_225,2021-02-22 16:00:00,GBPUSD,LONG,ENTIRE_TRADE,PRESENT,MISSING,0.0,0.0,MISSING_TRADE
BTCUSD_BASE_226,2021-02-23 01:00:00,BTCUSD,LONG,ENTIRE_TRADE,PRESENT,MISSING,0.0,0.0,MISSING_TRADE
GBPUSD_BASE_227,2021-02-23 11:00:00,GBPUSD,SHORT,ENTIRE_TRADE,PRESENT,MISSING,0.0,0.0,MISSING_TRADE
BTCUSD_BASE_228,2021-02-25 04:00:00,BTCUSD,SHORT,ENTIRE_TRADE,PRESENT,MISSING,0.0,0.0,MISSING_TRADE
GBPUSD_BASE_230,2021-02-26 01:00:00,GBPUSD,LONG,ENTIRE_TRADE,PRESENT,MISSING,0.0,0.0,MISSING_TRADE
BTCUSD_BASE_229,2021-02-25 19:00:00,BTCUSD,LONG,ENTIRE_TRADE,PRESENT,MISSING,0.0,0.0,MISSING_TRADE
GBPUSD_BASE_231,2021-02-26 14:00:00,GBPUSD,SHORT,ENTIRE_TRADE,PRESENT,MISSING,0.0,0.0,MISSING_TRADE
USDJPY_BASE_232,2021-03-01 12:00:00,USDJPY,LONG,ENTIRE_TRADE,PRESENT,MISSING,0.0,0.0,MISSING_TRADE
BTCUSD_BASE_233,2021-03-01 23:00:00,BTCUSD,SHORT,ENTIRE_TRADE,PRESENT,MISSING,0.0,0.0,MISSING_TRADE
BTCUSD_PYR_234,2021-03-02 13:00:00,BTCUSD,SHORT,ENTIRE_TRADE,PRESENT,MISSING,0.0,0.0,MISSING_TRADE
BTCUSD_BASE_236,2021-03-05 03:00:00,BTCUSD,LONG,ENTIRE_TRADE,PRESENT,MISSING,0.0,0.0,MISSING_TRADE
BTCUSD_BASE_237,2021-03-05 13:00:00,BTCUSD,SHORT,ENTIRE_TRADE,PRESENT,MISSING,0.0,0.0,MISSING_TRADE
BTCUSD_BASE_238,2021-03-09 15:00:00,BTCUSD,LONG,ENTIRE_TRADE,PRESENT,MISSING,0.0,0.0,MISSING_TRADE
GBPUSD_BASE_239,2021-03-10 09:00:00,GBPUSD,LONG,ENTIRE_TRADE,PRESENT,MISSING,0.0,0.0,MISSING_TRADE
US500_BASE_235,2021-03-05 00:00:00,US500,SHORT,ENTIRE_TRADE,PRESENT,MISSING,0.0,0.0,MISSING_TRADE
GBPUSD_BASE_240,2021-03-11 07:00:00,GBPUSD,SHORT,ENTIRE_TRADE,PRESENT,MISSING,0.0,0.0,MISSING_TRADE
BTCUSD_BASE_242,2021-03-13 04:00:00,BTCUSD,SHORT,ENTIRE_TRADE,PRESENT,MISSING,0.0,0.0,MISSING_TRADE
US500_BASE_241,2021-03-12 14:00:00,US500,LONG,ENTIRE_TRADE,PRESENT,MISSING,0.0,0.0,MISSING_TRADE
USDJPY_BASE_243,2021-03-15 10:00:00,USDJPY,SHORT,ENTIRE_TRADE,PRESENT,MISSING,0.0,0.0,MISSING_TRADE
US500_BASE_245,2021-03-17 13:00:00,US500,SHORT,ENTIRE_TRADE,PRESENT,MISSING,0.0,0.0,MISSING_TRADE
BTCUSD_BASE_244,2021-03-15 11:00:00,BTCUSD,LONG,ENTIRE_TRADE,PRESENT,MISSING,0.0,0.0,MISSING_TRADE
USDJPY_BASE_246,2021-03-17 23:00:00,USDJPY,LONG,ENTIRE_TRADE,PRESENT,MISSING,0.0,0.0,MISSING_TRADE
GBPUSD_BASE_247,2021-03-19 05:00:00,GBPUSD,LONG,ENTIRE_TRADE,PRESENT,MISSING,0.0,0.0,MISSING_TRADE
BTCUSD_BASE_248,2021-03-19 09:00:00,BTCUSD,SHORT,ENTIRE_TRADE,PRESENT,MISSING,0.0,0.0,MISSING_TRADE
BTCUSD_BASE_250,2021-03-24 07:00:00,BTCUSD,SHORT,ENTIRE_TRADE,PRESENT,MISSING,0.0,0.0,MISSING_TRADE
BTCUSD_BASE_251,2021-03-24 16:00:00,BTCUSD,LONG,ENTIRE_TRADE,PRESENT,MISSING,0.0,0.0,MISSING_TRADE
BTCUSD_BASE_252,2021-03-28 15:00:00,BTCUSD,LONG,ENTIRE_TRADE,PRESENT,MISSING,0.0,0.0,MISSING_TRADE
BTCUSD_BASE_253,2021-03-31 11:00:00,BTCUSD,SHORT,ENTIRE_TRADE,PRESENT,MISSING,0.0,0.0,MISSING_TRADE
US500_BASE_249,2021-03-22 12:00:00,US500,LONG,ENTIRE_TRADE,PRESENT,MISSING,0.0,0.0,MISSING_TRADE
USDJPY_BASE_254,2021-04-02 14:00:00,USDJPY,LONG,ENTIRE_TRADE,PRESENT,MISSING,0.0,0.0,MISSING_TRADE
BTCUSD_BASE_256,2021-04-07 12:00:00,BTCUSD,LONG,ENTIRE_TRADE,PRESENT,MISSING,0.0,0.0,MISSING_TRADE
BTCUSD_BASE_257,2021-04-07 23:00:00,BTCUSD,SHORT,ENTIRE_TRADE,PRESENT,MISSING,0.0,0.0,MISSING_TRADE
BTCUSD_BASE_258,2021-04-10 09:00:00,BTCUSD,LONG,ENTIRE_TRADE,PRESENT,MISSING,0.0,0.0,MISSING_TRADE
USDJPY_BASE_255,2021-04-07 07:00:00,USDJPY,SHORT,ENTIRE_TRADE,PRESENT,MISSING,0.0,0.0,MISSING_TRADE
GBPUSD_BASE_259,2021-04-12 22:00:00,GBPUSD,LONG,ENTIRE_TRADE,PRESENT,MISSING,0.0,0.0,MISSING_TRADE
USDJPY_BASE_260,2021-04-14 13:00:00,USDJPY,SHORT,ENTIRE_TRADE,PRESENT,MISSING,0.0,0.0,MISSING_TRADE
GBPUSD_BASE_262,2021-04-20 12:00:00,GBPUSD,LONG,ENTIRE_TRADE,PRESENT,MISSING,0.0,0.0,MISSING_TRADE
USDJPY_BASE_263,2021-04-21 06:00:00,USDJPY,LONG,ENTIRE_TRADE,PRESENT,MISSING,0.0,0.0,MISSING_TRADE
BTCUSD_BASE_261,2021-04-18 18:00:00,BTCUSD,SHORT,ENTIRE_TRADE,PRESENT,MISSING,0.0,0.0,MISSING_TRADE
US500_BASE_264,2021-04-22 12:00:00,US500,LONG,ENTIRE_TRADE,PRESENT,MISSING,0.0,0.0,MISSING_TRADE
BTCUSD_BASE_265,2021-04-25 00:00:00,BTCUSD,LONG,ENTIRE_TRADE,PRESENT,MISSING,0.0,0.0,MISSING_TRADE
BTCUSD_PYR_266,2021-04-26 13:00:00,BTCUSD,LONG,ENTIRE_TRADE,PRESENT,MISSING,0.0,0.0,MISSING_TRADE
BTCUSD_BASE_267,2021-04-28 20:00:00,BTCUSD,SHORT,ENTIRE_TRADE,PRESENT,MISSING,0.0,0.0,MISSING_TRADE
USDJPY_BASE_268,2021-04-29 01:00:00,USDJPY,SHORT,ENTIRE_TRADE,PRESENT,MISSING,0.0,0.0,MISSING_TRADE
BTCUSD_BASE_269,2021-04-29 11:00:00,BTCUSD,LONG,ENTIRE_TRADE,PRESENT,MISSING,0.0,0.0,MISSING_TRADE
BTCUSD_BASE_270,2021-05-02 22:00:00,BTCUSD,LONG,ENTIRE_TRADE,PRESENT,MISSING,0.0,0.0,MISSING_TRADE
BTCUSD_PYR_271,2021-05-03 15:00:00,BTCUSD,LONG,ENTIRE_TRADE,PRESENT,MISSING,0.0,0.0,MISSING_TRADE
USDJPY_BASE_272,2021-05-04 12:00:00,USDJPY,LONG,ENTIRE_TRADE,PRESENT,MISSING,0.0,0.0,MISSING_TRADE
BTCUSD_BASE_273,2021-05-06 04:00:00,BTCUSD,SHORT,ENTIRE_TRADE,PRESENT,MISSING,0.0,0.0,MISSING_TRADE
US500_BASE_274,2021-05-06 09:00:00,US500,SHORT,ENTIRE_TRADE,PRESENT,MISSING,0.0,0.0,MISSING_TRADE
BTCUSD_BASE_276,2021-05-09 06:00:00,BTCUSD,LONG,ENTIRE_TRADE,PRESENT,MISSING,0.0,0.0,MISSING_TRADE
USDJPY_BASE_277,2021-05-11 13:00:00,USDJPY,SHORT,ENTIRE_TRADE,PRESENT,MISSING,0.0,0.0,MISSING_TRADE
GBPUSD_BASE_275,2021-05-07 12:00:00,GBPUSD,SHORT,ENTIRE_TRADE,PRESENT,MISSING,0.0,0.0,MISSING_TRADE
USDJPY_BASE_278,2021-05-13 02:00:00,USDJPY,LONG,ENTIRE_TRADE,PRESENT,MISSING,0.0,0.0,MISSING_TRADE
BTCUSD_BASE_279,2021-05-16 17:00:00,BTCUSD,LONG,ENTIRE_TRADE,PRESENT,MISSING,0.0,0.0,MISSING_TRADE
GBPUSD_BASE_280,2021-05-17 10:00:00,GBPUSD,SHORT,ENTIRE_TRADE,PRESENT,MISSING,0.0,0.0,MISSING_TRADE
BTCUSD_BASE_281,2021-05-19 11:00:00,BTCUSD,SHORT,ENTIRE_TRADE,PRESENT,MISSING,0.0,0.0,MISSING_TRADE
GBPUSD_BASE_282,2021-05-20 13:00:00,GBPUSD,SHORT,ENTIRE_TRADE,PRESENT,MISSING,0.0,0.0,MISSING_TRADE
BTCUSD_BASE_283,2021-05-22 12:00:00,BTCUSD,LONG,ENTIRE_TRADE,PRESENT,MISSING,0.0,0.0,MISSING_TRADE
GBPUSD_BASE_284,2021-05-26 03:00:00,GBPUSD,LONG,ENTIRE_TRADE,PRESENT,MISSING,0.0,0.0,MISSING_TRADE
BTCUSD_BASE_285,2021-05-27 11:00:00,BTCUSD,SHORT,ENTIRE_TRADE,PRESENT,MISSING,0.0,0.0,MISSING_TRADE
BTCUSD_BASE_287,2021-05-30 11:00:00,BTCUSD,LONG,ENTIRE_TRADE,PRESENT,MISSING,0.0,0.0,MISSING_TRADE
USDJPY_BASE_286,2021-05-28 02:00:00,USDJPY,LONG,ENTIRE_TRADE,PRESENT,MISSING,0.0,0.0,MISSING_TRADE
BTCUSD_BASE_288,2021-05-31 14:00:00,BTCUSD,SHORT,ENTIRE_TRADE,PRESENT,MISSING,0.0,0.0,MISSING_TRADE
USDJPY_BASE_289,2021-06-01 02:00:00,USDJPY,SHORT,ENTIRE_TRADE,PRESENT,MISSING,0.0,0.0,MISSING_TRADE
GBPUSD_BASE_290,2021-06-03 11:00:00,GBPUSD,SHORT,ENTIRE_TRADE,PRESENT,MISSING,0.0,0.0,MISSING_TRADE
BTCUSD_BASE_291,2021-06-07 00:00:00,BTCUSD,SHORT,ENTIRE_TRADE,PRESENT,MISSING,0.0,0.0,MISSING_TRADE
BTCUSD_PYR_292,2021-06-08 07:00:00,BTCUSD,SHORT,ENTIRE_TRADE,PRESENT,MISSING,0.0,0.0,MISSING_TRADE
BTCUSD_BASE_294,2021-06-09 05:00:00,BTCUSD,LONG,ENTIRE_TRADE,PRESENT,MISSING,0.0,0.0,MISSING_TRADE
US500_BASE_293,2021-06-08 16:00:00,US500,SHORT,ENTIRE_TRADE,PRESENT,MISSING,0.0,0.0,MISSING_TRADE
USDJPY_BASE_296,2021-06-09 20:00:00,USDJPY,LONG,ENTIRE_TRADE,PRESENT,MISSING,0.0,0.0,MISSING_TRADE
BTCUSD_BASE_295,2021-06-09 10:00:00,BTCUSD,SHORT,ENTIRE_TRADE,PRESENT,MISSING,0.0,0.0,MISSING_TRADE
BTCUSD_PYR_297,2021-06-10 13:00:00,BTCUSD,SHORT,ENTIRE_TRADE,PRESENT,MISSING,0.0,0.0,MISSING_TRADE
GBPUSD_BASE_298,2021-06-15 00:00:00,GBPUSD,LONG,ENTIRE_TRADE,PRESENT,MISSING,0.0,0.0,MISSING_TRADE
GBPUSD_BASE_299,2021-06-16 08:00:00,GBPUSD,SHORT,ENTIRE_TRADE,PRESENT,MISSING,0.0,0.0,MISSING_TRADE
GBPUSD_PYR_300,2021-06-16 14:00:00,GBPUSD,SHORT,ENTIRE_TRADE,PRESENT,MISSING,0.0,0.0,MISSING_TRADE
BTCUSD_BASE_301,2021-06-18 15:00:00,BTCUSD,SHORT,ENTIRE_TRADE,PRESENT,MISSING,0.0,0.0,MISSING_TRADE
BTCUSD_BASE_302,2021-06-21 11:00:00,BTCUSD,LONG,ENTIRE_TRADE,PRESENT,MISSING,0.0,0.0,MISSING_TRADE
BTCUSD_PYR_303,2021-06-22 13:00:00,BTCUSD,LONG,ENTIRE_TRADE,PRESENT,MISSING,0.0,0.0,MISSING_TRADE
BTCUSD_BASE_305,2021-06-27 10:00:00,BTCUSD,SHORT,ENTIRE_TRADE,PRESENT,MISSING,0.0,0.0,MISSING_TRADE
US500_BASE_304,2021-06-25 14:00:00,US500,LONG,ENTIRE_TRADE,PRESENT,MISSING,0.0,0.0,MISSING_TRADE
USDJPY_BASE_307,2021-07-01 20:00:00,USDJPY,SHORT,ENTIRE_TRADE,PRESENT,MISSING,0.0,0.0,MISSING_TRADE
BTCUSD_BASE_306,2021-06-29 16:00:00,BTCUSD,LONG,ENTIRE_TRADE,PRESENT,MISSING,0.0,0.0,MISSING_TRADE
BTCUSD_BASE_309,2021-07-02 17:00:00,BTCUSD,SHORT,ENTIRE_TRADE,PRESENT,MISSING,0.0,0.0,MISSING_TRADE
BTCUSD_BASE_310,2021-07-04 13:00:00,BTCUSD,LONG,ENTIRE_TRADE,PRESENT,MISSING,0.0,0.0,MISSING_TRADE
BTCUSD_BASE_311,2021-07-05 11:00:00,BTCUSD,SHORT,ENTIRE_TRADE,PRESENT,MISSING,0.0,0.0,MISSING_TRADE
GBPUSD_BASE_308,2021-07-02 15:00:00,GBPUSD,LONG,ENTIRE_TRADE,PRESENT,MISSING,0.0,0.0,MISSING_TRADE
BTCUSD_BASE_312,2021-07-07 06:00:00,BTCUSD,LONG,ENTIRE_TRADE,PRESENT,MISSING,0.0,0.0,MISSING_TRADE
USDJPY_BASE_313,2021-07-08 03:00:00,USDJPY,SHORT,ENTIRE_TRADE,PRESENT,MISSING,0.0,0.0,MISSING_TRADE
BTCUSD_BASE_314,2021-07-08 11:00:00,BTCUSD,SHORT,ENTIRE_TRADE,PRESENT,MISSING,0.0,0.0,MISSING_TRADE
BTCUSD_BASE_316,2021-07-09 10:00:00,BTCUSD,SHORT,ENTIRE_TRADE,PRESENT,MISSING,0.0,0.0,MISSING_TRADE
BTCUSD_BASE_317,2021-07-11 00:00:00,BTCUSD,SHORT,ENTIRE_TRADE,PRESENT,MISSING,0.0,0.0,MISSING_TRADE
GBPUSD_BASE_315,2021-07-09 02:00:00,GBPUSD,SHORT,ENTIRE_TRADE,PRESENT,MISSING,0.0,0.0,MISSING_TRADE
GBPUSD_BASE_319,2021-07-14 15:00:00,GBPUSD,LONG,ENTIRE_TRADE,PRESENT,MISSING,0.0,0.0,MISSING_TRADE
BTCUSD_BASE_318,2021-07-13 14:00:00,BTCUSD,SHORT,ENTIRE_TRADE,PRESENT,MISSING,0.0,0.0,MISSING_TRADE
BTCUSD_BASE_321,2021-07-16 18:00:00,BTCUSD,LONG,ENTIRE_TRADE,PRESENT,MISSING,0.0,0.0,MISSING_TRADE
BTCUSD_BASE_322,2021-07-18 02:00:00,BTCUSD,SHORT,ENTIRE_TRADE,PRESENT,MISSING,0.0,0.0,MISSING_TRADE
GBPUSD_BASE_320,2021-07-16 15:00:00,GBPUSD,SHORT,ENTIRE_TRADE,PRESENT,MISSING,0.0,0.0,MISSING_TRADE
BTCUSD_BASE_324,2021-07-23 13:00:00,BTCUSD,LONG,ENTIRE_TRADE,PRESENT,MISSING,0.0,0.0,MISSING_TRADE
BTCUSD_BASE_325,2021-07-24 14:00:00,BTCUSD,SHORT,ENTIRE_TRADE,PRESENT,MISSING,0.0,0.0,MISSING_TRADE
GBPUSD_BASE_323,2021-07-20 17:00:00,GBPUSD,LONG,ENTIRE_TRADE,PRESENT,MISSING,0.0,0.0,MISSING_TRADE
US500_BASE_326,2021-07-27 14:00:00,US500,SHORT,ENTIRE_TRADE,PRESENT,MISSING,0.0,0.0,MISSING_TRADE
BTCUSD_BASE_327,2021-07-29 02:00:00,BTCUSD,LONG,ENTIRE_TRADE,PRESENT,MISSING,0.0,0.0,MISSING_TRADE
USDJPY_BASE_328,2021-07-30 09:00:00,USDJPY,SHORT,ENTIRE_TRADE,PRESENT,MISSING,0.0,0.0,MISSING_TRADE
BTCUSD_BASE_329,2021-07-30 16:00:00,BTCUSD,SHORT,ENTIRE_TRADE,PRESENT,MISSING,0.0,0.0,MISSING_TRADE
BTCUSD_BASE_331,2021-08-01 09:00:00,BTCUSD,LONG,ENTIRE_TRADE,PRESENT,MISSING,0.0,0.0,MISSING_TRADE
GBPUSD_BASE_330,2021-07-30 17:00:00,GBPUSD,SHORT,ENTIRE_TRADE,PRESENT,MISSING,0.0,0.0,MISSING_TRADE
GBPUSD_BASE_333,2021-08-05 09:00:00,GBPUSD,LONG,ENTIRE_TRADE,PRESENT,MISSING,0.0,0.0,MISSING_TRADE
BTCUSD_BASE_332,2021-08-04 23:00:00,BTCUSD,SHORT,ENTIRE_TRADE,PRESENT,MISSING,0.0,0.0,MISSING_TRADE
USDJPY_BASE_334,2021-08-05 22:00:00,USDJPY,SHORT,ENTIRE_TRADE,PRESENT,MISSING,0.0,0.0,MISSING_TRADE
BTCUSD_BASE_336,2021-08-08 06:00:00,BTCUSD,SHORT,ENTIRE_TRADE,PRESENT,MISSING,0.0,0.0,MISSING_TRADE
US500_BASE_335,2021-08-06 20:00:00,US500,SHORT,ENTIRE_TRADE,PRESENT,MISSING,0.0,0.0,MISSING_TRADE
GBPUSD_BASE_337,2021-08-11 00:00:00,GBPUSD,SHORT,ENTIRE_TRADE,PRESENT,MISSING,0.0,0.0,MISSING_TRADE
BTCUSD_BASE_338,2021-08-11 16:00:00,BTCUSD,LONG,ENTIRE_TRADE,PRESENT,MISSING,0.0,0.0,MISSING_TRADE
GBPUSD_BASE_339,2021-08-16 10:00:00,GBPUSD,LONG,ENTIRE_TRADE,PRESENT,MISSING,0.0,0.0,MISSING_TRADE
BTCUSD_BASE_340,2021-08-17 11:00:00,BTCUSD,LONG,ENTIRE_TRADE,PRESENT,MISSING,0.0,0.0,MISSING_TRADE
BTCUSD_BASE_342,2021-08-18 10:00:00,BTCUSD,LONG,ENTIRE_TRADE,PRESENT,MISSING,0.0,0.0,MISSING_TRADE
GBPUSD_BASE_341,2021-08-17 15:00:00,GBPUSD,LONG,ENTIRE_TRADE,PRESENT,MISSING,0.0,0.0,MISSING_TRADE
BTCUSD_BASE_344,2021-08-19 17:00:00,BTCUSD,SHORT,ENTIRE_TRADE,PRESENT,MISSING,0.0,0.0,MISSING_TRADE
BTCUSD_BASE_345,2021-08-21 16:00:00,BTCUSD,LONG,ENTIRE_TRADE,PRESENT,MISSING,0.0,0.0,MISSING_TRADE
BTCUSD_BASE_346,2021-08-22 14:00:00,BTCUSD,SHORT,ENTIRE_TRADE,PRESENT,MISSING,0.0,0.0,MISSING_TRADE
US500_BASE_347,2021-08-23 22:00:00,US500,LONG,ENTIRE_TRADE,PRESENT,MISSING,0.0,0.0,MISSING_TRADE
GBPUSD_BASE_343,2021-08-19 15:00:00,GBPUSD,SHORT,ENTIRE_TRADE,PRESENT,MISSING,0.0,0.0,MISSING_TRADE
US500_BASE_348,2021-08-25 15:00:00,US500,SHORT,ENTIRE_TRADE,PRESENT,MISSING,0.0,0.0,MISSING_TRADE
BTCUSD_BASE_349,2021-08-26 23:00:00,BTCUSD,SHORT,ENTIRE_TRADE,PRESENT,MISSING,0.0,0.0,MISSING_TRADE
BTCUSD_BASE_351,2021-08-27 20:00:00,BTCUSD,LONG,ENTIRE_TRADE,PRESENT,MISSING,0.0,0.0,MISSING_TRADE
GBPUSD_BASE_350,2021-08-27 16:00:00,GBPUSD,LONG,ENTIRE_TRADE,PRESENT,MISSING,0.0,0.0,MISSING_TRADE
BTCUSD_BASE_352,2021-08-30 14:00:00,BTCUSD,SHORT,ENTIRE_TRADE,PRESENT,MISSING,0.0,0.0,MISSING_TRADE
US500_BASE_353,2021-09-01 08:00:00,US500,LONG,ENTIRE_TRADE,PRESENT,MISSING,0.0,0.0,MISSING_TRADE
USDJPY_BASE_354,2021-09-02 16:00:00,USDJPY,LONG,ENTIRE_TRADE,PRESENT,MISSING,0.0,0.0,MISSING_TRADE
USDJPY_PYR_355,2021-09-03 12:00:00,USDJPY,LONG,ENTIRE_TRADE,PRESENT,MISSING,0.0,0.0,MISSING_TRADE
US500_BASE_356,2021-09-08 04:00:00,US500,LONG,ENTIRE_TRADE,PRESENT,MISSING,0.0,0.0,MISSING_TRADE
BTCUSD_BASE_358,2021-09-10 15:00:00,BTCUSD,SHORT,ENTIRE_TRADE,PRESENT,MISSING,0.0,0.0,MISSING_TRADE
GBPUSD_BASE_359,2021-09-13 07:00:00,GBPUSD,SHORT,ENTIRE_TRADE,PRESENT,MISSING,0.0,0.0,MISSING_TRADE
USDJPY_BASE_357,2021-09-09 09:00:00,USDJPY,SHORT,ENTIRE_TRADE,PRESENT,MISSING,0.0,0.0,MISSING_TRADE
USDJPY_BASE_361,2021-09-15 17:00:00,USDJPY,LONG,ENTIRE_TRADE,PRESENT,MISSING,0.0,0.0,MISSING_TRADE
BTCUSD_BASE_360,2021-09-14 13:00:00,BTCUSD,SHORT,ENTIRE_TRADE,PRESENT,MISSING,0.0,0.0,MISSING_TRADE
BTCUSD_BASE_363,2021-09-18 21:00:00,BTCUSD,SHORT,ENTIRE_TRADE,PRESENT,MISSING,0.0,0.0,MISSING_TRADE
USDJPY_BASE_362,2021-09-17 22:00:00,USDJPY,SHORT,ENTIRE_TRADE,PRESENT,MISSING,0.0,0.0,MISSING_TRADE
US500_BASE_364,2021-09-20 14:00:00,US500,LONG,ENTIRE_TRADE,PRESENT,MISSING,0.0,0.0,MISSING_TRADE
US500_PYR_365,2021-09-21 15:00:00,US500,LONG,ENTIRE_TRADE,PRESENT,MISSING,0.0,0.0,MISSING_TRADE
BTCUSD_BASE_367,2021-09-25 13:00:00,BTCUSD,LONG,ENTIRE_TRADE,PRESENT,MISSING,0.0,0.0,MISSING_TRADE
BTCUSD_BASE_368,2021-09-27 13:00:00,BTCUSD,SHORT,ENTIRE_TRADE,PRESENT,MISSING,0.0,0.0,MISSING_TRADE
BTCUSD_BASE_369,2021-09-28 14:00:00,BTCUSD,LONG,ENTIRE_TRADE,PRESENT,MISSING,0.0,0.0,MISSING_TRADE
US500_BASE_366,2021-09-24 09:00:00,US500,SHORT,ENTIRE_TRADE,PRESENT,MISSING,0.0,0.0,MISSING_TRADE
US500_PYR_370,2021-09-30 00:00:00,US500,SHORT,ENTIRE_TRADE,PRESENT,MISSING,0.0,0.0,MISSING_TRADE
US500_BASE_371,2021-09-30 18:00:00,US500,LONG,ENTIRE_TRADE,PRESENT,MISSING,0.0,0.0,MISSING_TRADE
BTCUSD_BASE_372,2021-09-30 21:00:00,BTCUSD,LONG,ENTIRE_TRADE,PRESENT,MISSING,0.0,0.0,MISSING_TRADE
BTCUSD_BASE_374,2021-10-06 18:00:00,BTCUSD,SHORT,ENTIRE_TRADE,PRESENT,MISSING,0.0,0.0,MISSING_TRADE
US500_BASE_373,2021-10-06 15:00:00,US500,SHORT,ENTIRE_TRADE,PRESENT,MISSING,0.0,0.0,MISSING_TRADE
GBPUSD_BASE_376,2021-10-11 02:00:00,GBPUSD,SHORT,ENTIRE_TRADE,PRESENT,MISSING,0.0,0.0,MISSING_TRADE
BTCUSD_BASE_375,2021-10-09 11:00:00,BTCUSD,SHORT,ENTIRE_TRADE,PRESENT,MISSING,0.0,0.0,MISSING_TRADE
BTCUSD_BASE_378,2021-10-14 08:00:00,BTCUSD,LONG,ENTIRE_TRADE,PRESENT,MISSING,0.0,0.0,MISSING_TRADE
GBPUSD_BASE_377,2021-10-13 13:00:00,GBPUSD,LONG,ENTIRE_TRADE,PRESENT,MISSING,0.0,0.0,MISSING_TRADE
BTCUSD_BASE_379,2021-10-14 19:00:00,BTCUSD,SHORT,ENTIRE_TRADE,PRESENT,MISSING,0.0,0.0,MISSING_TRADE
BTCUSD_BASE_381,2021-10-17 15:00:00,BTCUSD,LONG,ENTIRE_TRADE,PRESENT,MISSING,0.0,0.0,MISSING_TRADE
BTCUSD_BASE_382,2021-10-19 00:00:00,BTCUSD,LONG,ENTIRE_TRADE,PRESENT,MISSING,0.0,0.0,MISSING_TRADE
GBPUSD_BASE_380,2021-10-15 12:00:00,GBPUSD,SHORT,ENTIRE_TRADE,PRESENT,MISSING,0.0,0.0,MISSING_TRADE
US500_BASE_383,2021-10-20 20:00:00,US500,SHORT,ENTIRE_TRADE,PRESENT,MISSING,0.0,0.0,MISSING_TRADE
BTCUSD_BASE_384,2021-10-21 23:00:00,BTCUSD,LONG,ENTIRE_TRADE,PRESENT,MISSING,0.0,0.0,MISSING_TRADE
USDJPY_BASE_385,2021-10-22 19:00:00,USDJPY,SHORT,ENTIRE_TRADE,PRESENT,MISSING,0.0,0.0,MISSING_TRADE
US500_BASE_386,2021-10-26 13:00:00,US500,SHORT,ENTIRE_TRADE,PRESENT,MISSING,0.0,0.0,MISSING_TRADE
US500_PYR_387,2021-10-28 07:00:00,US500,SHORT,ENTIRE_TRADE,PRESENT,MISSING,0.0,0.0,MISSING_TRADE
BTCUSD_BASE_388,2021-11-04 05:00:00,BTCUSD,LONG,ENTIRE_TRADE,PRESENT,MISSING,0.0,0.0,MISSING_TRADE
BTCUSD_BASE_390,2021-11-06 13:00:00,BTCUSD,SHORT,ENTIRE_TRADE,PRESENT,MISSING,0.0,0.0,MISSING_TRADE
USDJPY_BASE_389,2021-11-05 12:00:00,USDJPY,SHORT,ENTIRE_TRADE,PRESENT,MISSING,0.0,0.0,MISSING_TRADE
USDJPY_BASE_391,2021-11-09 22:00:00,USDJPY,LONG,ENTIRE_TRADE,PRESENT,MISSING,0.0,0.0,MISSING_TRADE
USDJPY_PYR_392,2021-11-10 20:00:00,USDJPY,LONG,ENTIRE_TRADE,PRESENT,MISSING,0.0,0.0,MISSING_TRADE
USDJPY_BASE_393,2021-11-16 03:00:00,USDJPY,LONG,ENTIRE_TRADE,PRESENT,MISSING,0.0,0.0,MISSING_TRADE
USDJPY_PYR_394,2021-11-16 16:00:00,USDJPY,LONG,ENTIRE_TRADE,PRESENT,MISSING,0.0,0.0,MISSING_TRADE
US500_BASE_395,2021-11-18 03:00:00,US500,SHORT,ENTIRE_TRADE,PRESENT,MISSING,0.0,0.0,MISSING_TRADE
BTCUSD_BASE_396,2021-11-19 13:00:00,BTCUSD,LONG,ENTIRE_TRADE,PRESENT,MISSING,0.0,0.0,MISSING_TRADE
US500_BASE_397,2021-11-22 04:00:00,US500,LONG,ENTIRE_TRADE,PRESENT,MISSING,0.0,0.0,MISSING_TRADE
BTCUSD_BASE_398,2021-11-22 22:00:00,BTCUSD,SHORT,ENTIRE_TRADE,PRESENT,MISSING,0.0,0.0,MISSING_TRADE
US500_BASE_399,2021-11-25 20:00:00,US500,SHORT,ENTIRE_TRADE,PRESENT,MISSING,0.0,0.0,MISSING_TRADE
BTCUSD_BASE_401,2021-11-27 16:00:00,BTCUSD,SHORT,ENTIRE_TRADE,PRESENT,MISSING,0.0,0.0,MISSING_TRADE
US500_BASE_400,2021-11-26 19:00:00,US500,LONG,ENTIRE_TRADE,PRESENT,MISSING,0.0,0.0,MISSING_TRADE
US500_PYR_402,2021-11-29 12:00:00,US500,LONG,ENTIRE_TRADE,PRESENT,MISSING,0.0,0.0,MISSING_TRADE
US500_BASE_403,2021-12-01 16:00:00,US500,SHORT,ENTIRE_TRADE,PRESENT,MISSING,0.0,0.0,MISSING_TRADE
BTCUSD_BASE_404,2021-12-03 15:00:00,BTCUSD,LONG,ENTIRE_TRADE,PRESENT,MISSING,0.0,0.0,MISSING_TRADE
BTCUSD_BASE_405,2021-12-05 10:00:00,BTCUSD,SHORT,ENTIRE_TRADE,PRESENT,MISSING,0.0,0.0,MISSING_TRADE
BTCUSD_BASE_407,2021-12-06 15:00:00,BTCUSD,LONG,ENTIRE_TRADE,PRESENT,MISSING,0.0,0.0,MISSING_TRADE
US500_BASE_406,2021-12-06 05:00:00,US500,SHORT,ENTIRE_TRADE,PRESENT,MISSING,0.0,0.0,MISSING_TRADE
US500_BASE_408,2021-12-09 15:00:00,US500,SHORT,ENTIRE_TRADE,PRESENT,MISSING,0.0,0.0,MISSING_TRADE
US500_BASE_409,2021-12-14 02:00:00,US500,LONG,ENTIRE_TRADE,PRESENT,MISSING,0.0,0.0,MISSING_TRADE
BTCUSD_BASE_410,2021-12-14 13:00:00,BTCUSD,SHORT,ENTIRE_TRADE,PRESENT,MISSING,0.0,0.0,MISSING_TRADE
USDJPY_BASE_411,2021-12-15 11:00:00,USDJPY,SHORT,ENTIRE_TRADE,PRESENT,MISSING,0.0,0.0,MISSING_TRADE
USDJPY_PYR_412,2021-12-15 16:00:00,USDJPY,SHORT,ENTIRE_TRADE,PRESENT,MISSING,0.0,0.0,MISSING_TRADE
GBPUSD_BASE_413,2021-12-16 10:00:00,GBPUSD,SHORT,ENTIRE_TRADE,PRESENT,MISSING,0.0,0.0,MISSING_TRADE
US500_BASE_414,2021-12-16 20:00:00,US500,LONG,ENTIRE_TRADE,PRESENT,MISSING,0.0,0.0,MISSING_TRADE
BTCUSD_BASE_415,2021-12-18 00:00:00,BTCUSD,LONG,ENTIRE_TRADE,PRESENT,MISSING,0.0,0.0,MISSING_TRADE
BTCUSD_BASE_416,2021-12-19 14:00:00,BTCUSD,SHORT,ENTIRE_TRADE,PRESENT,MISSING,0.0,0.0,MISSING_TRADE
USDJPY_BASE_417,2021-12-20 07:00:00,USDJPY,LONG,ENTIRE_TRADE,PRESENT,MISSING,0.0,0.0,MISSING_TRADE
BTCUSD_BASE_419,2021-12-23 03:00:00,BTCUSD,LONG,ENTIRE_TRADE,PRESENT,MISSING,0.0,0.0,MISSING_TRADE
USDJPY_BASE_418,2021-12-21 12:00:00,USDJPY,SHORT,ENTIRE_TRADE,PRESENT,MISSING,0.0,0.0,MISSING_TRADE
BTCUSD_BASE_420,2021-12-24 16:00:00,BTCUSD,SHORT,ENTIRE_TRADE,PRESENT,MISSING,0.0,0.0,MISSING_TRADE
BTCUSD_BASE_421,2021-12-26 06:00:00,BTCUSD,SHORT,ENTIRE_TRADE,PRESENT,MISSING,0.0,0.0,MISSING_TRADE
BTCUSD_PYR_422,2021-12-26 16:00:00,BTCUSD,SHORT,ENTIRE_TRADE,PRESENT,MISSING,0.0,0.0,MISSING_TRADE
GBPUSD_BASE_424,2021-12-28 15:00:00,GBPUSD,LONG,ENTIRE_TRADE,PRESENT,MISSING,0.0,0.0,MISSING_TRADE
USDJPY_BASE_425,2021-12-30 04:00:00,USDJPY,SHORT,ENTIRE_TRADE,PRESENT,MISSING,0.0,0.0,MISSING_TRADE
BTCUSD_BASE_423,2021-12-28 13:00:00,BTCUSD,LONG,ENTIRE_TRADE,PRESENT,MISSING,0.0,0.0,MISSING_TRADE
GBPUSD_BASE_426,2021-12-31 02:00:00,GBPUSD,SHORT,ENTIRE_TRADE,PRESENT,MISSING,0.0,0.0,MISSING_TRADE
GBPUSD_PYR_427,2021-12-31 15:00:00,GBPUSD,SHORT,ENTIRE_TRADE,PRESENT,MISSING,0.0,0.0,MISSING_TRADE
USDJPY_BASE_428,2022-01-05 05:00:00,USDJPY,LONG,ENTIRE_TRADE,PRESENT,MISSING,0.0,0.0,MISSING_TRADE
BTCUSD_BASE_430,2022-01-08 05:00:00,BTCUSD,SHORT,ENTIRE_TRADE,PRESENT,MISSING,0.0,0.0,MISSING_TRADE
USDJPY_BASE_429,2022-01-07 14:00:00,USDJPY,SHORT,ENTIRE_TRADE,PRESENT,MISSING,0.0,0.0,MISSING_TRADE
GBPUSD_BASE_432,2022-01-11 06:00:00,GBPUSD,LONG,ENTIRE_TRADE,PRESENT,MISSING,0.0,0.0,MISSING_TRADE
BTCUSD_BASE_431,2022-01-10 08:00:00,BTCUSD,LONG,ENTIRE_TRADE,PRESENT,MISSING,0.0,0.0,MISSING_TRADE
GBPUSD_BASE_434,2022-01-12 14:00:00,GBPUSD,SHORT,ENTIRE_TRADE,PRESENT,MISSING,0.0,0.0,MISSING_TRADE
BTCUSD_BASE_433,2022-01-11 20:00:00,BTCUSD,SHORT,ENTIRE_TRADE,PRESENT,MISSING,0.0,0.0,MISSING_TRADE
GBPUSD_BASE_435,2022-01-13 15:00:00,GBPUSD,LONG,ENTIRE_TRADE,PRESENT,MISSING,0.0,0.0,MISSING_TRADE
BTCUSD_BASE_436,2022-01-14 02:00:00,BTCUSD,LONG,ENTIRE_TRADE,PRESENT,MISSING,0.0,0.0,MISSING_TRADE
USDJPY_BASE_437,2022-01-14 08:00:00,USDJPY,LONG,ENTIRE_TRADE,PRESENT,MISSING,0.0,0.0,MISSING_TRADE
BTCUSD_BASE_438,2022-01-15 12:00:00,BTCUSD,LONG,ENTIRE_TRADE,PRESENT,MISSING,0.0,0.0,MISSING_TRADE
USDJPY_BASE_439,2022-01-17 00:00:00,USDJPY,SHORT,ENTIRE_TRADE,PRESENT,MISSING,0.0,0.0,MISSING_TRADE
BTCUSD_BASE_441,2022-01-18 13:00:00,BTCUSD,SHORT,ENTIRE_TRADE,PRESENT,MISSING,0.0,0.0,MISSING_TRADE
GBPUSD_BASE_440,2022-01-18 09:00:00,GBPUSD,LONG,ENTIRE_TRADE,PRESENT,MISSING,0.0,0.0,MISSING_TRADE
BTCUSD_BASE_442,2022-01-19 21:00:00,BTCUSD,SHORT,ENTIRE_TRADE,PRESENT,MISSING,0.0,0.0,MISSING_TRADE
US500_BASE_443,2022-01-20 02:00:00,US500,SHORT,ENTIRE_TRADE,PRESENT,MISSING,0.0,0.0,MISSING_TRADE
US500_PYR_444,2022-01-20 15:00:00,US500,SHORT,ENTIRE_TRADE,PRESENT,MISSING,0.0,0.0,MISSING_TRADE
BTCUSD_BASE_446,2022-01-22 06:00:00,BTCUSD,SHORT,ENTIRE_TRADE,PRESENT,MISSING,0.0,0.0,MISSING_TRADE
BTCUSD_BASE_447,2022-01-23 08:00:00,BTCUSD,LONG,ENTIRE_TRADE,PRESENT,MISSING,0.0,0.0,MISSING_TRADE
GBPUSD_BASE_445,2022-01-21 14:00:00,GBPUSD,LONG,ENTIRE_TRADE,PRESENT,MISSING,0.0,0.0,MISSING_TRADE
BTCUSD_BASE_449,2022-01-26 12:00:00,BTCUSD,LONG,ENTIRE_TRADE,PRESENT,MISSING,0.0,0.0,MISSING_TRADE
US500_BASE_450,2022-01-26 22:00:00,US500,SHORT,ENTIRE_TRADE,PRESENT,MISSING,0.0,0.0,MISSING_TRADE
BTCUSD_BASE_451,2022-01-30 03:00:00,BTCUSD,LONG,ENTIRE_TRADE,PRESENT,MISSING,0.0,0.0,MISSING_TRADE
BTCUSD_BASE_452,2022-01-30 22:00:00,BTCUSD,SHORT,ENTIRE_TRADE,PRESENT,MISSING,0.0,0.0,MISSING_TRADE
GBPUSD_BASE_448,2022-01-25 17:00:00,GBPUSD,SHORT,ENTIRE_TRADE,PRESENT,MISSING,0.0,0.0,MISSING_TRADE
GBPUSD_BASE_454,2022-02-02 02:00:00,GBPUSD,LONG,ENTIRE_TRADE,PRESENT,MISSING,0.0,0.0,MISSING_TRADE
USDJPY_BASE_455,2022-02-03 10:00:00,USDJPY,LONG,ENTIRE_TRADE,PRESENT,MISSING,0.0,0.0,MISSING_TRADE
BTCUSD_BASE_453,2022-02-01 14:00:00,BTCUSD,LONG,ENTIRE_TRADE,PRESENT,MISSING,0.0,0.0,MISSING_TRADE
GBPUSD_BASE_456,2022-02-07 02:00:00,GBPUSD,SHORT,ENTIRE_TRADE,PRESENT,MISSING,0.0,0.0,MISSING_TRADE
BTCUSD_BASE_457,2022-02-08 15:00:00,BTCUSD,SHORT,ENTIRE_TRADE,PRESENT,MISSING,0.0,0.0,MISSING_TRADE
USDJPY_BASE_458,2022-02-08 16:00:00,USDJPY,LONG,ENTIRE_TRADE,PRESENT,MISSING,0.0,0.0,MISSING_TRADE
BTCUSD_BASE_459,2022-02-09 06:00:00,BTCUSD,LONG,ENTIRE_TRADE,PRESENT,MISSING,0.0,0.0,MISSING_TRADE
BTCUSD_BASE_461,2022-02-12 14:00:00,BTCUSD,SHORT,ENTIRE_TRADE,PRESENT,MISSING,0.0,0.0,MISSING_TRADE
USDJPY_BASE_460,2022-02-11 13:00:00,USDJPY,SHORT,ENTIRE_TRADE,PRESENT,MISSING,0.0,0.0,MISSING_TRADE
BTCUSD_BASE_462,2022-02-14 13:00:00,BTCUSD,LONG,ENTIRE_TRADE,PRESENT,MISSING,0.0,0.0,MISSING_TRADE
GBPUSD_BASE_463,2022-02-15 03:00:00,GBPUSD,LONG,ENTIRE_TRADE,PRESENT,MISSING,0.0,0.0,MISSING_TRADE
US500_BASE_465,2022-02-21 07:00:00,US500,LONG,ENTIRE_TRADE,PRESENT,MISSING,0.0,0.0,MISSING_TRADE
BTCUSD_BASE_464,2022-02-17 06:00:00,BTCUSD,SHORT,ENTIRE_TRADE,PRESENT,MISSING,0.0,0.0,MISSING_TRADE
GBPUSD_BASE_466,2022-02-22 23:00:00,GBPUSD,LONG,ENTIRE_TRADE,PRESENT,MISSING,0.0,0.0,MISSING_TRADE
GBPUSD_PYR_467,2022-02-23 09:00:00,GBPUSD,LONG,ENTIRE_TRADE,PRESENT,MISSING,0.0,0.0,MISSING_TRADE
US500_BASE_469,2022-02-28 12:00:00,US500,LONG,ENTIRE_TRADE,PRESENT,MISSING,0.0,0.0,MISSING_TRADE
BTCUSD_BASE_468,2022-02-24 13:00:00,BTCUSD,SHORT,ENTIRE_TRADE,PRESENT,MISSING,0.0,0.0,MISSING_TRADE
US500_BASE_471,2022-03-03 08:00:00,US500,LONG,ENTIRE_TRADE,PRESENT,MISSING,0.0,0.0,MISSING_TRADE
BTCUSD_BASE_470,2022-03-02 14:00:00,BTCUSD,LONG,ENTIRE_TRADE,PRESENT,MISSING,0.0,0.0,MISSING_TRADE
BTCUSD_BASE_473,2022-03-08 16:00:00,BTCUSD,LONG,ENTIRE_TRADE,PRESENT,MISSING,0.0,0.0,MISSING_TRADE
BTCUSD_BASE_474,2022-03-10 02:00:00,BTCUSD,SHORT,ENTIRE_TRADE,PRESENT,MISSING,0.0,0.0,MISSING_TRADE
GBPUSD_BASE_472,2022-03-04 11:00:00,GBPUSD,LONG,ENTIRE_TRADE,PRESENT,MISSING,0.0,0.0,MISSING_TRADE
US500_BASE_475,2022-03-14 12:00:00,US500,LONG,ENTIRE_TRADE,PRESENT,MISSING,0.0,0.0,MISSING_TRADE
GBPUSD_BASE_476,2022-03-16 03:00:00,GBPUSD,SHORT,ENTIRE_TRADE,PRESENT,MISSING,0.0,0.0,MISSING_TRADE
BTCUSD_BASE_477,2022-03-16 09:00:00,BTCUSD,LONG,ENTIRE_TRADE,PRESENT,MISSING,0.0,0.0,MISSING_TRADE
BTCUSD_BASE_479,2022-03-17 16:00:00,BTCUSD,SHORT,ENTIRE_TRADE,PRESENT,MISSING,0.0,0.0,MISSING_TRADE
US500_BASE_478,2022-03-17 08:00:00,US500,SHORT,ENTIRE_TRADE,PRESENT,MISSING,0.0,0.0,MISSING_TRADE
US500_PYR_480,2022-03-21 08:00:00,US500,SHORT,ENTIRE_TRADE,PRESENT,MISSING,0.0,0.0,MISSING_TRADE
US500_BASE_482,2022-03-23 19:00:00,US500,LONG,ENTIRE_TRADE,PRESENT,MISSING,0.0,0.0,MISSING_TRADE
USDJPY_BASE_483,2022-03-24 13:00:00,USDJPY,SHORT,ENTIRE_TRADE,PRESENT,MISSING,0.0,0.0,MISSING_TRADE
BTCUSD_BASE_481,2022-03-23 12:00:00,BTCUSD,LONG,ENTIRE_TRADE,PRESENT,MISSING,0.0,0.0,MISSING_TRADE
BTCUSD_BASE_484,2022-03-28 02:00:00,BTCUSD,SHORT,ENTIRE_TRADE,PRESENT,MISSING,0.0,0.0,MISSING_TRADE
BTCUSD_BASE_485,2022-03-30 10:00:00,BTCUSD,LONG,ENTIRE_TRADE,PRESENT,MISSING,0.0,0.0,MISSING_TRADE
BTCUSD_BASE_487,2022-04-01 14:00:00,BTCUSD,SHORT,ENTIRE_TRADE,PRESENT,MISSING,0.0,0.0,MISSING_TRADE
USDJPY_BASE_486,2022-04-01 02:00:00,USDJPY,SHORT,ENTIRE_TRADE,PRESENT,MISSING,0.0,0.0,MISSING_TRADE
BTCUSD_BASE_488,2022-04-08 03:00:00,BTCUSD,LONG,ENTIRE_TRADE,PRESENT,MISSING,0.0,0.0,MISSING_TRADE
USDJPY_BASE_489,2022-04-08 07:00:00,USDJPY,LONG,ENTIRE_TRADE,PRESENT,MISSING,0.0,0.0,MISSING_TRADE
BTCUSD_BASE_490,2022-04-11 09:00:00,BTCUSD,LONG,ENTIRE_TRADE,PRESENT,MISSING,0.0,0.0,MISSING_TRADE
US500_BASE_491,2022-04-11 12:00:00,US500,LONG,ENTIRE_TRADE,PRESENT,MISSING,0.0,0.0,MISSING_TRADE
US500_BASE_492,2022-04-12 23:00:00,US500,SHORT,ENTIRE_TRADE,PRESENT,MISSING,0.0,0.0,MISSING_TRADE
USDJPY_BASE_493,2022-04-14 10:00:00,USDJPY,LONG,ENTIRE_TRADE,PRESENT,MISSING,0.0,0.0,MISSING_TRADE
BTCUSD_BASE_494,2022-04-18 00:00:00,BTCUSD,LONG,ENTIRE_TRADE,PRESENT,MISSING,0.0,0.0,MISSING_TRADE
GBPUSD_BASE_495,2022-04-18 09:00:00,GBPUSD,SHORT,ENTIRE_TRADE,PRESENT,MISSING,0.0,0.0,MISSING_TRADE
US500_BASE_496,2022-04-19 19:00:00,US500,SHORT,ENTIRE_TRADE,PRESENT,MISSING,0.0,0.0,MISSING_TRADE
BTCUSD_BASE_497,2022-04-20 03:00:00,BTCUSD,LONG,ENTIRE_TRADE,PRESENT,MISSING,0.0,0.0,MISSING_TRADE
GBPUSD_BASE_498,2022-04-20 14:00:00,GBPUSD,SHORT,ENTIRE_TRADE,PRESENT,MISSING,0.0,0.0,MISSING_TRADE
US500_BASE_499,2022-04-21 15:00:00,US500,LONG,ENTIRE_TRADE,PRESENT,MISSING,0.0,0.0,MISSING_TRADE
USDJPY_BASE_500,2022-04-22 08:00:00,USDJPY,LONG,ENTIRE_TRADE,PRESENT,MISSING,0.0,0.0,MISSING_TRADE
BTCUSD_BASE_502,2022-04-23 10:00:00,BTCUSD,LONG,ENTIRE_TRADE,PRESENT,MISSING,0.0,0.0,MISSING_TRADE
US500_BASE_501,2022-04-22 14:00:00,US500,SHORT,ENTIRE_TRADE,PRESENT,MISSING,0.0,0.0,MISSING_TRADE
US500_PYR_503,2022-04-25 11:00:00,US500,SHORT,ENTIRE_TRADE,PRESENT,MISSING,0.0,0.0,MISSING_TRADE
US500_BASE_504,2022-04-27 14:00:00,US500,SHORT,ENTIRE_TRADE,PRESENT,MISSING,0.0,0.0,MISSING_TRADE
USDJPY_BASE_505,2022-04-28 09:00:00,USDJPY,LONG,ENTIRE_TRADE,PRESENT,MISSING,0.0,0.0,MISSING_TRADE
BTCUSD_BASE_506,2022-04-30 03:00:00,BTCUSD,SHORT,ENTIRE_TRADE,PRESENT,MISSING,0.0,0.0,MISSING_TRADE
USDJPY_BASE_508,2022-05-03 13:00:00,USDJPY,LONG,ENTIRE_TRADE,PRESENT,MISSING,0.0,0.0,MISSING_TRADE
USDJPY_BASE_509,2022-05-05 15:00:00,USDJPY,SHORT,ENTIRE_TRADE,PRESENT,MISSING,0.0,0.0,MISSING_TRADE
GBPUSD_BASE_510,2022-05-06 15:00:00,GBPUSD,SHORT,ENTIRE_TRADE,PRESENT,MISSING,0.0,0.0,MISSING_TRADE
USDJPY_BASE_511,2022-05-09 08:00:00,USDJPY,LONG,ENTIRE_TRADE,PRESENT,MISSING,0.0,0.0,MISSING_TRADE
BTCUSD_BASE_507,2022-05-02 15:00:00,BTCUSD,LONG,ENTIRE_TRADE,PRESENT,MISSING,0.0,0.0,MISSING_TRADE
GBPUSD_BASE_512,2022-05-09 14:00:00,GBPUSD,LONG,ENTIRE_TRADE,PRESENT,MISSING,0.0,0.0,MISSING_TRADE
BTCUSD_BASE_513,2022-05-14 11:00:00,BTCUSD,LONG,ENTIRE_TRADE,PRESENT,MISSING,0.0,0.0,MISSING_TRADE
USDJPY_BASE_515,2022-05-17 03:00:00,USDJPY,SHORT,ENTIRE_TRADE,PRESENT,MISSING,0.0,0.0,MISSING_TRADE
BTCUSD_BASE_514,2022-05-15 12:00:00,BTCUSD,SHORT,ENTIRE_TRADE,PRESENT,MISSING,0.0,0.0,MISSING_TRADE
BTCUSD_BASE_517,2022-05-19 17:00:00,BTCUSD,LONG,ENTIRE_TRADE,PRESENT,MISSING,0.0,0.0,MISSING_TRADE
GBPUSD_BASE_518,2022-05-20 18:00:00,GBPUSD,SHORT,ENTIRE_TRADE,PRESENT,MISSING,0.0,0.0,MISSING_TRADE
US500_BASE_516,2022-05-18 11:00:00,US500,LONG,ENTIRE_TRADE,PRESENT,MISSING,0.0,0.0,MISSING_TRADE
USDJPY_BASE_519,2022-05-23 16:00:00,USDJPY,SHORT,ENTIRE_TRADE,PRESENT,MISSING,0.0,0.0,MISSING_TRADE
USDJPY_PYR_520,2022-05-25 10:00:00,USDJPY,SHORT,ENTIRE_TRADE,PRESENT,MISSING,0.0,0.0,MISSING_TRADE
GBPUSD_BASE_521,2022-05-30 06:00:00,GBPUSD,LONG,ENTIRE_TRADE,PRESENT,MISSING,0.0,0.0,MISSING_TRADE
GBPUSD_BASE_522,2022-06-02 12:00:00,GBPUSD,SHORT,ENTIRE_TRADE,PRESENT,MISSING,0.0,0.0,MISSING_TRADE
BTCUSD_BASE_523,2022-06-03 11:00:00,BTCUSD,LONG,ENTIRE_TRADE,PRESENT,MISSING,0.0,0.0,MISSING_TRADE
BTCUSD_PYR_524,2022-06-04 10:00:00,BTCUSD,LONG,ENTIRE_TRADE,PRESENT,MISSING,0.0,0.0,MISSING_TRADE
US500_BASE_525,2022-06-08 08:00:00,US500,SHORT,ENTIRE_TRADE,PRESENT,MISSING,0.0,0.0,MISSING_TRADE
US500_PYR_526,2022-06-10 16:00:00,US500,SHORT,ENTIRE_TRADE,PRESENT,MISSING,0.0,0.0,MISSING_TRADE
US500_BASE_527,2022-06-14 18:00:00,US500,LONG,ENTIRE_TRADE,PRESENT,MISSING,0.0,0.0,MISSING_TRADE
BTCUSD_BASE_528,2022-06-15 14:00:00,BTCUSD,SHORT,ENTIRE_TRADE,PRESENT,MISSING,0.0,0.0,MISSING_TRADE
BTCUSD_BASE_530,2022-06-18 14:00:00,BTCUSD,LONG,ENTIRE_TRADE,PRESENT,MISSING,0.0,0.0,MISSING_TRADE
GBPUSD_BASE_529,2022-06-16 08:00:00,GBPUSD,SHORT,ENTIRE_TRADE,PRESENT,MISSING,0.0,0.0,MISSING_TRADE
BTCUSD_BASE_531,2022-06-19 16:00:00,BTCUSD,SHORT,ENTIRE_TRADE,PRESENT,MISSING,0.0,0.0,MISSING_TRADE
GBPUSD_BASE_532,2022-06-20 16:00:00,GBPUSD,LONG,ENTIRE_TRADE,PRESENT,MISSING,0.0,0.0,MISSING_TRADE
BTCUSD_BASE_533,2022-06-21 03:00:00,BTCUSD,LONG,ENTIRE_TRADE,PRESENT,MISSING,0.0,0.0,MISSING_TRADE
US500_BASE_534,2022-06-21 20:00:00,US500,SHORT,ENTIRE_TRADE,PRESENT,MISSING,0.0,0.0,MISSING_TRADE
BTCUSD_BASE_535,2022-06-22 14:00:00,BTCUSD,SHORT,ENTIRE_TRADE,PRESENT,MISSING,0.0,0.0,MISSING_TRADE
US500_BASE_536,2022-06-24 11:00:00,US500,SHORT,ENTIRE_TRADE,PRESENT,MISSING,0.0,0.0,MISSING_TRADE
BTCUSD_BASE_537,2022-06-25 02:00:00,BTCUSD,LONG,ENTIRE_TRADE,PRESENT,MISSING,0.0,0.0,MISSING_TRADE
BTCUSD_PYR_538,2022-06-25 16:00:00,BTCUSD,LONG,ENTIRE_TRADE,PRESENT,MISSING,0.0,0.0,MISSING_TRADE
BTCUSD_BASE_539,2022-06-30 20:00:00,BTCUSD,LONG,ENTIRE_TRADE,PRESENT,MISSING,0.0,0.0,MISSING_TRADE
BTCUSD_BASE_541,2022-07-02 18:00:00,BTCUSD,SHORT,ENTIRE_TRADE,PRESENT,MISSING,0.0,0.0,MISSING_TRADE
US500_BASE_540,2022-07-01 20:00:00,US500,LONG,ENTIRE_TRADE,PRESENT,MISSING,0.0,0.0,MISSING_TRADE
BTCUSD_BASE_542,2022-07-03 04:00:00,BTCUSD,LONG,ENTIRE_TRADE,PRESENT,MISSING,0.0,0.0,MISSING_TRADE
GBPUSD_BASE_543,2022-07-05 06:00:00,GBPUSD,LONG,ENTIRE_TRADE,PRESENT,MISSING,0.0,0.0,MISSING_TRADE
GBPUSD_PYR_544,2022-07-05 15:00:00,GBPUSD,LONG,ENTIRE_TRADE,PRESENT,MISSING,0.0,0.0,MISSING_TRADE
USDJPY_BASE_545,2022-07-07 07:00:00,USDJPY,LONG,ENTIRE_TRADE,PRESENT,MISSING,0.0,0.0,MISSING_TRADE
US500_BASE_547,2022-07-08 01:00:00,US500,SHORT,ENTIRE_TRADE,PRESENT,MISSING,0.0,0.0,MISSING_TRADE
BTCUSD_BASE_546,2022-07-07 14:00:00,BTCUSD,SHORT,ENTIRE_TRADE,PRESENT,MISSING,0.0,0.0,MISSING_TRADE
BTCUSD_BASE_548,2022-07-11 00:00:00,BTCUSD,LONG,ENTIRE_TRADE,PRESENT,MISSING,0.0,0.0,MISSING_TRADE
BTCUSD_PYR_549,2022-07-11 18:00:00,BTCUSD,LONG,ENTIRE_TRADE,PRESENT,MISSING,0.0,0.0,MISSING_TRADE
GBPUSD_BASE_550,2022-07-13 10:00:00,GBPUSD,SHORT,ENTIRE_TRADE,PRESENT,MISSING,0.0,0.0,MISSING_TRADE
BTCUSD_BASE_552,2022-07-14 12:00:00,BTCUSD,SHORT,ENTIRE_TRADE,PRESENT,MISSING,0.0,0.0,MISSING_TRADE
GBPUSD_BASE_551,2022-07-14 05:00:00,GBPUSD,LONG,ENTIRE_TRADE,PRESENT,MISSING,0.0,0.0,MISSING_TRADE
GBPUSD_BASE_553,2022-07-18 09:00:00,GBPUSD,LONG,ENTIRE_TRADE,PRESENT,MISSING,0.0,0.0,MISSING_TRADE
BTCUSD_BASE_554,2022-07-19 08:00:00,BTCUSD,LONG,ENTIRE_TRADE,PRESENT,MISSING,0.0,0.0,MISSING_TRADE
BTCUSD_BASE_556,2022-07-22 14:00:00,BTCUSD,LONG,ENTIRE_TRADE,PRESENT,MISSING,0.0,0.0,MISSING_TRADE
BTCUSD_BASE_557,2022-07-24 13:00:00,BTCUSD,SHORT,ENTIRE_TRADE,PRESENT,MISSING,0.0,0.0,MISSING_TRADE
US500_BASE_555,2022-07-21 11:00:00,US500,LONG,ENTIRE_TRADE,PRESENT,MISSING,0.0,0.0,MISSING_TRADE
US500_PYR_558,2022-07-26 10:00:00,US500,LONG,ENTIRE_TRADE,PRESENT,MISSING,0.0,0.0,MISSING_TRADE
USDJPY_BASE_559,2022-07-28 13:00:00,USDJPY,LONG,ENTIRE_TRADE,PRESENT,MISSING,0.0,0.0,MISSING_TRADE
US500_BASE_560,2022-07-29 00:00:00,US500,SHORT,ENTIRE_TRADE,PRESENT,MISSING,0.0,0.0,MISSING_TRADE
US500_BASE_561,2022-08-01 14:00:00,US500,SHORT,ENTIRE_TRADE,PRESENT,MISSING,0.0,0.0,MISSING_TRADE
BTCUSD_BASE_562,2022-08-01 23:00:00,BTCUSD,LONG,ENTIRE_TRADE,PRESENT,MISSING,0.0,0.0,MISSING_TRADE
BTCUSD_BASE_564,2022-08-03 14:00:00,BTCUSD,SHORT,ENTIRE_TRADE,PRESENT,MISSING,0.0,0.0,MISSING_TRADE
BTCUSD_BASE_565,2022-08-07 08:00:00,BTCUSD,LONG,ENTIRE_TRADE,PRESENT,MISSING,0.0,0.0,MISSING_TRADE
GBPUSD_BASE_563,2022-08-02 08:00:00,GBPUSD,SHORT,ENTIRE_TRADE,PRESENT,MISSING,0.0,0.0,MISSING_TRADE
USDJPY_BASE_566,2022-08-08 19:00:00,USDJPY,SHORT,ENTIRE_TRADE,PRESENT,MISSING,0.0,0.0,MISSING_TRADE
USDJPY_PYR_567,2022-08-09 14:00:00,USDJPY,SHORT,ENTIRE_TRADE,PRESENT,MISSING,0.0,0.0,MISSING_TRADE
BTCUSD_BASE_569,2022-08-11 10:00:00,BTCUSD,SHORT,ENTIRE_TRADE,PRESENT,MISSING,0.0,0.0,MISSING_TRADE
BTCUSD_BASE_570,2022-08-12 23:00:00,BTCUSD,LONG,ENTIRE_TRADE,PRESENT,MISSING,0.0,0.0,MISSING_TRADE
BTCUSD_BASE_571,2022-08-14 10:00:00,BTCUSD,SHORT,ENTIRE_TRADE,PRESENT,MISSING,0.0,0.0,MISSING_TRADE
GBPUSD_BASE_568,2022-08-10 12:00:00,GBPUSD,SHORT,ENTIRE_TRADE,PRESENT,MISSING,0.0,0.0,MISSING_TRADE
USDJPY_BASE_572,2022-08-15 06:00:00,USDJPY,SHORT,ENTIRE_TRADE,PRESENT,MISSING,0.0,0.0,MISSING_TRADE
USDJPY_PYR_573,2022-08-15 13:00:00,USDJPY,SHORT,ENTIRE_TRADE,PRESENT,MISSING,0.0,0.0,MISSING_TRADE
US500_BASE_574,2022-08-15 15:00:00,US500,SHORT,ENTIRE_TRADE,PRESENT,MISSING,0.0,0.0,MISSING_TRADE
GBPUSD_BASE_575,2022-08-17 12:00:00,GBPUSD,LONG,ENTIRE_TRADE,PRESENT,MISSING,0.0,0.0,MISSING_TRADE
US500_BASE_576,2022-08-22 12:00:00,US500,LONG,ENTIRE_TRADE,PRESENT,MISSING,0.0,0.0,MISSING_TRADE
US500_BASE_577,2022-08-23 22:00:00,US500,SHORT,ENTIRE_TRADE,PRESENT,MISSING,0.0,0.0,MISSING_TRADE
BTCUSD_BASE_578,2022-08-25 08:00:00,BTCUSD,SHORT,ENTIRE_TRADE,PRESENT,MISSING,0.0,0.0,MISSING_TRADE
USDJPY_BASE_579,2022-08-25 12:00:00,USDJPY,SHORT,ENTIRE_TRADE,PRESENT,MISSING,0.0,0.0,MISSING_TRADE
BTCUSD_BASE_581,2022-08-30 05:00:00,BTCUSD,LONG,ENTIRE_TRADE,PRESENT,MISSING,0.0,0.0,MISSING_TRADE
USDJPY_BASE_580,2022-08-30 01:00:00,USDJPY,LONG,ENTIRE_TRADE,PRESENT,MISSING,0.0,0.0,MISSING_TRADE
USDJPY_BASE_582,2022-08-31 19:00:00,USDJPY,SHORT,ENTIRE_TRADE,PRESENT,MISSING,0.0,0.0,MISSING_TRADE
BTCUSD_BASE_584,2022-09-01 10:00:00,BTCUSD,SHORT,ENTIRE_TRADE,PRESENT,MISSING,0.0,0.0,MISSING_TRADE
USDJPY_BASE_583,2022-09-01 10:00:00,USDJPY,LONG,ENTIRE_TRADE,PRESENT,MISSING,0.0,0.0,MISSING_TRADE
USDJPY_PYR_585,2022-09-01 16:00:00,USDJPY,LONG,ENTIRE_TRADE,PRESENT,MISSING,0.0,0.0,MISSING_TRADE
USDJPY_BASE_587,2022-09-09 11:00:00,USDJPY,SHORT,ENTIRE_TRADE,PRESENT,MISSING,0.0,0.0,MISSING_TRADE
US500_BASE_588,2022-09-12 10:00:00,US500,LONG,ENTIRE_TRADE,PRESENT,MISSING,0.0,0.0,MISSING_TRADE
US500_BASE_589,2022-09-21 10:00:00,US500,SHORT,ENTIRE_TRADE,PRESENT,MISSING,0.0,0.0,MISSING_TRADE
GBPUSD_BASE_586,2022-09-07 01:00:00,GBPUSD,SHORT,ENTIRE_TRADE,PRESENT,MISSING,0.0,0.0,MISSING_TRADE
US500_BASE_590,2022-09-22 09:00:00,US500,LONG,ENTIRE_TRADE,PRESENT,MISSING,0.0,0.0,MISSING_TRADE
BTCUSD_BASE_592,2022-09-24 21:00:00,BTCUSD,SHORT,ENTIRE_TRADE,PRESENT,MISSING,0.0,0.0,MISSING_TRADE
USDJPY_BASE_591,2022-09-23 11:00:00,USDJPY,LONG,ENTIRE_TRADE,PRESENT,MISSING,0.0,0.0,MISSING_TRADE
USDJPY_PYR_593,2022-09-26 10:00:00,USDJPY,LONG,ENTIRE_TRADE,PRESENT,MISSING,0.0,0.0,MISSING_TRADE
BTCUSD_BASE_594,2022-09-27 06:00:00,BTCUSD,SHORT,ENTIRE_TRADE,PRESENT,MISSING,0.0,0.0,MISSING_TRADE
BTCUSD_BASE_596,2022-09-29 12:00:00,BTCUSD,SHORT,ENTIRE_TRADE,PRESENT,MISSING,0.0,0.0,MISSING_TRADE
US500_BASE_595,2022-09-29 08:00:00,US500,SHORT,ENTIRE_TRADE,PRESENT,MISSING,0.0,0.0,MISSING_TRADE
BTCUSD_BASE_598,2022-10-01 03:00:00,BTCUSD,LONG,ENTIRE_TRADE,PRESENT,MISSING,0.0,0.0,MISSING_TRADE
BTCUSD_BASE_599,2022-10-03 06:00:00,BTCUSD,LONG,ENTIRE_TRADE,PRESENT,MISSING,0.0,0.0,MISSING_TRADE
US500_BASE_597,2022-09-30 12:00:00,US500,LONG,ENTIRE_TRADE,PRESENT,MISSING,0.0,0.0,MISSING_TRADE
US500_PYR_600,2022-10-03 16:00:00,US500,LONG,ENTIRE_TRADE,PRESENT,MISSING,0.0,0.0,MISSING_TRADE
GBPUSD_BASE_601,2022-10-06 16:00:00,GBPUSD,SHORT,ENTIRE_TRADE,PRESENT,MISSING,0.0,0.0,MISSING_TRADE
BTCUSD_BASE_602,2022-10-08 22:00:00,BTCUSD,LONG,ENTIRE_TRADE,PRESENT,MISSING,0.0,0.0,MISSING_TRADE
GBPUSD_BASE_603,2022-10-10 03:00:00,GBPUSD,LONG,ENTIRE_TRADE,PRESENT,MISSING,0.0,0.0,MISSING_TRADE
GBPUSD_PYR_604,2022-10-10 10:00:00,GBPUSD,LONG,ENTIRE_TRADE,PRESENT,MISSING,0.0,0.0,MISSING_TRADE
BTCUSD_BASE_606,2022-10-14 16:00:00,BTCUSD,LONG,ENTIRE_TRADE,PRESENT,MISSING,0.0,0.0,MISSING_TRADE
USDJPY_BASE_605,2022-10-14 15:00:00,USDJPY,SHORT,ENTIRE_TRADE,PRESENT,MISSING,0.0,0.0,MISSING_TRADE
BTCUSD_BASE_607,2022-10-19 05:00:00,BTCUSD,SHORT,ENTIRE_TRADE,PRESENT,MISSING,0.0,0.0,MISSING_TRADE
GBPUSD_BASE_608,2022-10-19 11:00:00,GBPUSD,SHORT,ENTIRE_TRADE,PRESENT,MISSING,0.0,0.0,MISSING_TRADE
USDJPY_BASE_609,2022-10-19 15:00:00,USDJPY,LONG,ENTIRE_TRADE,PRESENT,MISSING,0.0,0.0,MISSING_TRADE
GBPUSD_BASE_610,2022-10-25 18:00:00,GBPUSD,LONG,ENTIRE_TRADE,PRESENT,MISSING,0.0,0.0,MISSING_TRADE
USDJPY_BASE_611,2022-10-27 20:00:00,USDJPY,LONG,ENTIRE_TRADE,PRESENT,MISSING,0.0,0.0,MISSING_TRADE
USDJPY_PYR_612,2022-10-28 08:00:00,USDJPY,LONG,ENTIRE_TRADE,PRESENT,MISSING,0.0,0.0,MISSING_TRADE
BTCUSD_BASE_614,2022-11-02 18:00:00,BTCUSD,LONG,ENTIRE_TRADE,PRESENT,MISSING,0.0,0.0,MISSING_TRADE
GBPUSD_BASE_613,2022-11-01 08:00:00,GBPUSD,LONG,ENTIRE_TRADE,PRESENT,MISSING,0.0,0.0,MISSING_TRADE
BTCUSD_BASE_616,2022-11-06 09:00:00,BTCUSD,SHORT,ENTIRE_TRADE,PRESENT,MISSING,0.0,0.0,MISSING_TRADE
GBPUSD_BASE_615,2022-11-04 10:00:00,GBPUSD,SHORT,ENTIRE_TRADE,PRESENT,MISSING,0.0,0.0,MISSING_TRADE
GBPUSD_PYR_617,2022-11-08 05:00:00,GBPUSD,SHORT,ENTIRE_TRADE,PRESENT,MISSING,0.0,0.0,MISSING_TRADE
USDJPY_BASE_618,2022-11-14 17:00:00,USDJPY,SHORT,ENTIRE_TRADE,PRESENT,MISSING,0.0,0.0,MISSING_TRADE
BTCUSD_BASE_620,2022-11-17 00:00:00,BTCUSD,LONG,ENTIRE_TRADE,PRESENT,MISSING,0.0,0.0,MISSING_TRADE
USDJPY_BASE_619,2022-11-16 12:00:00,USDJPY,LONG,ENTIRE_TRADE,PRESENT,MISSING,0.0,0.0,MISSING_TRADE
USDJPY_PYR_621,2022-11-17 09:00:00,USDJPY,LONG,ENTIRE_TRADE,PRESENT,MISSING,0.0,0.0,MISSING_TRADE
BTCUSD_BASE_622,2022-11-20 16:00:00,BTCUSD,LONG,ENTIRE_TRADE,PRESENT,MISSING,0.0,0.0,MISSING_TRADE
BTCUSD_BASE_623,2022-11-22 13:00:00,BTCUSD,SHORT,ENTIRE_TRADE,PRESENT,MISSING,0.0,0.0,MISSING_TRADE
BTCUSD_PYR_624,2022-11-23 11:00:00,BTCUSD,SHORT,ENTIRE_TRADE,PRESENT,MISSING,0.0,0.0,MISSING_TRADE
BTCUSD_BASE_625,2022-11-28 17:00:00,BTCUSD,LONG,ENTIRE_TRADE,PRESENT,MISSING,0.0,0.0,MISSING_TRADE
BTCUSD_BASE_626,2022-11-29 17:00:00,BTCUSD,SHORT,ENTIRE_TRADE,PRESENT,MISSING,0.0,0.0,MISSING_TRADE
USDJPY_BASE_627,2022-11-30 14:00:00,USDJPY,SHORT,ENTIRE_TRADE,PRESENT,MISSING,0.0,0.0,MISSING_TRADE
USDJPY_PYR_628,2022-12-01 15:00:00,USDJPY,SHORT,ENTIRE_TRADE,PRESENT,MISSING,0.0,0.0,MISSING_TRADE
GBPUSD_BASE_629,2022-12-05 05:00:00,GBPUSD,SHORT,ENTIRE_TRADE,PRESENT,MISSING,0.0,0.0,MISSING_TRADE
USDJPY_BASE_630,2022-12-06 07:00:00,USDJPY,LONG,ENTIRE_TRADE,PRESENT,MISSING,0.0,0.0,MISSING_TRADE
USDJPY_BASE_631,2022-12-08 07:00:00,USDJPY,LONG,ENTIRE_TRADE,PRESENT,MISSING,0.0,0.0,MISSING_TRADE
GBPUSD_BASE_632,2022-12-08 22:00:00,GBPUSD,SHORT,ENTIRE_TRADE,PRESENT,MISSING,0.0,0.0,MISSING_TRADE
BTCUSD_BASE_633,2022-12-09 17:00:00,BTCUSD,LONG,ENTIRE_TRADE,PRESENT,MISSING,0.0,0.0,MISSING_TRADE
BTCUSD_BASE_634,2022-12-10 09:00:00,BTCUSD,SHORT,ENTIRE_TRADE,PRESENT,MISSING,0.0,0.0,MISSING_TRADE
GBPUSD_BASE_635,2022-12-12 20:00:00,GBPUSD,SHORT,ENTIRE_TRADE,PRESENT,MISSING,0.0,0.0,MISSING_TRADE
BTCUSD_BASE_637,2022-12-14 07:00:00,BTCUSD,SHORT,ENTIRE_TRADE,PRESENT,MISSING,0.0,0.0,MISSING_TRADE
BTCUSD_BASE_638,2022-12-14 21:00:00,BTCUSD,LONG,ENTIRE_TRADE,PRESENT,MISSING,0.0,0.0,MISSING_TRADE
US500_BASE_639,2022-12-15 22:00:00,US500,SHORT,ENTIRE_TRADE,PRESENT,MISSING,0.0,0.0,MISSING_TRADE
GBPUSD_BASE_636,2022-12-13 12:00:00,GBPUSD,LONG,ENTIRE_TRADE,PRESENT,MISSING,0.0,0.0,MISSING_TRADE
BTCUSD_BASE_640,2022-12-16 17:00:00,BTCUSD,SHORT,ENTIRE_TRADE,PRESENT,MISSING,0.0,0.0,MISSING_TRADE
BTCUSD_BASE_642,2022-12-21 02:00:00,BTCUSD,LONG,ENTIRE_TRADE,PRESENT,MISSING,0.0,0.0,MISSING_TRADE
USDJPY_BASE_641,2022-12-20 19:00:00,USDJPY,SHORT,ENTIRE_TRADE,PRESENT,MISSING,0.0,0.0,MISSING_TRADE
USDJPY_PYR_643,2022-12-21 15:00:00,USDJPY,SHORT,ENTIRE_TRADE,PRESENT,MISSING,0.0,0.0,MISSING_TRADE
GBPUSD_BASE_644,2022-12-23 12:00:00,GBPUSD,SHORT,ENTIRE_TRADE,PRESENT,MISSING,0.0,0.0,MISSING_TRADE
BTCUSD_BASE_645,2022-12-25 08:00:00,BTCUSD,SHORT,ENTIRE_TRADE,PRESENT,MISSING,0.0,0.0,MISSING_TRADE
GBPUSD_BASE_646,2022-12-27 12:00:00,GBPUSD,LONG,ENTIRE_TRADE,PRESENT,MISSING,0.0,0.0,MISSING_TRADE
USDJPY_BASE_648,2022-12-29 02:00:00,USDJPY,SHORT,ENTIRE_TRADE,PRESENT,MISSING,0.0,0.0,MISSING_TRADE
BTCUSD_BASE_647,2022-12-29 02:00:00,BTCUSD,LONG,ENTIRE_TRADE,PRESENT,MISSING,0.0,0.0,MISSING_TRADE
USDJPY_BASE_649,2023-01-04 02:00:00,USDJPY,SHORT,ENTIRE_TRADE,PRESENT,MISSING,0.0,0.0,MISSING_TRADE
BTCUSD_BASE_650,2023-01-04 09:00:00,BTCUSD,LONG,ENTIRE_TRADE,PRESENT,MISSING,0.0,0.0,MISSING_TRADE
USDJPY_BASE_651,2023-01-04 13:00:00,USDJPY,LONG,ENTIRE_TRADE,PRESENT,MISSING,0.0,0.0,MISSING_TRADE
BTCUSD_BASE_652,2023-01-07 15:00:00,BTCUSD,SHORT,ENTIRE_TRADE,PRESENT,MISSING,0.0,0.0,MISSING_TRADE
BTCUSD_BASE_653,2023-01-09 09:00:00,BTCUSD,SHORT,ENTIRE_TRADE,PRESENT,MISSING,0.0,0.0,MISSING_TRADE
BTCUSD_PYR_654,2023-01-09 14:00:00,BTCUSD,SHORT,ENTIRE_TRADE,PRESENT,MISSING,0.0,0.0,MISSING_TRADE
BTCUSD_BASE_655,2023-01-12 03:00:00,BTCUSD,LONG,ENTIRE_TRADE,PRESENT,MISSING,0.0,0.0,MISSING_TRADE
GBPUSD_BASE_656,2023-01-12 08:00:00,GBPUSD,SHORT,ENTIRE_TRADE,PRESENT,MISSING,0.0,0.0,MISSING_TRADE
GBPUSD_PYR_657,2023-01-13 14:00:00,GBPUSD,SHORT,ENTIRE_TRADE,PRESENT,MISSING,0.0,0.0,MISSING_TRADE
USDJPY_BASE_658,2023-01-18 09:00:00,USDJPY,LONG,ENTIRE_TRADE,PRESENT,MISSING,0.0,0.0,MISSING_TRADE
USDJPY_BASE_659,2023-01-19 05:00:00,USDJPY,SHORT,ENTIRE_TRADE,PRESENT,MISSING,0.0,0.0,MISSING_TRADE
GBPUSD_BASE_660,2023-01-20 05:00:00,GBPUSD,SHORT,ENTIRE_TRADE,PRESENT,MISSING,0.0,0.0,MISSING_TRADE
US500_BASE_661,2023-01-20 13:00:00,US500,SHORT,ENTIRE_TRADE,PRESENT,MISSING,0.0,0.0,MISSING_TRADE
BTCUSD_BASE_662,2023-01-21 17:00:00,BTCUSD,LONG,ENTIRE_TRADE,PRESENT,MISSING,0.0,0.0,MISSING_TRADE
BTCUSD_BASE_663,2023-01-23 16:00:00,BTCUSD,SHORT,ENTIRE_TRADE,PRESENT,MISSING,0.0,0.0,MISSING_TRADE
USDJPY_BASE_664,2023-01-23 16:00:00,USDJPY,SHORT,ENTIRE_TRADE,PRESENT,MISSING,0.0,0.0,MISSING_TRADE
BTCUSD_BASE_665,2023-01-24 20:00:00,BTCUSD,LONG,ENTIRE_TRADE,PRESENT,MISSING,0.0,0.0,MISSING_TRADE
GBPUSD_BASE_666,2023-01-25 07:00:00,GBPUSD,SHORT,ENTIRE_TRADE,PRESENT,MISSING,0.0,0.0,MISSING_TRADE
BTCUSD_BASE_667,2023-01-27 21:00:00,BTCUSD,LONG,ENTIRE_TRADE,PRESENT,MISSING,0.0,0.0,MISSING_TRADE
USDJPY_BASE_669,2023-01-29 22:00:00,USDJPY,SHORT,ENTIRE_TRADE,PRESENT,MISSING,0.0,0.0,MISSING_TRADE
BTCUSD_BASE_668,2023-01-29 19:00:00,BTCUSD,LONG,ENTIRE_TRADE,PRESENT,MISSING,0.0,0.0,MISSING_TRADE
USDJPY_BASE_670,2023-01-31 15:00:00,USDJPY,LONG,ENTIRE_TRADE,PRESENT,MISSING,0.0,0.0,MISSING_TRADE
BTCUSD_BASE_671,2023-02-03 15:00:00,BTCUSD,LONG,ENTIRE_TRADE,PRESENT,MISSING,0.0,0.0,MISSING_TRADE
GBPUSD_BASE_673,2023-02-07 02:00:00,GBPUSD,LONG,ENTIRE_TRADE,PRESENT,MISSING,0.0,0.0,MISSING_TRADE
BTCUSD_BASE_672,2023-02-06 12:00:00,BTCUSD,SHORT,ENTIRE_TRADE,PRESENT,MISSING,0.0,0.0,MISSING_TRADE
BTCUSD_PYR_674,2023-02-09 14:00:00,BTCUSD,SHORT,ENTIRE_TRADE,PRESENT,MISSING,0.0,0.0,MISSING_TRADE
BTCUSD_BASE_675,2023-02-12 16:00:00,BTCUSD,SHORT,ENTIRE_TRADE,PRESENT,MISSING,0.0,0.0,MISSING_TRADE
BTCUSD_BASE_677,2023-02-17 08:00:00,BTCUSD,SHORT,ENTIRE_TRADE,PRESENT,MISSING,0.0,0.0,MISSING_TRADE
GBPUSD_BASE_676,2023-02-14 09:00:00,GBPUSD,LONG,ENTIRE_TRADE,PRESENT,MISSING,0.0,0.0,MISSING_TRADE
BTCUSD_BASE_678,2023-02-18 13:00:00,BTCUSD,SHORT,ENTIRE_TRADE,PRESENT,MISSING,0.0,0.0,MISSING_TRADE
US500_BASE_679,2023-02-20 18:00:00,US500,SHORT,ENTIRE_TRADE,PRESENT,MISSING,0.0,0.0,MISSING_TRADE
BTCUSD_BASE_681,2023-02-21 18:00:00,BTCUSD,LONG,ENTIRE_TRADE,PRESENT,MISSING,0.0,0.0,MISSING_TRADE
USDJPY_BASE_680,2023-02-21 14:00:00,USDJPY,SHORT,ENTIRE_TRADE,PRESENT,MISSING,0.0,0.0,MISSING_TRADE
USDJPY_PYR_682,2023-02-22 13:00:00,USDJPY,SHORT,ENTIRE_TRADE,PRESENT,MISSING,0.0,0.0,MISSING_TRADE
US500_BASE_683,2023-02-23 23:00:00,US500,SHORT,ENTIRE_TRADE,PRESENT,MISSING,0.0,0.0,MISSING_TRADE
GBPUSD_BASE_685,2023-03-01 05:00:00,GBPUSD,SHORT,ENTIRE_TRADE,PRESENT,MISSING,0.0,0.0,MISSING_TRADE
BTCUSD_BASE_684,2023-02-27 15:00:00,BTCUSD,LONG,ENTIRE_TRADE,PRESENT,MISSING,0.0,0.0,MISSING_TRADE
US500_BASE_686,2023-03-02 12:00:00,US500,LONG,ENTIRE_TRADE,PRESENT,MISSING,0.0,0.0,MISSING_TRADE
US500_PYR_687,2023-03-03 02:00:00,US500,LONG,ENTIRE_TRADE,PRESENT,MISSING,0.0,0.0,MISSING_TRADE
USDJPY_BASE_688,2023-03-15 04:00:00,USDJPY,LONG,ENTIRE_TRADE,PRESENT,MISSING,0.0,0.0,MISSING_TRADE
USDJPY_BASE_689,2023-03-17 10:00:00,USDJPY,LONG,ENTIRE_TRADE,PRESENT,MISSING,0.0,0.0,MISSING_TRADE
BTCUSD_BASE_690,2023-03-20 04:00:00,BTCUSD,LONG,ENTIRE_TRADE,PRESENT,MISSING,0.0,0.0,MISSING_TRADE
GBPUSD_BASE_691,2023-03-21 16:00:00,GBPUSD,LONG,ENTIRE_TRADE,PRESENT,MISSING,0.0,0.0,MISSING_TRADE
BTCUSD_BASE_692,2023-03-23 01:00:00,BTCUSD,LONG,ENTIRE_TRADE,PRESENT,MISSING,0.0,0.0,MISSING_TRADE
USDJPY_BASE_693,2023-03-23 23:00:00,USDJPY,LONG,ENTIRE_TRADE,PRESENT,MISSING,0.0,0.0,MISSING_TRADE
BTCUSD_BASE_694,2023-03-24 05:00:00,BTCUSD,SHORT,ENTIRE_TRADE,PRESENT,MISSING,0.0,0.0,MISSING_TRADE
US500_BASE_696,2023-03-27 02:00:00,US500,LONG,ENTIRE_TRADE,PRESENT,MISSING,0.0,0.0,MISSING_TRADE
US500_BASE_697,2023-03-28 17:00:00,US500,SHORT,ENTIRE_TRADE,PRESENT,MISSING,0.0,0.0,MISSING_TRADE
BTCUSD_BASE_695,2023-03-26 11:00:00,BTCUSD,LONG,ENTIRE_TRADE,PRESENT,MISSING,0.0,0.0,MISSING_TRADE
USDJPY_BASE_698,2023-03-29 19:00:00,USDJPY,SHORT,ENTIRE_TRADE,PRESENT,MISSING,0.0,0.0,MISSING_TRADE
GBPUSD_BASE_699,2023-03-31 04:00:00,GBPUSD,SHORT,ENTIRE_TRADE,PRESENT,MISSING,0.0,0.0,MISSING_TRADE
BTCUSD_BASE_700,2023-03-31 23:00:00,BTCUSD,SHORT,ENTIRE_TRADE,PRESENT,MISSING,0.0,0.0,MISSING_TRADE
BTCUSD_BASE_701,2023-04-03 11:00:00,BTCUSD,LONG,ENTIRE_TRADE,PRESENT,MISSING,0.0,0.0,MISSING_TRADE
BTCUSD_PYR_702,2023-04-03 13:00:00,BTCUSD,LONG,ENTIRE_TRADE,PRESENT,MISSING,0.0,0.0,MISSING_TRADE
USDJPY_BASE_703,2023-04-05 07:00:00,USDJPY,SHORT,ENTIRE_TRADE,PRESENT,MISSING,0.0,0.0,MISSING_TRADE
USDJPY_PYR_704,2023-04-07 08:00:00,USDJPY,SHORT,ENTIRE_TRADE,PRESENT,MISSING,0.0,0.0,MISSING_TRADE
BTCUSD_BASE_705,2023-04-10 17:00:00,BTCUSD,LONG,ENTIRE_TRADE,PRESENT,MISSING,0.0,0.0,MISSING_TRADE
US500_BASE_706,2023-04-10 20:00:00,US500,SHORT,ENTIRE_TRADE,PRESENT,MISSING,0.0,0.0,MISSING_TRADE
US500_PYR_707,2023-04-11 15:00:00,US500,SHORT,ENTIRE_TRADE,PRESENT,MISSING,0.0,0.0,MISSING_TRADE
BTCUSD_BASE_708,2023-04-15 01:00:00,BTCUSD,LONG,ENTIRE_TRADE,PRESENT,MISSING,0.0,0.0,MISSING_TRADE
USDJPY_BASE_709,2023-04-17 05:00:00,USDJPY,SHORT,ENTIRE_TRADE,PRESENT,MISSING,0.0,0.0,MISSING_TRADE
US500_BASE_710,2023-04-19 22:00:00,US500,LONG,ENTIRE_TRADE,PRESENT,MISSING,0.0,0.0,MISSING_TRADE
BTCUSD_BASE_711,2023-04-21 14:00:00,BTCUSD,LONG,ENTIRE_TRADE,PRESENT,MISSING,0.0,0.0,MISSING_TRADE
BTCUSD_BASE_713,2023-04-23 11:00:00,BTCUSD,SHORT,ENTIRE_TRADE,PRESENT,MISSING,0.0,0.0,MISSING_TRADE
GBPUSD_BASE_712,2023-04-21 14:00:00,GBPUSD,SHORT,ENTIRE_TRADE,PRESENT,MISSING,0.0,0.0,MISSING_TRADE
BTCUSD_BASE_715,2023-04-24 09:00:00,BTCUSD,LONG,ENTIRE_TRADE,PRESENT,MISSING,0.0,0.0,MISSING_TRADE
US500_BASE_714,2023-04-24 07:00:00,US500,SHORT,ENTIRE_TRADE,PRESENT,MISSING,0.0,0.0,MISSING_TRADE
USDJPY_BASE_716,2023-04-24 14:00:00,USDJPY,LONG,ENTIRE_TRADE,PRESENT,MISSING,0.0,0.0,MISSING_TRADE
BTCUSD_BASE_717,2023-04-25 06:00:00,BTCUSD,SHORT,ENTIRE_TRADE,PRESENT,MISSING,0.0,0.0,MISSING_TRADE
USDJPY_BASE_718,2023-04-27 02:00:00,USDJPY,LONG,ENTIRE_TRADE,PRESENT,MISSING,0.0,0.0,MISSING_TRADE
BTCUSD_BASE_720,2023-04-29 07:00:00,BTCUSD,LONG,ENTIRE_TRADE,PRESENT,MISSING,0.0,0.0,MISSING_TRADE
US500_BASE_719,2023-04-27 12:00:00,US500,SHORT,ENTIRE_TRADE,PRESENT,MISSING,0.0,0.0,MISSING_TRADE
GBPUSD_BASE_721,2023-05-03 02:00:00,GBPUSD,SHORT,ENTIRE_TRADE,PRESENT,MISSING,0.0,0.0,MISSING_TRADE
BTCUSD_BASE_722,2023-05-03 09:00:00,BTCUSD,SHORT,ENTIRE_TRADE,PRESENT,MISSING,0.0,0.0,MISSING_TRADE
GBPUSD_BASE_724,2023-05-05 10:00:00,GBPUSD,LONG,ENTIRE_TRADE,PRESENT,MISSING,0.0,0.0,MISSING_TRADE
BTCUSD_BASE_723,2023-05-03 19:00:00,BTCUSD,LONG,ENTIRE_TRADE,PRESENT,MISSING,0.0,0.0,MISSING_TRADE
BTCUSD_BASE_725,2023-05-09 06:00:00,BTCUSD,SHORT,ENTIRE_TRADE,PRESENT,MISSING,0.0,0.0,MISSING_TRADE
BTCUSD_BASE_727,2023-05-10 08:00:00,BTCUSD,LONG,ENTIRE_TRADE,PRESENT,MISSING,0.0,0.0,MISSING_TRADE
USDJPY_BASE_726,2023-05-10 00:00:00,USDJPY,SHORT,ENTIRE_TRADE,PRESENT,MISSING,0.0,0.0,MISSING_TRADE
BTCUSD_BASE_728,2023-05-12 03:00:00,BTCUSD,LONG,ENTIRE_TRADE,PRESENT,MISSING,0.0,0.0,MISSING_TRADE
USDJPY_BASE_729,2023-05-16 22:00:00,USDJPY,LONG,ENTIRE_TRADE,PRESENT,MISSING,0.0,0.0,MISSING_TRADE
BTCUSD_BASE_730,2023-05-17 19:00:00,BTCUSD,LONG,ENTIRE_TRADE,PRESENT,MISSING,0.0,0.0,MISSING_TRADE
USDJPY_BASE_731,2023-05-18 05:00:00,USDJPY,SHORT,ENTIRE_TRADE,PRESENT,MISSING,0.0,0.0,MISSING_TRADE
USDJPY_PYR_732,2023-05-19 12:00:00,USDJPY,SHORT,ENTIRE_TRADE,PRESENT,MISSING,0.0,0.0,MISSING_TRADE
BTCUSD_BASE_733,2023-05-23 15:00:00,BTCUSD,SHORT,ENTIRE_TRADE,PRESENT,MISSING,0.0,0.0,MISSING_TRADE
GBPUSD_BASE_734,2023-05-24 07:00:00,GBPUSD,LONG,ENTIRE_TRADE,PRESENT,MISSING,0.0,0.0,MISSING_TRADE
GBPUSD_PYR_735,2023-05-24 14:00:00,GBPUSD,LONG,ENTIRE_TRADE,PRESENT,MISSING,0.0,0.0,MISSING_TRADE
BTCUSD_BASE_736,2023-06-09 11:00:00,BTCUSD,LONG,ENTIRE_TRADE,PRESENT,MISSING,0.0,0.0,MISSING_TRADE
BTCUSD_BASE_737,2023-06-12 07:00:00,BTCUSD,LONG,ENTIRE_TRADE,PRESENT,MISSING,0.0,0.0,MISSING_TRADE
BTCUSD_PYR_738,2023-06-12 10:00:00,BTCUSD,LONG,ENTIRE_TRADE,PRESENT,MISSING,0.0,0.0,MISSING_TRADE
BTCUSD_BASE_740,2023-06-18 12:00:00,BTCUSD,LONG,ENTIRE_TRADE,PRESENT,MISSING,0.0,0.0,MISSING_TRADE
USDJPY_BASE_739,2023-06-14 13:00:00,USDJPY,SHORT,ENTIRE_TRADE,PRESENT,MISSING,0.0,0.0,MISSING_TRADE
USDJPY_PYR_741,2023-06-19 12:00:00,USDJPY,SHORT,ENTIRE_TRADE,PRESENT,MISSING,0.0,0.0,MISSING_TRADE
GBPUSD_BASE_742,2023-06-22 13:00:00,GBPUSD,LONG,ENTIRE_TRADE,PRESENT,MISSING,0.0,0.0,MISSING_TRADE
USDJPY_BASE_743,2023-06-23 11:00:00,USDJPY,SHORT,ENTIRE_TRADE,PRESENT,MISSING,0.0,0.0,MISSING_TRADE
BTCUSD_BASE_744,2023-06-24 11:00:00,BTCUSD,SHORT,ENTIRE_TRADE,PRESENT,MISSING,0.0,0.0,MISSING_TRADE
BTCUSD_BASE_745,2023-06-26 19:00:00,BTCUSD,SHORT,ENTIRE_TRADE,PRESENT,MISSING,0.0,0.0,MISSING_TRADE
BTCUSD_BASE_746,2023-06-28 02:00:00,BTCUSD,LONG,ENTIRE_TRADE,PRESENT,MISSING,0.0,0.0,MISSING_TRADE
USDJPY_BASE_747,2023-06-28 09:00:00,USDJPY,LONG,ENTIRE_TRADE,PRESENT,MISSING,0.0,0.0,MISSING_TRADE
USDJPY_PYR_748,2023-06-28 15:00:00,USDJPY,LONG,ENTIRE_TRADE,PRESENT,MISSING,0.0,0.0,MISSING_TRADE
BTCUSD_BASE_750,2023-07-05 04:00:00,BTCUSD,SHORT,ENTIRE_TRADE,PRESENT,MISSING,0.0,0.0,MISSING_TRADE
GBPUSD_BASE_749,2023-07-04 18:00:00,GBPUSD,LONG,ENTIRE_TRADE,PRESENT,MISSING,0.0,0.0,MISSING_TRADE
GBPUSD_PYR_751,2023-07-06 00:00:00,GBPUSD,LONG,ENTIRE_TRADE,PRESENT,MISSING,0.0,0.0,MISSING_TRADE
USDJPY_BASE_752,2023-07-10 12:00:00,USDJPY,LONG,ENTIRE_TRADE,PRESENT,MISSING,0.0,0.0,MISSING_TRADE
BTCUSD_BASE_753,2023-07-10 22:00:00,BTCUSD,LONG,ENTIRE_TRADE,PRESENT,MISSING,0.0,0.0,MISSING_TRADE
BTCUSD_BASE_754,2023-07-11 11:00:00,BTCUSD,SHORT,ENTIRE_TRADE,PRESENT,MISSING,0.0,0.0,MISSING_TRADE
GBPUSD_BASE_755,2023-07-11 14:00:00,GBPUSD,LONG,ENTIRE_TRADE,PRESENT,MISSING,0.0,0.0,MISSING_TRADE
BTCUSD_BASE_757,2023-07-15 00:00:00,BTCUSD,SHORT,ENTIRE_TRADE,PRESENT,MISSING,0.0,0.0,MISSING_TRADE
USDJPY_BASE_756,2023-07-14 08:00:00,USDJPY,LONG,ENTIRE_TRADE,PRESENT,MISSING,0.0,0.0,MISSING_TRADE
USDJPY_PYR_758,2023-07-17 14:00:00,USDJPY,LONG,ENTIRE_TRADE,PRESENT,MISSING,0.0,0.0,MISSING_TRADE
GBPUSD_BASE_759,2023-07-26 10:00:00,GBPUSD,LONG,ENTIRE_TRADE,PRESENT,MISSING,0.0,0.0,MISSING_TRADE
BTCUSD_BASE_760,2023-07-27 15:00:00,BTCUSD,LONG,ENTIRE_TRADE,PRESENT,MISSING,0.0,0.0,MISSING_TRADE
BTCUSD_BASE_761,2023-07-29 04:00:00,BTCUSD,SHORT,ENTIRE_TRADE,PRESENT,MISSING,0.0,0.0,MISSING_TRADE
GBPUSD_BASE_762,2023-07-31 14:00:00,GBPUSD,SHORT,ENTIRE_TRADE,PRESENT,MISSING,0.0,0.0,MISSING_TRADE
BTCUSD_BASE_763,2023-07-31 19:00:00,BTCUSD,SHORT,ENTIRE_TRADE,PRESENT,MISSING,0.0,0.0,MISSING_TRADE
BTCUSD_BASE_764,2023-08-02 11:00:00,BTCUSD,LONG,ENTIRE_TRADE,PRESENT,MISSING,0.0,0.0,MISSING_TRADE
BTCUSD_BASE_765,2023-08-04 10:00:00,BTCUSD,LONG,ENTIRE_TRADE,PRESENT,MISSING,0.0,0.0,MISSING_TRADE
GBPUSD_BASE_766,2023-08-04 17:00:00,GBPUSD,SHORT,ENTIRE_TRADE,PRESENT,MISSING,0.0,0.0,MISSING_TRADE
BTCUSD_BASE_767,2023-08-08 12:00:00,BTCUSD,SHORT,ENTIRE_TRADE,PRESENT,MISSING,0.0,0.0,MISSING_TRADE
BTCUSD_BASE_768,2023-08-09 06:00:00,BTCUSD,LONG,ENTIRE_TRADE,PRESENT,MISSING,0.0,0.0,MISSING_TRADE
USDJPY_BASE_769,2023-08-09 09:00:00,USDJPY,SHORT,ENTIRE_TRADE,PRESENT,MISSING,0.0,0.0,MISSING_TRADE
BTCUSD_BASE_770,2023-08-13 14:00:00,BTCUSD,SHORT,ENTIRE_TRADE,PRESENT,MISSING,0.0,0.0,MISSING_TRADE
BTCUSD_PYR_771,2023-08-14 12:00:00,BTCUSD,SHORT,ENTIRE_TRADE,PRESENT,MISSING,0.0,0.0,MISSING_TRADE
USDJPY_BASE_772,2023-08-15 15:00:00,USDJPY,SHORT,ENTIRE_TRADE,PRESENT,MISSING,0.0,0.0,MISSING_TRADE
BTCUSD_BASE_774,2023-08-17 05:00:00,BTCUSD,SHORT,ENTIRE_TRADE,PRESENT,MISSING,0.0,0.0,MISSING_TRADE
GBPUSD_BASE_773,2023-08-16 13:00:00,GBPUSD,SHORT,ENTIRE_TRADE,PRESENT,MISSING,0.0,0.0,MISSING_TRADE
BTCUSD_BASE_775,2023-08-18 13:00:00,BTCUSD,SHORT,ENTIRE_TRADE,PRESENT,MISSING,0.0,0.0,MISSING_TRADE
BTCUSD_PYR_776,2023-08-19 06:00:00,BTCUSD,SHORT,ENTIRE_TRADE,PRESENT,MISSING,0.0,0.0,MISSING_TRADE
GBPUSD_BASE_777,2023-08-20 23:00:00,GBPUSD,LONG,ENTIRE_TRADE,PRESENT,MISSING,0.0,0.0,MISSING_TRADE
GBPUSD_PYR_778,2023-08-21 11:00:00,GBPUSD,LONG,ENTIRE_TRADE,PRESENT,MISSING,0.0,0.0,MISSING_TRADE
GBPUSD_BASE_779,2023-08-23 07:00:00,GBPUSD,SHORT,ENTIRE_TRADE,PRESENT,MISSING,0.0,0.0,MISSING_TRADE
GBPUSD_PYR_780,2023-08-23 15:00:00,GBPUSD,SHORT,ENTIRE_TRADE,PRESENT,MISSING,0.0,0.0,MISSING_TRADE
BTCUSD_BASE_782,2023-08-26 07:00:00,BTCUSD,SHORT,ENTIRE_TRADE,PRESENT,MISSING,0.0,0.0,MISSING_TRADE
USDJPY_BASE_781,2023-08-25 08:00:00,USDJPY,LONG,ENTIRE_TRADE,PRESENT,MISSING,0.0,0.0,MISSING_TRADE
USDJPY_PYR_783,2023-08-28 08:00:00,USDJPY,LONG,ENTIRE_TRADE,PRESENT,MISSING,0.0,0.0,MISSING_TRADE
BTCUSD_BASE_784,2023-08-30 17:00:00,BTCUSD,LONG,ENTIRE_TRADE,PRESENT,MISSING,0.0,0.0,MISSING_TRADE
BTCUSD_BASE_785,2023-09-01 08:00:00,BTCUSD,SHORT,ENTIRE_TRADE,PRESENT,MISSING,0.0,0.0,MISSING_TRADE
GBPUSD_BASE_786,2023-09-01 20:00:00,GBPUSD,LONG,ENTIRE_TRADE,PRESENT,MISSING,0.0,0.0,MISSING_TRADE
BTCUSD_BASE_787,2023-09-05 06:00:00,BTCUSD,SHORT,ENTIRE_TRADE,PRESENT,MISSING,0.0,0.0,MISSING_TRADE
USDJPY_BASE_788,2023-09-08 00:00:00,USDJPY,LONG,ENTIRE_TRADE,PRESENT,MISSING,0.0,0.0,MISSING_TRADE
BTCUSD_BASE_789,2023-09-08 12:00:00,BTCUSD,LONG,ENTIRE_TRADE,PRESENT,MISSING,0.0,0.0,MISSING_TRADE
BTCUSD_BASE_790,2023-09-10 06:00:00,BTCUSD,SHORT,ENTIRE_TRADE,PRESENT,MISSING,0.0,0.0,MISSING_TRADE
BTCUSD_BASE_792,2023-09-11 16:00:00,BTCUSD,LONG,ENTIRE_TRADE,PRESENT,MISSING,0.0,0.0,MISSING_TRADE
BTCUSD_BASE_793,2023-09-12 04:00:00,BTCUSD,SHORT,ENTIRE_TRADE,PRESENT,MISSING,0.0,0.0,MISSING_TRADE
USDJPY_BASE_791,2023-09-11 16:00:00,USDJPY,LONG,ENTIRE_TRADE,PRESENT,MISSING,0.0,0.0,MISSING_TRADE
GBPUSD_BASE_795,2023-09-14 10:00:00,GBPUSD,SHORT,ENTIRE_TRADE,PRESENT,MISSING,0.0,0.0,MISSING_TRADE
BTCUSD_BASE_794,2023-09-13 15:00:00,BTCUSD,SHORT,ENTIRE_TRADE,PRESENT,MISSING,0.0,0.0,MISSING_TRADE
BTCUSD_PYR_796,2023-09-15 12:00:00,BTCUSD,SHORT,ENTIRE_TRADE,PRESENT,MISSING,0.0,0.0,MISSING_TRADE
BTCUSD_BASE_797,2023-09-18 05:00:00,BTCUSD,LONG,ENTIRE_TRADE,PRESENT,MISSING,0.0,0.0,MISSING_TRADE
GBPUSD_BASE_798,2023-09-18 12:00:00,GBPUSD,SHORT,ENTIRE_TRADE,PRESENT,MISSING,0.0,0.0,MISSING_TRADE
GBPUSD_PYR_799,2023-09-19 09:00:00,GBPUSD,SHORT,ENTIRE_TRADE,PRESENT,MISSING,0.0,0.0,MISSING_TRADE
BTCUSD_BASE_801,2023-09-30 00:00:00,BTCUSD,LONG,ENTIRE_TRADE,PRESENT,MISSING,0.0,0.0,MISSING_TRADE
GBPUSD_BASE_800,2023-09-29 09:00:00,GBPUSD,LONG,ENTIRE_TRADE,PRESENT,MISSING,0.0,0.0,MISSING_TRADE
USDJPY_BASE_802,2023-10-02 14:00:00,USDJPY,LONG,ENTIRE_TRADE,PRESENT,MISSING,0.0,0.0,MISSING_TRADE
BTCUSD_BASE_803,2023-10-02 18:00:00,BTCUSD,SHORT,ENTIRE_TRADE,PRESENT,MISSING,0.0,0.0,MISSING_TRADE
GBPUSD_BASE_804,2023-10-03 01:00:00,GBPUSD,SHORT,ENTIRE_TRADE,PRESENT,MISSING,0.0,0.0,MISSING_TRADE
GBPUSD_PYR_805,2023-10-03 14:00:00,GBPUSD,SHORT,ENTIRE_TRADE,PRESENT,MISSING,0.0,0.0,MISSING_TRADE
BTCUSD_BASE_806,2023-10-07 15:00:00,BTCUSD,LONG,ENTIRE_TRADE,PRESENT,MISSING,0.0,0.0,MISSING_TRADE
BTCUSD_BASE_807,2023-10-09 12:00:00,BTCUSD,SHORT,ENTIRE_TRADE,PRESENT,MISSING,0.0,0.0,MISSING_TRADE
BTCUSD_BASE_808,2023-10-12 03:00:00,BTCUSD,SHORT,ENTIRE_TRADE,PRESENT,MISSING,0.0,0.0,MISSING_TRADE
GBPUSD_BASE_809,2023-10-12 12:00:00,GBPUSD,SHORT,ENTIRE_TRADE,PRESENT,MISSING,0.0,0.0,MISSING_TRADE
GBPUSD_PYR_810,2023-10-13 15:00:00,GBPUSD,SHORT,ENTIRE_TRADE,PRESENT,MISSING,0.0,0.0,MISSING_TRADE
BTCUSD_BASE_812,2023-10-22 05:00:00,BTCUSD,SHORT,ENTIRE_TRADE,PRESENT,MISSING,0.0,0.0,MISSING_TRADE
USDJPY_BASE_811,2023-10-20 07:00:00,USDJPY,SHORT,ENTIRE_TRADE,PRESENT,MISSING,0.0,0.0,MISSING_TRADE
BTCUSD_BASE_813,2023-10-26 12:00:00,BTCUSD,SHORT,ENTIRE_TRADE,PRESENT,MISSING,0.0,0.0,MISSING_TRADE
USDJPY_BASE_814,2023-10-27 08:00:00,USDJPY,LONG,ENTIRE_TRADE,PRESENT,MISSING,0.0,0.0,MISSING_TRADE
BTCUSD_BASE_815,2023-10-28 07:00:00,BTCUSD,LONG,ENTIRE_TRADE,PRESENT,MISSING,0.0,0.0,MISSING_TRADE
GBPUSD_BASE_816,2023-10-30 03:00:00,GBPUSD,LONG,ENTIRE_TRADE,PRESENT,MISSING,0.0,0.0,MISSING_TRADE
GBPUSD_BASE_817,2023-11-01 13:00:00,GBPUSD,SHORT,ENTIRE_TRADE,PRESENT,MISSING,0.0,0.0,MISSING_TRADE
BTCUSD_BASE_818,2023-11-01 15:00:00,BTCUSD,LONG,ENTIRE_TRADE,PRESENT,MISSING,0.0,0.0,MISSING_TRADE
BTCUSD_BASE_819,2023-11-07 08:00:00,BTCUSD,LONG,ENTIRE_TRADE,PRESENT,MISSING,0.0,0.0,MISSING_TRADE
BTCUSD_PYR_820,2023-11-08 10:00:00,BTCUSD,LONG,ENTIRE_TRADE,PRESENT,MISSING,0.0,0.0,MISSING_TRADE
BTCUSD_BASE_821,2023-11-11 21:00:00,BTCUSD,LONG,ENTIRE_TRADE,PRESENT,MISSING,0.0,0.0,MISSING_TRADE
BTCUSD_PYR_822,2023-11-12 12:00:00,BTCUSD,LONG,ENTIRE_TRADE,PRESENT,MISSING,0.0,0.0,MISSING_TRADE
BTCUSD_BASE_823,2023-11-13 11:00:00,BTCUSD,SHORT,ENTIRE_TRADE,PRESENT,MISSING,0.0,0.0,MISSING_TRADE
GBPUSD_BASE_824,2023-11-14 22:00:00,GBPUSD,LONG,ENTIRE_TRADE,PRESENT,MISSING,0.0,0.0,MISSING_TRADE
GBPUSD_PYR_825,2023-11-15 19:00:00,GBPUSD,LONG,ENTIRE_TRADE,PRESENT,MISSING,0.0,0.0,MISSING_TRADE
BTCUSD_BASE_826,2023-11-18 11:00:00,BTCUSD,LONG,ENTIRE_TRADE,PRESENT,MISSING,0.0,0.0,MISSING_TRADE
BTCUSD_BASE_827,2023-11-19 00:00:00,BTCUSD,SHORT,ENTIRE_TRADE,PRESENT,MISSING,0.0,0.0,MISSING_TRADE
GBPUSD_BASE_829,2023-11-22 07:00:00,GBPUSD,LONG,ENTIRE_TRADE,PRESENT,MISSING,0.0,0.0,MISSING_TRADE
BTCUSD_BASE_828,2023-11-20 16:00:00,BTCUSD,LONG,ENTIRE_TRADE,PRESENT,MISSING,0.0,0.0,MISSING_TRADE
USDJPY_BASE_830,2023-11-22 15:00:00,USDJPY,SHORT,ENTIRE_TRADE,PRESENT,MISSING,0.0,0.0,MISSING_TRADE
GBPUSD_BASE_832,2023-11-29 05:00:00,GBPUSD,LONG,ENTIRE_TRADE,PRESENT,MISSING,0.0,0.0,MISSING_TRADE
BTCUSD_BASE_831,2023-11-28 16:00:00,BTCUSD,SHORT,ENTIRE_TRADE,PRESENT,MISSING,0.0,0.0,MISSING_TRADE
BTCUSD_BASE_833,2023-12-02 08:00:00,BTCUSD,LONG,ENTIRE_TRADE,PRESENT,MISSING,0.0,0.0,MISSING_TRADE
USDJPY_BASE_834,2023-12-05 12:00:00,USDJPY,SHORT,ENTIRE_TRADE,PRESENT,MISSING,0.0,0.0,MISSING_TRADE
BTCUSD_BASE_835,2023-12-09 14:00:00,BTCUSD,LONG,ENTIRE_TRADE,PRESENT,MISSING,0.0,0.0,MISSING_TRADE
BTCUSD_BASE_836,2023-12-13 16:00:00,BTCUSD,LONG,ENTIRE_TRADE,PRESENT,MISSING,0.0,0.0,MISSING_TRADE
USDJPY_BASE_837,2023-12-14 07:00:00,USDJPY,LONG,ENTIRE_TRADE,PRESENT,MISSING,0.0,0.0,MISSING_TRADE
GBPUSD_BASE_838,2023-12-18 01:00:00,GBPUSD,LONG,ENTIRE_TRADE,PRESENT,MISSING,0.0,0.0,MISSING_TRADE
GBPUSD_BASE_839,2023-12-20 14:00:00,GBPUSD,SHORT,ENTIRE_TRADE,PRESENT,MISSING,0.0,0.0,MISSING_TRADE
BTCUSD_BASE_840,2023-12-23 11:00:00,BTCUSD,LONG,ENTIRE_TRADE,PRESENT,MISSING,0.0,0.0,MISSING_TRADE
BTCUSD_PYR_841,2023-12-24 08:00:00,BTCUSD,LONG,ENTIRE_TRADE,PRESENT,MISSING,0.0,0.0,MISSING_TRADE
GBPUSD_BASE_842,2023-12-25 10:00:00,GBPUSD,LONG,ENTIRE_TRADE,PRESENT,MISSING,0.0,0.0,MISSING_TRADE
GBPUSD_PYR_843,2023-12-27 05:00:00,GBPUSD,LONG,ENTIRE_TRADE,PRESENT,MISSING,0.0,0.0,MISSING_TRADE
GBPUSD_BASE_844,2024-01-02 20:00:00,GBPUSD,SHORT,ENTIRE_TRADE,PRESENT,MISSING,0.0,0.0,MISSING_TRADE
GBPUSD_PYR_845,2024-01-04 06:00:00,GBPUSD,SHORT,ENTIRE_TRADE,PRESENT,MISSING,0.0,0.0,MISSING_TRADE
GBPUSD_BASE_846,2024-01-05 08:00:00,GBPUSD,LONG,ENTIRE_TRADE,PRESENT,MISSING,0.0,0.0,MISSING_TRADE
BTCUSD_BASE_847,2024-01-07 14:00:00,BTCUSD,LONG,ENTIRE_TRADE,PRESENT,MISSING,0.0,0.0,MISSING_TRADE
GBPUSD_BASE_848,2024-01-08 13:00:00,GBPUSD,LONG,ENTIRE_TRADE,PRESENT,MISSING,0.0,0.0,MISSING_TRADE
BTCUSD_BASE_849,2024-01-10 10:00:00,BTCUSD,LONG,ENTIRE_TRADE,PRESENT,MISSING,0.0,0.0,MISSING_TRADE
GBPUSD_BASE_850,2024-01-10 14:00:00,GBPUSD,SHORT,ENTIRE_TRADE,PRESENT,MISSING,0.0,0.0,MISSING_TRADE
GBPUSD_PYR_851,2024-01-12 06:00:00,GBPUSD,SHORT,ENTIRE_TRADE,PRESENT,MISSING,0.0,0.0,MISSING_TRADE
BTCUSD_BASE_853,2024-01-14 16:00:00,BTCUSD,SHORT,ENTIRE_TRADE,PRESENT,MISSING,0.0,0.0,MISSING_TRADE
USDJPY_BASE_852,2024-01-12 17:00:00,USDJPY,SHORT,ENTIRE_TRADE,PRESENT,MISSING,0.0,0.0,MISSING_TRADE
BTCUSD_BASE_855,2024-01-16 20:00:00,BTCUSD,SHORT,ENTIRE_TRADE,PRESENT,MISSING,0.0,0.0,MISSING_TRADE
GBPUSD_BASE_854,2024-01-16 14:00:00,GBPUSD,SHORT,ENTIRE_TRADE,PRESENT,MISSING,0.0,0.0,MISSING_TRADE
GBPUSD_BASE_856,2024-01-17 14:00:00,GBPUSD,LONG,ENTIRE_TRADE,PRESENT,MISSING,0.0,0.0,MISSING_TRADE
BTCUSD_BASE_857,2024-01-18 14:00:00,BTCUSD,LONG,ENTIRE_TRADE,PRESENT,MISSING,0.0,0.0,MISSING_TRADE
BTCUSD_PYR_858,2024-01-20 08:00:00,BTCUSD,LONG,ENTIRE_TRADE,PRESENT,MISSING,0.0,0.0,MISSING_TRADE
GBPUSD_BASE_859,2024-01-23 18:00:00,GBPUSD,LONG,ENTIRE_TRADE,PRESENT,MISSING,0.0,0.0,MISSING_TRADE
GBPUSD_PYR_860,2024-01-24 07:00:00,GBPUSD,LONG,ENTIRE_TRADE,PRESENT,MISSING,0.0,0.0,MISSING_TRADE
BTCUSD_BASE_862,2024-01-26 05:00:00,BTCUSD,LONG,ENTIRE_TRADE,PRESENT,MISSING,0.0,0.0,MISSING_TRADE
GBPUSD_BASE_861,2024-01-25 09:00:00,GBPUSD,SHORT,ENTIRE_TRADE,PRESENT,MISSING,0.0,0.0,MISSING_TRADE
GBPUSD_PYR_863,2024-01-30 18:00:00,GBPUSD,SHORT,ENTIRE_TRADE,PRESENT,MISSING,0.0,0.0,MISSING_TRADE
BTCUSD_BASE_864,2024-02-03 20:00:00,BTCUSD,SHORT,ENTIRE_TRADE,PRESENT,MISSING,0.0,0.0,MISSING_TRADE
BTCUSD_PYR_865,2024-02-04 13:00:00,BTCUSD,SHORT,ENTIRE_TRADE,PRESENT,MISSING,0.0,0.0,MISSING_TRADE
BTCUSD_BASE_866,2024-02-06 09:00:00,BTCUSD,LONG,ENTIRE_TRADE,PRESENT,MISSING,0.0,0.0,MISSING_TRADE
GBPUSD_BASE_867,2024-02-08 12:00:00,GBPUSD,LONG,ENTIRE_TRADE,PRESENT,MISSING,0.0,0.0,MISSING_TRADE
BTCUSD_BASE_868,2024-02-09 13:00:00,BTCUSD,SHORT,ENTIRE_TRADE,PRESENT,MISSING,0.0,0.0,MISSING_TRADE
USDJPY_BASE_870,2024-02-12 10:00:00,USDJPY,SHORT,ENTIRE_TRADE,PRESENT,MISSING,0.0,0.0,MISSING_TRADE
GBPUSD_BASE_871,2024-02-14 05:00:00,GBPUSD,LONG,ENTIRE_TRADE,PRESENT,MISSING,0.0,0.0,MISSING_TRADE
GBPUSD_BASE_872,2024-02-14 15:00:00,GBPUSD,SHORT,ENTIRE_TRADE,PRESENT,MISSING,0.0,0.0,MISSING_TRADE
BTCUSD_BASE_869,2024-02-11 19:00:00,BTCUSD,LONG,ENTIRE_TRADE,PRESENT,MISSING,0.0,0.0,MISSING_TRADE
USDJPY_BASE_873,2024-02-14 20:00:00,USDJPY,SHORT,ENTIRE_TRADE,PRESENT,MISSING,0.0,0.0,MISSING_TRADE
BTCUSD_BASE_875,2024-02-16 13:00:00,BTCUSD,SHORT,ENTIRE_TRADE,PRESENT,MISSING,0.0,0.0,MISSING_TRADE
BTCUSD_BASE_876,2024-02-19 01:00:00,BTCUSD,LONG,ENTIRE_TRADE,PRESENT,MISSING,0.0,0.0,MISSING_TRADE
GBPUSD_BASE_874,2024-02-15 17:00:00,GBPUSD,LONG,ENTIRE_TRADE,PRESENT,MISSING,0.0,0.0,MISSING_TRADE
GBPUSD_PYR_877,2024-02-20 10:00:00,GBPUSD,LONG,ENTIRE_TRADE,PRESENT,MISSING,0.0,0.0,MISSING_TRADE
BTCUSD_BASE_878,2024-02-22 09:00:00,BTCUSD,LONG,ENTIRE_TRADE,PRESENT,MISSING,0.0,0.0,MISSING_TRADE
BTCUSD_BASE_879,2024-02-24 13:00:00,BTCUSD,SHORT,ENTIRE_TRADE,PRESENT,MISSING,0.0,0.0,MISSING_TRADE
BTCUSD_BASE_881,2024-02-27 11:00:00,BTCUSD,LONG,ENTIRE_TRADE,PRESENT,MISSING,0.0,0.0,MISSING_TRADE
US500_BASE_880,2024-02-26 23:00:00,US500,LONG,ENTIRE_TRADE,PRESENT,MISSING,0.0,0.0,MISSING_TRADE
BTCUSD_BASE_882,2024-02-28 12:00:00,BTCUSD,SHORT,ENTIRE_TRADE,PRESENT,MISSING,0.0,0.0,MISSING_TRADE
BTCUSD_PYR_883,2024-02-28 16:00:00,BTCUSD,SHORT,ENTIRE_TRADE,PRESENT,MISSING,0.0,0.0,MISSING_TRADE
GBPUSD_BASE_884,2024-02-28 23:00:00,GBPUSD,LONG,ENTIRE_TRADE,PRESENT,MISSING,0.0,0.0,MISSING_TRADE
GBPUSD_PYR_885,2024-03-01 13:00:00,GBPUSD,LONG,ENTIRE_TRADE,PRESENT,MISSING,0.0,0.0,MISSING_TRADE
BTCUSD_BASE_887,2024-03-06 16:00:00,BTCUSD,LONG,ENTIRE_TRADE,PRESENT,MISSING,0.0,0.0,MISSING_TRADE
USDJPY_BASE_886,2024-03-06 13:00:00,USDJPY,LONG,ENTIRE_TRADE,PRESENT,MISSING,0.0,0.0,MISSING_TRADE
BTCUSD_BASE_888,2024-03-07 14:00:00,BTCUSD,SHORT,ENTIRE_TRADE,PRESENT,MISSING,0.0,0.0,MISSING_TRADE
BTCUSD_BASE_889,2024-03-08 20:00:00,BTCUSD,LONG,ENTIRE_TRADE,PRESENT,MISSING,0.0,0.0,MISSING_TRADE
BTCUSD_BASE_891,2024-03-12 10:00:00,BTCUSD,SHORT,ENTIRE_TRADE,PRESENT,MISSING,0.0,0.0,MISSING_TRADE
GBPUSD_BASE_890,2024-03-11 06:00:00,GBPUSD,SHORT,ENTIRE_TRADE,PRESENT,MISSING,0.0,0.0,MISSING_TRADE
USDJPY_BASE_893,2024-03-14 08:00:00,USDJPY,SHORT,ENTIRE_TRADE,PRESENT,MISSING,0.0,0.0,MISSING_TRADE
BTCUSD_BASE_892,2024-03-13 14:00:00,BTCUSD,LONG,ENTIRE_TRADE,PRESENT,MISSING,0.0,0.0,MISSING_TRADE
USDJPY_BASE_894,2024-03-19 01:00:00,USDJPY,SHORT,ENTIRE_TRADE,PRESENT,MISSING,0.0,0.0,MISSING_TRADE
USDJPY_PYR_895,2024-03-20 14:00:00,USDJPY,SHORT,ENTIRE_TRADE,PRESENT,MISSING,0.0,0.0,MISSING_TRADE
BTCUSD_BASE_896,2024-03-21 19:00:00,BTCUSD,LONG,ENTIRE_TRADE,PRESENT,MISSING,0.0,0.0,MISSING_TRADE
BTCUSD_BASE_897,2024-03-24 14:00:00,BTCUSD,SHORT,ENTIRE_TRADE,PRESENT,MISSING,0.0,0.0,MISSING_TRADE
GBPUSD_BASE_898,2024-03-25 04:00:00,GBPUSD,LONG,ENTIRE_TRADE,PRESENT,MISSING,0.0,0.0,MISSING_TRADE
BTCUSD_BASE_899,2024-03-28 03:00:00,BTCUSD,LONG,ENTIRE_TRADE,PRESENT,MISSING,0.0,0.0,MISSING_TRADE
BTCUSD_BASE_900,2024-03-29 07:00:00,BTCUSD,SHORT,ENTIRE_TRADE,PRESENT,MISSING,0.0,0.0,MISSING_TRADE
BTCUSD_BASE_902,2024-03-29 22:00:00,BTCUSD,LONG,ENTIRE_TRADE,PRESENT,MISSING,0.0,0.0,MISSING_TRADE
US500_BASE_901,2024-03-29 14:00:00,US500,LONG,ENTIRE_TRADE,PRESENT,MISSING,0.0,0.0,MISSING_TRADE
USDJPY_BASE_904,2024-04-02 09:00:00,USDJPY,SHORT,ENTIRE_TRADE,PRESENT,MISSING,0.0,0.0,MISSING_TRADE
BTCUSD_BASE_903,2024-04-01 23:00:00,BTCUSD,LONG,ENTIRE_TRADE,PRESENT,MISSING,0.0,0.0,MISSING_TRADE
BTCUSD_PYR_905,2024-04-03 09:00:00,BTCUSD,LONG,ENTIRE_TRADE,PRESENT,MISSING,0.0,0.0,MISSING_TRADE
BTCUSD_BASE_906,2024-04-09 11:00:00,BTCUSD,LONG,ENTIRE_TRADE,PRESENT,MISSING,0.0,0.0,MISSING_TRADE
US500_BASE_907,2024-04-09 15:00:00,US500,SHORT,ENTIRE_TRADE,PRESENT,MISSING,0.0,0.0,MISSING_TRADE
USDJPY_BASE_909,2024-04-12 14:00:00,USDJPY,SHORT,ENTIRE_TRADE,PRESENT,MISSING,0.0,0.0,MISSING_TRADE
BTCUSD_BASE_908,2024-04-12 09:00:00,BTCUSD,SHORT,ENTIRE_TRADE,PRESENT,MISSING,0.0,0.0,MISSING_TRADE
BTCUSD_BASE_911,2024-04-13 12:00:00,BTCUSD,LONG,ENTIRE_TRADE,PRESENT,MISSING,0.0,0.0,MISSING_TRADE
US500_BASE_910,2024-04-12 19:00:00,US500,LONG,ENTIRE_TRADE,PRESENT,MISSING,0.0,0.0,MISSING_TRADE
GBPUSD_BASE_913,2024-04-17 09:00:00,GBPUSD,SHORT,ENTIRE_TRADE,PRESENT,MISSING,0.0,0.0,MISSING_TRADE
USDJPY_BASE_914,2024-04-17 12:00:00,USDJPY,LONG,ENTIRE_TRADE,PRESENT,MISSING,0.0,0.0,MISSING_TRADE
BTCUSD_BASE_912,2024-04-15 19:00:00,BTCUSD,SHORT,ENTIRE_TRADE,PRESENT,MISSING,0.0,0.0,MISSING_TRADE
GBPUSD_BASE_915,2024-04-17 17:00:00,GBPUSD,LONG,ENTIRE_TRADE,PRESENT,MISSING,0.0,0.0,MISSING_TRADE
GBPUSD_BASE_916,2024-04-19 07:00:00,GBPUSD,SHORT,ENTIRE_TRADE,PRESENT,MISSING,0.0,0.0,MISSING_TRADE
USDJPY_BASE_917,2024-04-19 13:00:00,USDJPY,SHORT,ENTIRE_TRADE,PRESENT,MISSING,0.0,0.0,MISSING_TRADE
BTCUSD_BASE_918,2024-04-21 21:00:00,BTCUSD,SHORT,ENTIRE_TRADE,PRESENT,MISSING,0.0,0.0,MISSING_TRADE
GBPUSD_BASE_919,2024-04-22 06:00:00,GBPUSD,SHORT,ENTIRE_TRADE,PRESENT,MISSING,0.0,0.0,MISSING_TRADE
BTCUSD_BASE_920,2024-04-22 18:00:00,BTCUSD,LONG,ENTIRE_TRADE,PRESENT,MISSING,0.0,0.0,MISSING_TRADE
GBPUSD_BASE_921,2024-04-23 16:00:00,GBPUSD,LONG,ENTIRE_TRADE,PRESENT,MISSING,0.0,0.0,MISSING_TRADE
BTCUSD_BASE_922,2024-04-24 13:00:00,BTCUSD,SHORT,ENTIRE_TRADE,PRESENT,MISSING,0.0,0.0,MISSING_TRADE
BTCUSD_BASE_923,2024-04-26 15:00:00,BTCUSD,LONG,ENTIRE_TRADE,PRESENT,MISSING,0.0,0.0,MISSING_TRADE
GBPUSD_BASE_924,2024-04-26 16:00:00,GBPUSD,LONG,ENTIRE_TRADE,PRESENT,MISSING,0.0,0.0,MISSING_TRADE
BTCUSD_BASE_925,2024-04-29 19:00:00,BTCUSD,SHORT,ENTIRE_TRADE,PRESENT,MISSING,0.0,0.0,MISSING_TRADE
GBPUSD_BASE_926,2024-05-01 15:00:00,GBPUSD,SHORT,ENTIRE_TRADE,PRESENT,MISSING,0.0,0.0,MISSING_TRADE
BTCUSD_BASE_928,2024-05-05 13:00:00,BTCUSD,LONG,ENTIRE_TRADE,PRESENT,MISSING,0.0,0.0,MISSING_TRADE
GBPUSD_BASE_927,2024-05-03 01:00:00,GBPUSD,LONG,ENTIRE_TRADE,PRESENT,MISSING,0.0,0.0,MISSING_TRADE
GBPUSD_PYR_929,2024-05-06 10:00:00,GBPUSD,LONG,ENTIRE_TRADE,PRESENT,MISSING,0.0,0.0,MISSING_TRADE
BTCUSD_BASE_930,2024-05-07 21:00:00,BTCUSD,SHORT,ENTIRE_TRADE,PRESENT,MISSING,0.0,0.0,MISSING_TRADE
GBPUSD_BASE_931,2024-05-08 09:00:00,GBPUSD,SHORT,ENTIRE_TRADE,PRESENT,MISSING,0.0,0.0,MISSING_TRADE
BTCUSD_BASE_932,2024-05-10 09:00:00,BTCUSD,LONG,ENTIRE_TRADE,PRESENT,MISSING,0.0,0.0,MISSING_TRADE
USDJPY_BASE_933,2024-05-13 11:00:00,USDJPY,LONG,ENTIRE_TRADE,PRESENT,MISSING,0.0,0.0,MISSING_TRADE
GBPUSD_BASE_934,2024-05-14 16:00:00,GBPUSD,SHORT,ENTIRE_TRADE,PRESENT,MISSING,0.0,0.0,MISSING_TRADE
BTCUSD_BASE_936,2024-05-16 14:00:00,BTCUSD,LONG,ENTIRE_TRADE,PRESENT,MISSING,0.0,0.0,MISSING_TRADE
USDJPY_BASE_935,2024-05-16 13:00:00,USDJPY,SHORT,ENTIRE_TRADE,PRESENT,MISSING,0.0,0.0,MISSING_TRADE
USDJPY_BASE_937,2024-05-20 22:00:00,USDJPY,LONG,ENTIRE_TRADE,PRESENT,MISSING,0.0,0.0,MISSING_TRADE
BTCUSD_BASE_939,2024-05-24 05:00:00,BTCUSD,LONG,ENTIRE_TRADE,PRESENT,MISSING,0.0,0.0,MISSING_TRADE
USDJPY_BASE_938,2024-05-23 16:00:00,USDJPY,SHORT,ENTIRE_TRADE,PRESENT,MISSING,0.0,0.0,MISSING_TRADE
USDJPY_BASE_941,2024-05-28 16:00:00,USDJPY,LONG,ENTIRE_TRADE,PRESENT,MISSING,0.0,0.0,MISSING_TRADE
BTCUSD_BASE_940,2024-05-26 08:00:00,BTCUSD,SHORT,ENTIRE_TRADE,PRESENT,MISSING,0.0,0.0,MISSING_TRADE
BTCUSD_BASE_943,2024-05-30 11:00:00,BTCUSD,LONG,ENTIRE_TRADE,PRESENT,MISSING,0.0,0.0,MISSING_TRADE
USDJPY_BASE_944,2024-05-31 15:00:00,USDJPY,LONG,ENTIRE_TRADE,PRESENT,MISSING,0.0,0.0,MISSING_TRADE
USDJPY_BASE_945,2024-06-04 07:00:00,USDJPY,SHORT,ENTIRE_TRADE,PRESENT,MISSING,0.0,0.0,MISSING_TRADE
GBPUSD_BASE_942,2024-05-28 23:00:00,GBPUSD,LONG,ENTIRE_TRADE,PRESENT,MISSING,0.0,0.0,MISSING_TRADE
BTCUSD_BASE_947,2024-06-06 00:00:00,BTCUSD,LONG,ENTIRE_TRADE,PRESENT,MISSING,0.0,0.0,MISSING_TRADE
USDJPY_BASE_946,2024-06-05 04:00:00,USDJPY,LONG,ENTIRE_TRADE,PRESENT,MISSING,0.0,0.0,MISSING_TRADE
US500_BASE_948,2024-06-07 14:00:00,US500,LONG,ENTIRE_TRADE,PRESENT,MISSING,0.0,0.0,MISSING_TRADE
BTCUSD_BASE_949,2024-06-07 22:00:00,BTCUSD,SHORT,ENTIRE_TRADE,PRESENT,MISSING,0.0,0.0,MISSING_TRADE
BTCUSD_BASE_950,2024-06-09 06:00:00,BTCUSD,LONG,ENTIRE_TRADE,PRESENT,MISSING,0.0,0.0,MISSING_TRADE
GBPUSD_BASE_951,2024-06-10 12:00:00,GBPUSD,LONG,ENTIRE_TRADE,PRESENT,MISSING,0.0,0.0,MISSING_TRADE
GBPUSD_PYR_952,2024-06-10 14:00:00,GBPUSD,LONG,ENTIRE_TRADE,PRESENT,MISSING,0.0,0.0,MISSING_TRADE
BTCUSD_BASE_954,2024-06-15 15:00:00,BTCUSD,LONG,ENTIRE_TRADE,PRESENT,MISSING,0.0,0.0,MISSING_TRADE
US500_BASE_953,2024-06-14 18:00:00,US500,SHORT,ENTIRE_TRADE,PRESENT,MISSING,0.0,0.0,MISSING_TRADE
US500_PYR_955,2024-06-17 15:00:00,US500,SHORT,ENTIRE_TRADE,PRESENT,MISSING,0.0,0.0,MISSING_TRADE
USDJPY_BASE_956,2024-06-20 19:00:00,USDJPY,SHORT,ENTIRE_TRADE,PRESENT,MISSING,0.0,0.0,MISSING_TRADE
US500_BASE_957,2024-06-21 14:00:00,US500,SHORT,ENTIRE_TRADE,PRESENT,MISSING,0.0,0.0,MISSING_TRADE
GBPUSD_BASE_958,2024-06-24 09:00:00,GBPUSD,SHORT,ENTIRE_TRADE,PRESENT,MISSING,0.0,0.0,MISSING_TRADE
US500_BASE_960,2024-06-25 13:00:00,US500,SHORT,ENTIRE_TRADE,PRESENT,MISSING,0.0,0.0,MISSING_TRADE
BTCUSD_BASE_959,2024-06-24 21:00:00,BTCUSD,SHORT,ENTIRE_TRADE,PRESENT,MISSING,0.0,0.0,MISSING_TRADE
US500_BASE_962,2024-06-28 04:00:00,US500,SHORT,ENTIRE_TRADE,PRESENT,MISSING,0.0,0.0,MISSING_TRADE
BTCUSD_BASE_961,2024-06-27 20:00:00,BTCUSD,LONG,ENTIRE_TRADE,PRESENT,MISSING,0.0,0.0,MISSING_TRADE
BTCUSD_BASE_964,2024-06-30 01:00:00,BTCUSD,SHORT,ENTIRE_TRADE,PRESENT,MISSING,0.0,0.0,MISSING_TRADE
GBPUSD_BASE_963,2024-06-28 11:00:00,GBPUSD,SHORT,ENTIRE_TRADE,PRESENT,MISSING,0.0,0.0,MISSING_TRADE
GBPUSD_PYR_965,2024-07-01 07:00:00,GBPUSD,SHORT,ENTIRE_TRADE,PRESENT,MISSING,0.0,0.0,MISSING_TRADE
BTCUSD_BASE_966,2024-07-02 12:00:00,BTCUSD,SHORT,ENTIRE_TRADE,PRESENT,MISSING,0.0,0.0,MISSING_TRADE
US500_BASE_967,2024-07-02 15:00:00,US500,LONG,ENTIRE_TRADE,PRESENT,MISSING,0.0,0.0,MISSING_TRADE
BTCUSD_BASE_969,2024-07-06 10:00:00,BTCUSD,SHORT,ENTIRE_TRADE,PRESENT,MISSING,0.0,0.0,MISSING_TRADE
BTCUSD_BASE_970,2024-07-08 14:00:00,BTCUSD,LONG,ENTIRE_TRADE,PRESENT,MISSING,0.0,0.0,MISSING_TRADE
US500_BASE_968,2024-07-05 02:00:00,US500,LONG,ENTIRE_TRADE,PRESENT,MISSING,0.0,0.0,MISSING_TRADE
USDJPY_BASE_971,2024-07-10 07:00:00,USDJPY,LONG,ENTIRE_TRADE,PRESENT,MISSING,0.0,0.0,MISSING_TRADE
GBPUSD_BASE_973,2024-07-11 09:00:00,GBPUSD,LONG,ENTIRE_TRADE,PRESENT,MISSING,0.0,0.0,MISSING_TRADE
BTCUSD_BASE_972,2024-07-10 20:00:00,BTCUSD,SHORT,ENTIRE_TRADE,PRESENT,MISSING,0.0,0.0,MISSING_TRADE
US500_BASE_974,2024-07-12 05:00:00,US500,SHORT,ENTIRE_TRADE,PRESENT,MISSING,0.0,0.0,MISSING_TRADE
USDJPY_BASE_975,2024-07-12 15:00:00,USDJPY,SHORT,ENTIRE_TRADE,PRESENT,MISSING,0.0,0.0,MISSING_TRADE
GBPUSD_BASE_976,2024-07-16 00:00:00,GBPUSD,SHORT,ENTIRE_TRADE,PRESENT,MISSING,0.0,0.0,MISSING_TRADE
USDJPY_BASE_977,2024-07-16 16:00:00,USDJPY,LONG,ENTIRE_TRADE,PRESENT,MISSING,0.0,0.0,MISSING_TRADE
GBPUSD_BASE_978,2024-07-17 11:00:00,GBPUSD,LONG,ENTIRE_TRADE,PRESENT,MISSING,0.0,0.0,MISSING_TRADE
USDJPY_BASE_979,2024-07-17 23:00:00,USDJPY,SHORT,ENTIRE_TRADE,PRESENT,MISSING,0.0,0.0,MISSING_TRADE
USDJPY_PYR_980,2024-07-19 15:00:00,USDJPY,SHORT,ENTIRE_TRADE,PRESENT,MISSING,0.0,0.0,MISSING_TRADE
GBPUSD_BASE_981,2024-07-23 12:00:00,GBPUSD,LONG,ENTIRE_TRADE,PRESENT,MISSING,0.0,0.0,MISSING_TRADE
USDJPY_BASE_982,2024-07-24 07:00:00,USDJPY,SHORT,ENTIRE_TRADE,PRESENT,MISSING,0.0,0.0,MISSING_TRADE
BTCUSD_BASE_983,2024-07-25 12:00:00,BTCUSD,LONG,ENTIRE_TRADE,PRESENT,MISSING,0.0,0.0,MISSING_TRADE
BTCUSD_BASE_985,2024-07-27 03:00:00,BTCUSD,LONG,ENTIRE_TRADE,PRESENT,MISSING,0.0,0.0,MISSING_TRADE
BTCUSD_BASE_986,2024-07-29 08:00:00,BTCUSD,SHORT,ENTIRE_TRADE,PRESENT,MISSING,0.0,0.0,MISSING_TRADE
GBPUSD_BASE_984,2024-07-25 13:00:00,GBPUSD,LONG,ENTIRE_TRADE,PRESENT,MISSING,0.0,0.0,MISSING_TRADE
US500_BASE_987,2024-07-30 03:00:00,US500,SHORT,ENTIRE_TRADE,PRESENT,MISSING,0.0,0.0,MISSING_TRADE
US500_BASE_988,2024-07-31 00:00:00,US500,LONG,ENTIRE_TRADE,PRESENT,MISSING,0.0,0.0,MISSING_TRADE
BTCUSD_BASE_989,2024-07-31 12:00:00,BTCUSD,SHORT,ENTIRE_TRADE,PRESENT,MISSING,0.0,0.0,MISSING_TRADE
GBPUSD_BASE_990,2024-08-01 07:00:00,GBPUSD,SHORT,ENTIRE_TRADE,PRESENT,MISSING,0.0,0.0,MISSING_TRADE
USDJPY_BASE_991,2024-08-01 12:00:00,USDJPY,LONG,ENTIRE_TRADE,PRESENT,MISSING,0.0,0.0,MISSING_TRADE
US500_BASE_993,2024-08-06 14:00:00,US500,SHORT,ENTIRE_TRADE,PRESENT,MISSING,0.0,0.0,MISSING_TRADE
GBPUSD_BASE_992,2024-08-06 00:00:00,GBPUSD,LONG,ENTIRE_TRADE,PRESENT,MISSING,0.0,0.0,MISSING_TRADE
US500_BASE_994,2024-08-07 08:00:00,US500,LONG,ENTIRE_TRADE,PRESENT,MISSING,0.0,0.0,MISSING_TRADE
USDJPY_BASE_995,2024-08-08 12:00:00,USDJPY,LONG,ENTIRE_TRADE,PRESENT,MISSING,0.0,0.0,MISSING_TRADE
BTCUSD_BASE_996,2024-08-10 20:00:00,BTCUSD,LONG,ENTIRE_TRADE,PRESENT,MISSING,0.0,0.0,MISSING_TRADE
BTCUSD_BASE_997,2024-08-11 19:00:00,BTCUSD,SHORT,ENTIRE_TRADE,PRESENT,MISSING,0.0,0.0,MISSING_TRADE
GBPUSD_BASE_998,2024-08-13 23:00:00,GBPUSD,SHORT,ENTIRE_TRADE,PRESENT,MISSING,0.0,0.0,MISSING_TRADE
USDJPY_BASE_999,2024-08-14 15:00:00,USDJPY,LONG,ENTIRE_TRADE,PRESENT,MISSING,0.0,0.0,MISSING_TRADE
USDJPY_PYR_1000,2024-08-16 02:00:00,USDJPY,LONG,ENTIRE_TRADE,PRESENT,MISSING,0.0,0.0,MISSING_TRADE
USDJPY_BASE_1002,2024-08-19 20:00:00,USDJPY,SHORT,ENTIRE_TRADE,PRESENT,MISSING,0.0,0.0,MISSING_TRADE
BTCUSD_BASE_1001,2024-08-19 15:00:00,BTCUSD,SHORT,ENTIRE_TRADE,PRESENT,MISSING,0.0,0.0,MISSING_TRADE
US500_BASE_1003,2024-08-20 08:00:00,US500,LONG,ENTIRE_TRADE,PRESENT,MISSING,0.0,0.0,MISSING_TRADE
BTCUSD_BASE_1004,2024-08-20 16:00:00,BTCUSD,LONG,ENTIRE_TRADE,PRESENT,MISSING,0.0,0.0,MISSING_TRADE
USDJPY_BASE_1005,2024-08-23 19:00:00,USDJPY,LONG,ENTIRE_TRADE,PRESENT,MISSING,0.0,0.0,MISSING_TRADE
USDJPY_BASE_1006,2024-08-29 05:00:00,USDJPY,SHORT,ENTIRE_TRADE,PRESENT,MISSING,0.0,0.0,MISSING_TRADE
BTCUSD_BASE_1007,2024-08-31 15:00:00,BTCUSD,LONG,ENTIRE_TRADE,PRESENT,MISSING,0.0,0.0,MISSING_TRADE
GBPUSD_BASE_1008,2024-09-01 22:00:00,GBPUSD,LONG,ENTIRE_TRADE,PRESENT,MISSING,0.0,0.0,MISSING_TRADE
GBPUSD_BASE_1009,2024-09-02 18:00:00,GBPUSD,SHORT,ENTIRE_TRADE,PRESENT,MISSING,0.0,0.0,MISSING_TRADE
BTCUSD_BASE_1010,2024-09-03 08:00:00,BTCUSD,LONG,ENTIRE_TRADE,PRESENT,MISSING,0.0,0.0,MISSING_TRADE
GBPUSD_BASE_1011,2024-09-04 00:00:00,GBPUSD,LONG,ENTIRE_TRADE,PRESENT,MISSING,0.0,0.0,MISSING_TRADE
USDJPY_BASE_1012,2024-09-04 12:00:00,USDJPY,SHORT,ENTIRE_TRADE,PRESENT,MISSING,0.0,0.0,MISSING_TRADE
BTCUSD_BASE_1013,2024-09-05 15:00:00,BTCUSD,SHORT,ENTIRE_TRADE,PRESENT,MISSING,0.0,0.0,MISSING_TRADE
BTCUSD_BASE_1014,2024-09-08 03:00:00,BTCUSD,LONG,ENTIRE_TRADE,PRESENT,MISSING,0.0,0.0,MISSING_TRADE
GBPUSD_BASE_1015,2024-09-09 05:00:00,GBPUSD,LONG,ENTIRE_TRADE,PRESENT,MISSING,0.0,0.0,MISSING_TRADE
GBPUSD_BASE_1016,2024-09-11 08:00:00,GBPUSD,LONG,ENTIRE_TRADE,PRESENT,MISSING,0.0,0.0,MISSING_TRADE
GBPUSD_PYR_1017,2024-09-11 14:00:00,GBPUSD,LONG,ENTIRE_TRADE,PRESENT,MISSING,0.0,0.0,MISSING_TRADE
BTCUSD_BASE_1018,2024-09-14 18:00:00,BTCUSD,SHORT,ENTIRE_TRADE,PRESENT,MISSING,0.0,0.0,MISSING_TRADE
BTCUSD_BASE_1019,2024-09-17 10:00:00,BTCUSD,LONG,ENTIRE_TRADE,PRESENT,MISSING,0.0,0.0,MISSING_TRADE
US500_BASE_1020,2024-09-17 13:00:00,US500,SHORT,ENTIRE_TRADE,PRESENT,MISSING,0.0,0.0,MISSING_TRADE
BTCUSD_BASE_1021,2024-09-21 08:00:00,BTCUSD,LONG,ENTIRE_TRADE,PRESENT,MISSING,0.0,0.0,MISSING_TRADE
BTCUSD_BASE_1022,2024-09-24 20:00:00,BTCUSD,LONG,ENTIRE_TRADE,PRESENT,MISSING,0.0,0.0,MISSING_TRADE
BTCUSD_BASE_1024,2024-09-26 09:00:00,BTCUSD,SHORT,ENTIRE_TRADE,PRESENT,MISSING,0.0,0.0,MISSING_TRADE
USDJPY_BASE_1023,2024-09-26 00:00:00,USDJPY,LONG,ENTIRE_TRADE,PRESENT,MISSING,0.0,0.0,MISSING_TRADE
BTCUSD_BASE_1025,2024-09-28 20:00:00,BTCUSD,LONG,ENTIRE_TRADE,PRESENT,MISSING,0.0,0.0,MISSING_TRADE
USDJPY_BASE_1026,2024-09-30 09:00:00,USDJPY,SHORT,ENTIRE_TRADE,PRESENT,MISSING,0.0,0.0,MISSING_TRADE
BTCUSD_BASE_1027,2024-09-30 09:00:00,BTCUSD,SHORT,ENTIRE_TRADE,PRESENT,MISSING,0.0,0.0,MISSING_TRADE
US500_BASE_1028,2024-10-02 18:00:00,US500,LONG,ENTIRE_TRADE,PRESENT,MISSING,0.0,0.0,MISSING_TRADE
US500_BASE_1029,2024-10-04 08:00:00,US500,SHORT,ENTIRE_TRADE,PRESENT,MISSING,0.0,0.0,MISSING_TRADE
BTCUSD_BASE_1030,2024-10-05 05:00:00,BTCUSD,SHORT,ENTIRE_TRADE,PRESENT,MISSING,0.0,0.0,MISSING_TRADE
BTCUSD_BASE_1031,2024-10-06 03:00:00,BTCUSD,LONG,ENTIRE_TRADE,PRESENT,MISSING,0.0,0.0,MISSING_TRADE
BTCUSD_PYR_1032,2024-10-06 14:00:00,BTCUSD,LONG,ENTIRE_TRADE,PRESENT,MISSING,0.0,0.0,MISSING_TRADE
GBPUSD_BASE_1033,2024-10-10 18:00:00,GBPUSD,LONG,ENTIRE_TRADE,PRESENT,MISSING,0.0,0.0,MISSING_TRADE
US500_BASE_1034,2024-10-11 21:00:00,US500,SHORT,ENTIRE_TRADE,PRESENT,MISSING,0.0,0.0,MISSING_TRADE
GBPUSD_BASE_1036,2024-10-14 19:00:00,GBPUSD,LONG,ENTIRE_TRADE,PRESENT,MISSING,0.0,0.0,MISSING_TRADE
BTCUSD_BASE_1035,2024-10-13 10:00:00,BTCUSD,LONG,ENTIRE_TRADE,PRESENT,MISSING,0.0,0.0,MISSING_TRADE
BTCUSD_BASE_1037,2024-10-15 10:00:00,BTCUSD,SHORT,ENTIRE_TRADE,PRESENT,MISSING,0.0,0.0,MISSING_TRADE
GBPUSD_BASE_1038,2024-10-15 20:00:00,GBPUSD,SHORT,ENTIRE_TRADE,PRESENT,MISSING,0.0,0.0,MISSING_TRADE
USDJPY_BASE_1039,2024-10-16 10:00:00,USDJPY,SHORT,ENTIRE_TRADE,PRESENT,MISSING,0.0,0.0,MISSING_TRADE
BTCUSD_BASE_1041,2024-10-17 09:00:00,BTCUSD,LONG,ENTIRE_TRADE,PRESENT,MISSING,0.0,0.0,MISSING_TRADE
GBPUSD_BASE_1040,2024-10-16 15:00:00,GBPUSD,LONG,ENTIRE_TRADE,PRESENT,MISSING,0.0,0.0,MISSING_TRADE
BTCUSD_BASE_1043,2024-10-21 06:00:00,BTCUSD,LONG,ENTIRE_TRADE,PRESENT,MISSING,0.0,0.0,MISSING_TRADE
BTCUSD_BASE_1044,2024-10-24 05:00:00,BTCUSD,LONG,ENTIRE_TRADE,PRESENT,MISSING,0.0,0.0,MISSING_TRADE
GBPUSD_BASE_1042,2024-10-20 23:00:00,GBPUSD,SHORT,ENTIRE_TRADE,PRESENT,MISSING,0.0,0.0,MISSING_TRADE
BTCUSD_BASE_1045,2024-10-25 07:00:00,BTCUSD,SHORT,ENTIRE_TRADE,PRESENT,MISSING,0.0,0.0,MISSING_TRADE
GBPUSD_BASE_1046,2024-10-25 20:00:00,GBPUSD,LONG,ENTIRE_TRADE,PRESENT,MISSING,0.0,0.0,MISSING_TRADE
BTCUSD_BASE_1047,2024-10-26 11:00:00,BTCUSD,LONG,ENTIRE_TRADE,PRESENT,MISSING,0.0,0.0,MISSING_TRADE
GBPUSD_BASE_1048,2024-10-30 18:00:00,GBPUSD,SHORT,ENTIRE_TRADE,PRESENT,MISSING,0.0,0.0,MISSING_TRADE
BTCUSD_BASE_1049,2024-11-01 09:00:00,BTCUSD,SHORT,ENTIRE_TRADE,PRESENT,MISSING,0.0,0.0,MISSING_TRADE
BTCUSD_PYR_1050,2024-11-02 19:00:00,BTCUSD,SHORT,ENTIRE_TRADE,PRESENT,MISSING,0.0,0.0,MISSING_TRADE
GBPUSD_BASE_1051,2024-11-04 19:00:00,GBPUSD,SHORT,ENTIRE_TRADE,PRESENT,MISSING,0.0,0.0,MISSING_TRADE
BTCUSD_BASE_1052,2024-11-06 02:00:00,BTCUSD,LONG,ENTIRE_TRADE,PRESENT,MISSING,0.0,0.0,MISSING_TRADE
BTCUSD_BASE_1054,2024-11-08 09:00:00,BTCUSD,SHORT,ENTIRE_TRADE,PRESENT,MISSING,0.0,0.0,MISSING_TRADE
GBPUSD_BASE_1053,2024-11-07 03:00:00,GBPUSD,LONG,ENTIRE_TRADE,PRESENT,MISSING,0.0,0.0,MISSING_TRADE
US500_BASE_1055,2024-11-08 19:00:00,US500,SHORT,ENTIRE_TRADE,PRESENT,MISSING,0.0,0.0,MISSING_TRADE
BTCUSD_BASE_1057,2024-11-12 21:00:00,BTCUSD,SHORT,ENTIRE_TRADE,PRESENT,MISSING,0.0,0.0,MISSING_TRADE
USDJPY_BASE_1056,2024-11-12 16:00:00,USDJPY,SHORT,ENTIRE_TRADE,PRESENT,MISSING,0.0,0.0,MISSING_TRADE
BTCUSD_BASE_1059,2024-11-13 12:00:00,BTCUSD,LONG,ENTIRE_TRADE,PRESENT,MISSING,0.0,0.0,MISSING_TRADE
GBPUSD_BASE_1058,2024-11-13 06:00:00,GBPUSD,LONG,ENTIRE_TRADE,PRESENT,MISSING,0.0,0.0,MISSING_TRADE
BTCUSD_BASE_1060,2024-11-14 23:00:00,BTCUSD,SHORT,ENTIRE_TRADE,PRESENT,MISSING,0.0,0.0,MISSING_TRADE
US500_BASE_1061,2024-11-15 08:00:00,US500,LONG,ENTIRE_TRADE,PRESENT,MISSING,0.0,0.0,MISSING_TRADE
BTCUSD_BASE_1063,2024-11-16 03:00:00,BTCUSD,LONG,ENTIRE_TRADE,PRESENT,MISSING,0.0,0.0,MISSING_TRADE
BTCUSD_BASE_1064,2024-11-18 03:00:00,BTCUSD,LONG,ENTIRE_TRADE,PRESENT,MISSING,0.0,0.0,MISSING_TRADE
GBPUSD_BASE_1062,2024-11-15 14:00:00,GBPUSD,SHORT,ENTIRE_TRADE,PRESENT,MISSING,0.0,0.0,MISSING_TRADE
BTCUSD_BASE_1066,2024-11-19 22:00:00,BTCUSD,LONG,ENTIRE_TRADE,PRESENT,MISSING,0.0,0.0,MISSING_TRADE
BTCUSD_BASE_1067,2024-11-21 13:00:00,BTCUSD,SHORT,ENTIRE_TRADE,PRESENT,MISSING,0.0,0.0,MISSING_TRADE
BTCUSD_BASE_1068,2024-11-22 12:00:00,BTCUSD,LONG,ENTIRE_TRADE,PRESENT,MISSING,0.0,0.0,MISSING_TRADE
GBPUSD_BASE_1065,2024-11-19 18:00:00,GBPUSD,LONG,ENTIRE_TRADE,PRESENT,MISSING,0.0,0.0,MISSING_TRADE
USDJPY_BASE_1070,2024-11-25 10:00:00,USDJPY,SHORT,ENTIRE_TRADE,PRESENT,MISSING,0.0,0.0,MISSING_TRADE
BTCUSD_BASE_1069,2024-11-25 09:00:00,BTCUSD,LONG,ENTIRE_TRADE,PRESENT,MISSING,0.0,0.0,MISSING_TRADE
GBPUSD_BASE_1071,2024-11-26 06:00:00,GBPUSD,SHORT,ENTIRE_TRADE,PRESENT,MISSING,0.0,0.0,MISSING_TRADE
US500_BASE_1072,2024-11-27 10:00:00,US500,LONG,ENTIRE_TRADE,PRESENT,MISSING,0.0,0.0,MISSING_TRADE
US500_PYR_1073,2024-11-27 19:00:00,US500,LONG,ENTIRE_TRADE,PRESENT,MISSING,0.0,0.0,MISSING_TRADE
GBPUSD_BASE_1074,2024-12-03 12:00:00,GBPUSD,LONG,ENTIRE_TRADE,PRESENT,MISSING,0.0,0.0,MISSING_TRADE
USDJPY_BASE_1075,2024-12-05 12:00:00,USDJPY,SHORT,ENTIRE_TRADE,PRESENT,MISSING,0.0,0.0,MISSING_TRADE
USDJPY_PYR_1076,2024-12-06 16:00:00,USDJPY,SHORT,ENTIRE_TRADE,PRESENT,MISSING,0.0,0.0,MISSING_TRADE
USDJPY_BASE_1077,2024-12-09 13:00:00,USDJPY,LONG,ENTIRE_TRADE,PRESENT,MISSING,0.0,0.0,MISSING_TRADE
US500_BASE_1078,2024-12-11 01:00:00,US500,LONG,ENTIRE_TRADE,PRESENT,MISSING,0.0,0.0,MISSING_TRADE
US500_PYR_1079,2024-12-12 01:00:00,US500,LONG,ENTIRE_TRADE,PRESENT,MISSING,0.0,0.0,MISSING_TRADE
USDJPY_BASE_1080,2024-12-17 17:00:00,USDJPY,LONG,ENTIRE_TRADE,PRESENT,MISSING,0.0,0.0,MISSING_TRADE
BTCUSD_BASE_1081,2024-12-18 10:00:00,BTCUSD,LONG,ENTIRE_TRADE,PRESENT,MISSING,0.0,0.0,MISSING_TRADE
GBPUSD_BASE_1082,2024-12-19 07:00:00,GBPUSD,SHORT,ENTIRE_TRADE,PRESENT,MISSING,0.0,0.0,MISSING_TRADE
BTCUSD_BASE_1083,2024-12-19 08:00:00,BTCUSD,LONG,ENTIRE_TRADE,PRESENT,MISSING,0.0,0.0,MISSING_TRADE
BTCUSD_BASE_1084,2024-12-24 11:00:00,BTCUSD,LONG,ENTIRE_TRADE,PRESENT,MISSING,0.0,0.0,MISSING_TRADE
US500_BASE_1085,2024-12-24 23:00:00,US500,SHORT,ENTIRE_TRADE,PRESENT,MISSING,0.0,0.0,MISSING_TRADE
BTCUSD_BASE_1086,2024-12-25 13:00:00,BTCUSD,LONG,ENTIRE_TRADE,PRESENT,MISSING,0.0,0.0,MISSING_TRADE
BTCUSD_BASE_1088,2024-12-26 22:00:00,BTCUSD,LONG,ENTIRE_TRADE,PRESENT,MISSING,0.0,0.0,MISSING_TRADE
USDJPY_BASE_1087,2024-12-26 06:00:00,USDJPY,LONG,ENTIRE_TRADE,PRESENT,MISSING,0.0,0.0,MISSING_TRADE
GBPUSD_BASE_1089,2024-12-27 13:00:00,GBPUSD,LONG,ENTIRE_TRADE,PRESENT,MISSING,0.0,0.0,MISSING_TRADE
BTCUSD_BASE_1090,2024-12-31 06:00:00,BTCUSD,SHORT,ENTIRE_TRADE,PRESENT,MISSING,0.0,0.0,MISSING_TRADE
GBPUSD_BASE_1091,2024-12-31 19:00:00,GBPUSD,SHORT,ENTIRE_TRADE,PRESENT,MISSING,0.0,0.0,MISSING_TRADE
BTCUSD_BASE_1092,2025-01-05 05:00:00,BTCUSD,LONG,ENTIRE_TRADE,PRESENT,MISSING,0.0,0.0,MISSING_TRADE
BTCUSD_BASE_1094,2025-01-11 11:00:00,BTCUSD,SHORT,ENTIRE_TRADE,PRESENT,MISSING,0.0,0.0,MISSING_TRADE
GBPUSD_BASE_1093,2025-01-09 08:00:00,GBPUSD,LONG,ENTIRE_TRADE,PRESENT,MISSING,0.0,0.0,MISSING_TRADE
GBPUSD_PYR_1095,2025-01-13 06:00:00,GBPUSD,LONG,ENTIRE_TRADE,PRESENT,MISSING,0.0,0.0,MISSING_TRADE
USDJPY_BASE_1096,2025-01-14 04:00:00,USDJPY,LONG,ENTIRE_TRADE,PRESENT,MISSING,0.0,0.0,MISSING_TRADE
USDJPY_PYR_1097,2025-01-14 12:00:00,USDJPY,LONG,ENTIRE_TRADE,PRESENT,MISSING,0.0,0.0,MISSING_TRADE
BTCUSD_BASE_1098,2025-01-19 03:00:00,BTCUSD,LONG,ENTIRE_TRADE,PRESENT,MISSING,0.0,0.0,MISSING_TRADE
US500_BASE_1099,2025-01-20 17:00:00,US500,SHORT,ENTIRE_TRADE,PRESENT,MISSING,0.0,0.0,MISSING_TRADE
US500_BASE_1100,2025-01-21 20:00:00,US500,LONG,ENTIRE_TRADE,PRESENT,MISSING,0.0,0.0,MISSING_TRADE
BTCUSD_BASE_1101,2025-01-25 06:00:00,BTCUSD,SHORT,ENTIRE_TRADE,PRESENT,MISSING,0.0,0.0,MISSING_TRADE
GBPUSD_BASE_1102,2025-01-27 12:00:00,GBPUSD,LONG,ENTIRE_TRADE,PRESENT,MISSING,0.0,0.0,MISSING_TRADE
BTCUSD_BASE_1103,2025-01-28 15:00:00,BTCUSD,LONG,ENTIRE_TRADE,PRESENT,MISSING,0.0,0.0,MISSING_TRADE
BTCUSD_BASE_1105,2025-02-01 04:00:00,BTCUSD,SHORT,ENTIRE_TRADE,PRESENT,MISSING,0.0,0.0,MISSING_TRADE
GBPUSD_BASE_1104,2025-01-30 09:00:00,GBPUSD,LONG,ENTIRE_TRADE,PRESENT,MISSING,0.0,0.0,MISSING_TRADE
USDJPY_BASE_1106,2025-02-04 08:00:00,USDJPY,LONG,ENTIRE_TRADE,PRESENT,MISSING,0.0,0.0,MISSING_TRADE
GBPUSD_BASE_1108,2025-02-05 19:00:00,GBPUSD,SHORT,ENTIRE_TRADE,PRESENT,MISSING,0.0,0.0,MISSING_TRADE
USDJPY_BASE_1109,2025-02-06 15:00:00,USDJPY,SHORT,ENTIRE_TRADE,PRESENT,MISSING,0.0,0.0,MISSING_TRADE
BTCUSD_BASE_1107,2025-02-05 19:00:00,BTCUSD,SHORT,ENTIRE_TRADE,PRESENT,MISSING,0.0,0.0,MISSING_TRADE
BTCUSD_PYR_1110,2025-02-08 05:00:00,BTCUSD,SHORT,ENTIRE_TRADE,PRESENT,MISSING,0.0,0.0,MISSING_TRADE
BTCUSD_BASE_1111,2025-02-09 08:00:00,BTCUSD,LONG,ENTIRE_TRADE,PRESENT,MISSING,0.0,0.0,MISSING_TRADE
GBPUSD_BASE_1112,2025-02-12 03:00:00,GBPUSD,LONG,ENTIRE_TRADE,PRESENT,MISSING,0.0,0.0,MISSING_TRADE
BTCUSD_BASE_1113,2025-02-12 10:00:00,BTCUSD,SHORT,ENTIRE_TRADE,PRESENT,MISSING,0.0,0.0,MISSING_TRADE
BTCUSD_PYR_1114,2025-02-14 15:00:00,BTCUSD,SHORT,ENTIRE_TRADE,PRESENT,MISSING,0.0,0.0,MISSING_TRADE
BTCUSD_BASE_1116,2025-02-16 10:00:00,BTCUSD,LONG,ENTIRE_TRADE,PRESENT,MISSING,0.0,0.0,MISSING_TRADE
BTCUSD_BASE_1117,2025-02-18 11:00:00,BTCUSD,SHORT,ENTIRE_TRADE,PRESENT,MISSING,0.0,0.0,MISSING_TRADE
US500_BASE_1115,2025-02-14 16:00:00,US500,SHORT,ENTIRE_TRADE,PRESENT,MISSING,0.0,0.0,MISSING_TRADE
US500_PYR_1118,2025-02-20 09:00:00,US500,SHORT,ENTIRE_TRADE,PRESENT,MISSING,0.0,0.0,MISSING_TRADE
GBPUSD_BASE_1119,2025-02-25 02:00:00,GBPUSD,SHORT,ENTIRE_TRADE,PRESENT,MISSING,0.0,0.0,MISSING_TRADE
GBPUSD_PYR_1120,2025-02-26 11:00:00,GBPUSD,SHORT,ENTIRE_TRADE,PRESENT,MISSING,0.0,0.0,MISSING_TRADE
BTCUSD_BASE_1122,2025-02-27 12:00:00,BTCUSD,SHORT,ENTIRE_TRADE,PRESENT,MISSING,0.0,0.0,MISSING_TRADE
USDJPY_BASE_1121,2025-02-27 08:00:00,USDJPY,SHORT,ENTIRE_TRADE,PRESENT,MISSING,0.0,0.0,MISSING_TRADE
BTCUSD_BASE_1123,2025-03-03 11:00:00,BTCUSD,LONG,ENTIRE_TRADE,PRESENT,MISSING,0.0,0.0,MISSING_TRADE
BTCUSD_BASE_1124,2025-03-06 05:00:00,BTCUSD,SHORT,ENTIRE_TRADE,PRESENT,MISSING,0.0,0.0,MISSING_TRADE
BTCUSD_BASE_1126,2025-03-07 13:00:00,BTCUSD,LONG,ENTIRE_TRADE,PRESENT,MISSING,0.0,0.0,MISSING_TRADE
USDJPY_BASE_1125,2025-03-07 12:00:00,USDJPY,SHORT,ENTIRE_TRADE,PRESENT,MISSING,0.0,0.0,MISSING_TRADE
USDJPY_PYR_1127,2025-03-10 15:00:00,USDJPY,SHORT,ENTIRE_TRADE,PRESENT,MISSING,0.0,0.0,MISSING_TRADE
USDJPY_BASE_1128,2025-03-14 11:00:00,USDJPY,LONG,ENTIRE_TRADE,PRESENT,MISSING,0.0,0.0,MISSING_TRADE
BTCUSD_BASE_1129,2025-03-15 14:00:00,BTCUSD,LONG,ENTIRE_TRADE,PRESENT,MISSING,0.0,0.0,MISSING_TRADE
GBPUSD_BASE_1130,2025-03-17 03:00:00,GBPUSD,LONG,ENTIRE_TRADE,PRESENT,MISSING,0.0,0.0,MISSING_TRADE
BTCUSD_BASE_1131,2025-03-18 08:00:00,BTCUSD,SHORT,ENTIRE_TRADE,PRESENT,MISSING,0.0,0.0,MISSING_TRADE
US500_BASE_1132,2025-03-18 16:00:00,US500,LONG,ENTIRE_TRADE,PRESENT,MISSING,0.0,0.0,MISSING_TRADE
GBPUSD_BASE_1133,2025-03-20 12:00:00,GBPUSD,SHORT,ENTIRE_TRADE,PRESENT,MISSING,0.0,0.0,MISSING_TRADE
GBPUSD_PYR_1134,2025-03-21 05:00:00,GBPUSD,SHORT,ENTIRE_TRADE,PRESENT,MISSING,0.0,0.0,MISSING_TRADE
BTCUSD_BASE_1135,2025-03-26 01:00:00,BTCUSD,LONG,ENTIRE_TRADE,PRESENT,MISSING,0.0,0.0,MISSING_TRADE
BTCUSD_BASE_1136,2025-03-27 22:00:00,BTCUSD,SHORT,ENTIRE_TRADE,PRESENT,MISSING,0.0,0.0,MISSING_TRADE
BTCUSD_PYR_1137,2025-03-28 15:00:00,BTCUSD,SHORT,ENTIRE_TRADE,PRESENT,MISSING,0.0,0.0,MISSING_TRADE
BTCUSD_BASE_1138,2025-03-29 17:00:00,BTCUSD,LONG,ENTIRE_TRADE,PRESENT,MISSING,0.0,0.0,MISSING_TRADE
USDJPY_BASE_1140,2025-04-01 00:00:00,USDJPY,LONG,ENTIRE_TRADE,PRESENT,MISSING,0.0,0.0,MISSING_TRADE
BTCUSD_BASE_1139,2025-03-31 12:00:00,BTCUSD,SHORT,ENTIRE_TRADE,PRESENT,MISSING,0.0,0.0,MISSING_TRADE
BTCUSD_PYR_1141,2025-04-02 00:00:00,BTCUSD,SHORT,ENTIRE_TRADE,PRESENT,MISSING,0.0,0.0,MISSING_TRADE
BTCUSD_BASE_1143,2025-04-05 13:00:00,BTCUSD,LONG,ENTIRE_TRADE,PRESENT,MISSING,0.0,0.0,MISSING_TRADE
US500_BASE_1142,2025-04-04 17:00:00,US500,SHORT,ENTIRE_TRADE,PRESENT,MISSING,0.0,0.0,MISSING_TRADE
USDJPY_BASE_1144,2025-04-08 20:00:00,USDJPY,SHORT,ENTIRE_TRADE,PRESENT,MISSING,0.0,0.0,MISSING_TRADE
BTCUSD_BASE_1146,2025-04-10 12:00:00,BTCUSD,LONG,ENTIRE_TRADE,PRESENT,MISSING,0.0,0.0,MISSING_TRADE
US500_BASE_1145,2025-04-09 14:00:00,US500,LONG,ENTIRE_TRADE,PRESENT,MISSING,0.0,0.0,MISSING_TRADE
US500_PYR_1147,2025-04-10 22:00:00,US500,LONG,ENTIRE_TRADE,PRESENT,MISSING,0.0,0.0,MISSING_TRADE
BTCUSD_BASE_1148,2025-04-17 20:00:00,BTCUSD,LONG,ENTIRE_TRADE,PRESENT,MISSING,0.0,0.0,MISSING_TRADE
GBPUSD_BASE_1149,2025-04-21 04:00:00,GBPUSD,SHORT,ENTIRE_TRADE,PRESENT,MISSING,0.0,0.0,MISSING_TRADE
BTCUSD_BASE_1150,2025-04-23 00:00:00,BTCUSD,SHORT,ENTIRE_TRADE,PRESENT,MISSING,0.0,0.0,MISSING_TRADE
BTCUSD_PYR_1151,2025-04-23 23:00:00,BTCUSD,SHORT,ENTIRE_TRADE,PRESENT,MISSING,0.0,0.0,MISSING_TRADE
GBPUSD_BASE_1152,2025-04-24 14:00:00,GBPUSD,SHORT,ENTIRE_TRADE,PRESENT,MISSING,0.0,0.0,MISSING_TRADE
GBPUSD_PYR_1153,2025-04-25 09:00:00,GBPUSD,SHORT,ENTIRE_TRADE,PRESENT,MISSING,0.0,0.0,MISSING_TRADE
USDJPY_BASE_1154,2025-04-29 22:00:00,USDJPY,LONG,ENTIRE_TRADE,PRESENT,MISSING,0.0,0.0,MISSING_TRADE
USDJPY_PYR_1155,2025-05-01 10:00:00,USDJPY,LONG,ENTIRE_TRADE,PRESENT,MISSING,0.0,0.0,MISSING_TRADE
GBPUSD_BASE_1156,2025-05-05 15:00:00,GBPUSD,LONG,ENTIRE_TRADE,PRESENT,MISSING,0.0,0.0,MISSING_TRADE
GBPUSD_PYR_1157,2025-05-07 10:00:00,GBPUSD,LONG,ENTIRE_TRADE,PRESENT,MISSING,0.0,0.0,MISSING_TRADE
BTCUSD_BASE_1158,2025-05-09 11:00:00,BTCUSD,SHORT,ENTIRE_TRADE,PRESENT,MISSING,0.0,0.0,MISSING_TRADE
BTCUSD_BASE_1159,2025-05-11 09:00:00,BTCUSD,LONG,ENTIRE_TRADE,PRESENT,MISSING,0.0,0.0,MISSING_TRADE
BTCUSD_PYR_1160,2025-05-12 13:00:00,BTCUSD,LONG,ENTIRE_TRADE,PRESENT,MISSING,0.0,0.0,MISSING_TRADE
USDJPY_BASE_1161,2025-05-13 18:00:00,USDJPY,LONG,ENTIRE_TRADE,PRESENT,MISSING,0.0,0.0,MISSING_TRADE
USDJPY_PYR_1162,2025-05-14 12:00:00,USDJPY,LONG,ENTIRE_TRADE,PRESENT,MISSING,0.0,0.0,MISSING_TRADE
GBPUSD_BASE_1163,2025-05-20 07:00:00,GBPUSD,SHORT,ENTIRE_TRADE,PRESENT,MISSING,0.0,0.0,MISSING_TRADE
USDJPY_BASE_1164,2025-05-21 07:00:00,USDJPY,LONG,ENTIRE_TRADE,PRESENT,MISSING,0.0,0.0,MISSING_TRADE
GBPUSD_BASE_1165,2025-05-23 05:00:00,GBPUSD,LONG,ENTIRE_TRADE,PRESENT,MISSING,0.0,0.0,MISSING_TRADE
BTCUSD_BASE_1166,2025-05-24 14:00:00,BTCUSD,LONG,ENTIRE_TRADE,PRESENT,MISSING,0.0,0.0,MISSING_TRADE
BTCUSD_BASE_1167,2025-05-26 12:00:00,BTCUSD,LONG,ENTIRE_TRADE,PRESENT,MISSING,0.0,0.0,MISSING_TRADE
BTCUSD_BASE_1168,2025-05-27 06:00:00,BTCUSD,SHORT,ENTIRE_TRADE,PRESENT,MISSING,0.0,0.0,MISSING_TRADE
BTCUSD_BASE_1169,2025-05-27 16:00:00,BTCUSD,LONG,ENTIRE_TRADE,PRESENT,MISSING,0.0,0.0,MISSING_TRADE
USDJPY_BASE_1170,2025-05-29 02:00:00,USDJPY,SHORT,ENTIRE_TRADE,PRESENT,MISSING,0.0,0.0,MISSING_TRADE
USDJPY_BASE_1171,2025-05-30 12:00:00,USDJPY,LONG,ENTIRE_TRADE,PRESENT,MISSING,0.0,0.0,MISSING_TRADE
BTCUSD_BASE_1172,2025-05-31 14:00:00,BTCUSD,SHORT,ENTIRE_TRADE,PRESENT,MISSING,0.0,0.0,MISSING_TRADE
BTCUSD_PYR_1173,2025-06-01 21:00:00,BTCUSD,SHORT,ENTIRE_TRADE,PRESENT,MISSING,0.0,0.0,MISSING_TRADE
BTCUSD_BASE_1174,2025-06-07 13:00:00,BTCUSD,LONG,ENTIRE_TRADE,PRESENT,MISSING,0.0,0.0,MISSING_TRADE
USDJPY_BASE_1176,2025-06-10 15:00:00,USDJPY,SHORT,ENTIRE_TRADE,PRESENT,MISSING,0.0,0.0,MISSING_TRADE
BTCUSD_BASE_1175,2025-06-10 13:00:00,BTCUSD,SHORT,ENTIRE_TRADE,PRESENT,MISSING,0.0,0.0,MISSING_TRADE
BTCUSD_BASE_1177,2025-06-13 21:00:00,BTCUSD,LONG,ENTIRE_TRADE,PRESENT,MISSING,0.0,0.0,MISSING_TRADE
GBPUSD_BASE_1179,2025-06-16 04:00:00,GBPUSD,LONG,ENTIRE_TRADE,PRESENT,MISSING,0.0,0.0,MISSING_TRADE
BTCUSD_BASE_1178,2025-06-15 14:00:00,BTCUSD,SHORT,ENTIRE_TRADE,PRESENT,MISSING,0.0,0.0,MISSING_TRADE
BTCUSD_BASE_1181,2025-06-18 23:00:00,BTCUSD,SHORT,ENTIRE_TRADE,PRESENT,MISSING,0.0,0.0,MISSING_TRADE
GBPUSD_BASE_1180,2025-06-16 22:00:00,GBPUSD,SHORT,ENTIRE_TRADE,PRESENT,MISSING,0.0,0.0,MISSING_TRADE
BTCUSD_BASE_1182,2025-06-20 03:00:00,BTCUSD,SHORT,ENTIRE_TRADE,PRESENT,MISSING,0.0,0.0,MISSING_TRADE
BTCUSD_BASE_1183,2025-06-21 13:00:00,BTCUSD,LONG,ENTIRE_TRADE,PRESENT,MISSING,0.0,0.0,MISSING_TRADE
USDJPY_BASE_1184,2025-06-23 08:00:00,USDJPY,SHORT,ENTIRE_TRADE,PRESENT,MISSING,0.0,0.0,MISSING_TRADE
USDJPY_BASE_1185,2025-06-24 02:00:00,USDJPY,LONG,ENTIRE_TRADE,PRESENT,MISSING,0.0,0.0,MISSING_TRADE
US500_BASE_1186,2025-06-25 13:00:00,US500,SHORT,ENTIRE_TRADE,PRESENT,MISSING,0.0,0.0,MISSING_TRADE
BTCUSD_BASE_1187,2025-06-27 11:00:00,BTCUSD,LONG,ENTIRE_TRADE,PRESENT,MISSING,0.0,0.0,MISSING_TRADE
BTCUSD_BASE_1188,2025-06-29 14:00:00,BTCUSD,SHORT,ENTIRE_TRADE,PRESENT,MISSING,0.0,0.0,MISSING_TRADE
BTCUSD_PYR_1189,2025-06-30 11:00:00,BTCUSD,SHORT,ENTIRE_TRADE,PRESENT,MISSING,0.0,0.0,MISSING_TRADE
BTCUSD_BASE_1191,2025-07-02 00:00:00,BTCUSD,LONG,ENTIRE_TRADE,PRESENT,MISSING,0.0,0.0,MISSING_TRADE
USDJPY_BASE_1190,2025-07-01 18:00:00,USDJPY,SHORT,ENTIRE_TRADE,PRESENT,MISSING,0.0,0.0,MISSING_TRADE
USDJPY_PYR_1192,2025-07-03 10:00:00,USDJPY,SHORT,ENTIRE_TRADE,PRESENT,MISSING,0.0,0.0,MISSING_TRADE
BTCUSD_BASE_1193,2025-07-04 11:00:00,BTCUSD,LONG,ENTIRE_TRADE,PRESENT,MISSING,0.0,0.0,MISSING_TRADE
BTCUSD_BASE_1195,2025-07-05 12:00:00,BTCUSD,SHORT,ENTIRE_TRADE,PRESENT,MISSING,0.0,0.0,MISSING_TRADE
BTCUSD_BASE_1196,2025-07-06 06:00:00,BTCUSD,LONG,ENTIRE_TRADE,PRESENT,MISSING,0.0,0.0,MISSING_TRADE
GBPUSD_BASE_1194,2025-07-04 14:00:00,GBPUSD,LONG,ENTIRE_TRADE,PRESENT,MISSING,0.0,0.0,MISSING_TRADE
GBPUSD_PYR_1197,2025-07-08 07:00:00,GBPUSD,LONG,ENTIRE_TRADE,PRESENT,MISSING,0.0,0.0,MISSING_TRADE
BTCUSD_BASE_1199,2025-07-11 10:00:00,BTCUSD,LONG,ENTIRE_TRADE,PRESENT,MISSING,0.0,0.0,MISSING_TRADE
USDJPY_BASE_1198,2025-07-10 17:00:00,USDJPY,SHORT,ENTIRE_TRADE,PRESENT,MISSING,0.0,0.0,MISSING_TRADE
USDJPY_BASE_1200,2025-07-13 22:00:00,USDJPY,LONG,ENTIRE_TRADE,PRESENT,MISSING,0.0,0.0,MISSING_TRADE
USDJPY_PYR_1201,2025-07-14 15:00:00,USDJPY,LONG,ENTIRE_TRADE,PRESENT,MISSING,0.0,0.0,MISSING_TRADE
GBPUSD_BASE_1202,2025-07-21 17:00:00,GBPUSD,LONG,ENTIRE_TRADE,PRESENT,MISSING,0.0,0.0,MISSING_TRADE
GBPUSD_BASE_1203,2025-07-22 15:00:00,GBPUSD,SHORT,ENTIRE_TRADE,PRESENT,MISSING,0.0,0.0,MISSING_TRADE
BTCUSD_BASE_1204,2025-07-24 01:00:00,BTCUSD,LONG,ENTIRE_TRADE,PRESENT,MISSING,0.0,0.0,MISSING_TRADE
USDJPY_BASE_1205,2025-07-25 08:00:00,USDJPY,SHORT,ENTIRE_TRADE,PRESENT,MISSING,0.0,0.0,MISSING_TRADE
BTCUSD_BASE_1206,2025-07-27 10:00:00,BTCUSD,LONG,ENTIRE_TRADE,PRESENT,MISSING,0.0,0.0,MISSING_TRADE
GBPUSD_BASE_1207,2025-07-28 01:00:00,GBPUSD,LONG,ENTIRE_TRADE,PRESENT,MISSING,0.0,0.0,MISSING_TRADE
USDJPY_BASE_1208,2025-07-29 11:00:00,USDJPY,LONG,ENTIRE_TRADE,PRESENT,MISSING,0.0,0.0,MISSING_TRADE
USDJPY_PYR_1209,2025-07-29 18:00:00,USDJPY,LONG,ENTIRE_TRADE,PRESENT,MISSING,0.0,0.0,MISSING_TRADE
BTCUSD_BASE_1210,2025-08-01 14:00:00,BTCUSD,LONG,ENTIRE_TRADE,PRESENT,MISSING,0.0,0.0,MISSING_TRADE
BTCUSD_PYR_1211,2025-08-03 13:00:00,BTCUSD,LONG,ENTIRE_TRADE,PRESENT,MISSING,0.0,0.0,MISSING_TRADE
GBPUSD_BASE_1212,2025-08-07 12:00:00,GBPUSD,LONG,ENTIRE_TRADE,PRESENT,MISSING,0.0,0.0,MISSING_TRADE
BTCUSD_BASE_1213,2025-08-08 05:00:00,BTCUSD,LONG,ENTIRE_TRADE,PRESENT,MISSING,0.0,0.0,MISSING_TRADE
BTCUSD_BASE_1214,2025-08-09 21:00:00,BTCUSD,SHORT,ENTIRE_TRADE,PRESENT,MISSING,0.0,0.0,MISSING_TRADE
BTCUSD_PYR_1215,2025-08-11 09:00:00,BTCUSD,SHORT,ENTIRE_TRADE,PRESENT,MISSING,0.0,0.0,MISSING_TRADE
GBPUSD_BASE_1216,2025-08-12 18:00:00,GBPUSD,LONG,ENTIRE_TRADE,PRESENT,MISSING,0.0,0.0,MISSING_TRADE
BTCUSD_BASE_1217,2025-08-13 04:00:00,BTCUSD,LONG,ENTIRE_TRADE,PRESENT,MISSING,0.0,0.0,MISSING_TRADE
GBPUSD_BASE_1218,2025-08-13 20:00:00,GBPUSD,SHORT,ENTIRE_TRADE,PRESENT,MISSING,0.0,0.0,MISSING_TRADE
BTCUSD_BASE_1220,2025-08-16 05:00:00,BTCUSD,LONG,ENTIRE_TRADE,PRESENT,MISSING,0.0,0.0,MISSING_TRADE
GBPUSD_BASE_1219,2025-08-15 12:00:00,GBPUSD,LONG,ENTIRE_TRADE,PRESENT,MISSING,0.0,0.0,MISSING_TRADE
GBPUSD_PYR_1221,2025-08-18 13:00:00,GBPUSD,LONG,ENTIRE_TRADE,PRESENT,MISSING,0.0,0.0,MISSING_TRADE
USDJPY_BASE_1222,2025-08-19 13:00:00,USDJPY,SHORT,ENTIRE_TRADE,PRESENT,MISSING,0.0,0.0,MISSING_TRADE
USDJPY_PYR_1223,2025-08-20 11:00:00,USDJPY,SHORT,ENTIRE_TRADE,PRESENT,MISSING,0.0,0.0,MISSING_TRADE
GBPUSD_BASE_1224,2025-08-21 05:00:00,GBPUSD,SHORT,ENTIRE_TRADE,PRESENT,MISSING,0.0,0.0,MISSING_TRADE
USDJPY_BASE_1225,2025-08-21 11:00:00,USDJPY,LONG,ENTIRE_TRADE,PRESENT,MISSING,0.0,0.0,MISSING_TRADE
GBPUSD_BASE_1226,2025-08-22 21:00:00,GBPUSD,LONG,ENTIRE_TRADE,PRESENT,MISSING,0.0,0.0,MISSING_TRADE
BTCUSD_BASE_1227,2025-08-25 10:00:00,BTCUSD,LONG,ENTIRE_TRADE,PRESENT,MISSING,0.0,0.0,MISSING_TRADE
BTCUSD_BASE_1228,2025-08-26 21:00:00,BTCUSD,SHORT,ENTIRE_TRADE,PRESENT,MISSING,0.0,0.0,MISSING_TRADE
BTCUSD_BASE_1230,2025-08-28 14:00:00,BTCUSD,SHORT,ENTIRE_TRADE,PRESENT,MISSING,0.0,0.0,MISSING_TRADE
GBPUSD_BASE_1229,2025-08-26 22:00:00,GBPUSD,SHORT,ENTIRE_TRADE,PRESENT,MISSING,0.0,0.0,MISSING_TRADE
USDJPY_BASE_1231,2025-09-01 12:00:00,USDJPY,SHORT,ENTIRE_TRADE,PRESENT,MISSING,0.0,0.0,MISSING_TRADE
USDJPY_PYR_1232,2025-09-01 23:00:00,USDJPY,SHORT,ENTIRE_TRADE,PRESENT,MISSING,0.0,0.0,MISSING_TRADE
BTCUSD_BASE_1233,2025-09-02 15:00:00,BTCUSD,LONG,ENTIRE_TRADE,PRESENT,MISSING,0.0,0.0,MISSING_TRADE
US500_BASE_1235,2025-09-08 14:00:00,US500,LONG,ENTIRE_TRADE,PRESENT,MISSING,0.0,0.0,MISSING_TRADE
GBPUSD_BASE_1234,2025-09-04 16:00:00,GBPUSD,SHORT,ENTIRE_TRADE,PRESENT,MISSING,0.0,0.0,MISSING_TRADE
USDJPY_BASE_1236,2025-09-11 09:00:00,USDJPY,SHORT,ENTIRE_TRADE,PRESENT,MISSING,0.0,0.0,MISSING_TRADE
BTCUSD_BASE_1238,2025-09-13 23:00:00,BTCUSD,LONG,ENTIRE_TRADE,PRESENT,MISSING,0.0,0.0,MISSING_TRADE
USDJPY_BASE_1237,2025-09-12 14:00:00,USDJPY,LONG,ENTIRE_TRADE,PRESENT,MISSING,0.0,0.0,MISSING_TRADE
USDJPY_BASE_1239,2025-09-16 09:00:00,USDJPY,SHORT,ENTIRE_TRADE,PRESENT,MISSING,0.0,0.0,MISSING_TRADE
USDJPY_PYR_1240,2025-09-16 19:00:00,USDJPY,SHORT,ENTIRE_TRADE,PRESENT,MISSING,0.0,0.0,MISSING_TRADE
GBPUSD_BASE_1241,2025-09-18 09:00:00,GBPUSD,LONG,ENTIRE_TRADE,PRESENT,MISSING,0.0,0.0,MISSING_TRADE
GBPUSD_PYR_1242,2025-09-18 16:00:00,GBPUSD,LONG,ENTIRE_TRADE,PRESENT,MISSING,0.0,0.0,MISSING_TRADE
BTCUSD_BASE_1243,2025-09-20 22:00:00,BTCUSD,SHORT,ENTIRE_TRADE,PRESENT,MISSING,0.0,0.0,MISSING_TRADE
BTCUSD_PYR_1244,2025-09-22 13:00:00,BTCUSD,SHORT,ENTIRE_TRADE,PRESENT,MISSING,0.0,0.0,MISSING_TRADE
GBPUSD_BASE_1245,2025-09-24 07:00:00,GBPUSD,SHORT,ENTIRE_TRADE,PRESENT,MISSING,0.0,0.0,MISSING_TRADE
USDJPY_BASE_1246,2025-09-24 14:00:00,USDJPY,SHORT,ENTIRE_TRADE,PRESENT,MISSING,0.0,0.0,MISSING_TRADE
GBPUSD_BASE_1247,2025-09-25 08:00:00,GBPUSD,SHORT,ENTIRE_TRADE,PRESENT,MISSING,0.0,0.0,MISSING_TRADE
BTCUSD_BASE_1248,2025-09-26 01:00:00,BTCUSD,SHORT,ENTIRE_TRADE,PRESENT,MISSING,0.0,0.0,MISSING_TRADE
BTCUSD_PYR_1249,2025-09-26 10:00:00,BTCUSD,SHORT,ENTIRE_TRADE,PRESENT,MISSING,0.0,0.0,MISSING_TRADE
GBPUSD_BASE_1250,2025-09-30 23:00:00,GBPUSD,SHORT,ENTIRE_TRADE,PRESENT,MISSING,0.0,0.0,MISSING_TRADE
USDJPY_BASE_1251,2025-10-02 23:00:00,USDJPY,LONG,ENTIRE_TRADE,PRESENT,MISSING,0.0,0.0,MISSING_TRADE
BTCUSD_BASE_1253,2025-10-04 10:00:00,BTCUSD,SHORT,ENTIRE_TRADE,PRESENT,MISSING,0.0,0.0,MISSING_TRADE
GBPUSD_BASE_1252,2025-10-03 20:00:00,GBPUSD,SHORT,ENTIRE_TRADE,PRESENT,MISSING,0.0,0.0,MISSING_TRADE
BTCUSD_BASE_1254,2025-10-05 11:00:00,BTCUSD,LONG,ENTIRE_TRADE,PRESENT,MISSING,0.0,0.0,MISSING_TRADE
GBPUSD_BASE_1255,2025-10-07 08:00:00,GBPUSD,LONG,ENTIRE_TRADE,PRESENT,MISSING,0.0,0.0,MISSING_TRADE
USDJPY_BASE_1256,2025-10-09 08:00:00,USDJPY,SHORT,ENTIRE_TRADE,PRESENT,MISSING,0.0,0.0,MISSING_TRADE
BTCUSD_BASE_1257,2025-10-10 11:00:00,BTCUSD,SHORT,ENTIRE_TRADE,PRESENT,MISSING,0.0,0.0,MISSING_TRADE
BTCUSD_BASE_1259,2025-10-12 08:00:00,BTCUSD,LONG,ENTIRE_TRADE,PRESENT,MISSING,0.0,0.0,MISSING_TRADE
BTCUSD_BASE_1260,2025-10-14 07:00:00,BTCUSD,SHORT,ENTIRE_TRADE,PRESENT,MISSING,0.0,0.0,MISSING_TRADE
USDJPY_BASE_1261,2025-10-15 03:00:00,USDJPY,LONG,ENTIRE_TRADE,PRESENT,MISSING,0.0,0.0,MISSING_TRADE
GBPUSD_BASE_1258,2025-10-10 13:00:00,GBPUSD,SHORT,ENTIRE_TRADE,PRESENT,MISSING,0.0,0.0,MISSING_TRADE
GBPUSD_BASE_1262,2025-10-16 13:00:00,GBPUSD,LONG,ENTIRE_TRADE,PRESENT,MISSING,0.0,0.0,MISSING_TRADE
BTCUSD_BASE_1263,2025-10-16 18:00:00,BTCUSD,LONG,ENTIRE_TRADE,PRESENT,MISSING,0.0,0.0,MISSING_TRADE
BTCUSD_PYR_1264,2025-10-18 00:00:00,BTCUSD,LONG,ENTIRE_TRADE,PRESENT,MISSING,0.0,0.0,MISSING_TRADE
BTCUSD_BASE_1266,2025-10-21 08:00:00,BTCUSD,SHORT,ENTIRE_TRADE,PRESENT,MISSING,0.0,0.0,MISSING_TRADE
USDJPY_BASE_1265,2025-10-21 08:00:00,USDJPY,SHORT,ENTIRE_TRADE,PRESENT,MISSING,0.0,0.0,MISSING_TRADE
USDJPY_BASE_1267,2025-10-22 07:00:00,USDJPY,LONG,ENTIRE_TRADE,PRESENT,MISSING,0.0,0.0,MISSING_TRADE
BTCUSD_BASE_1268,2025-10-22 17:00:00,BTCUSD,LONG,ENTIRE_TRADE,PRESENT,MISSING,0.0,0.0,MISSING_TRADE
BTCUSD_BASE_1270,2025-10-26 09:00:00,BTCUSD,SHORT,ENTIRE_TRADE,PRESENT,MISSING,0.0,0.0,MISSING_TRADE
USDJPY_BASE_1269,2025-10-23 16:00:00,USDJPY,SHORT,ENTIRE_TRADE,PRESENT,MISSING,0.0,0.0,MISSING_TRADE
USDJPY_PYR_1271,2025-10-27 07:00:00,USDJPY,SHORT,ENTIRE_TRADE,PRESENT,MISSING,0.0,0.0,MISSING_TRADE
USDJPY_BASE_1272,2025-10-30 18:00:00,USDJPY,SHORT,ENTIRE_TRADE,PRESENT,MISSING,0.0,0.0,MISSING_TRADE
BTCUSD_BASE_1273,2025-10-31 10:00:00,BTCUSD,LONG,ENTIRE_TRADE,PRESENT,MISSING,0.0,0.0,MISSING_TRADE
BTCUSD_BASE_1274,2025-11-01 00:00:00,BTCUSD,SHORT,ENTIRE_TRADE,PRESENT,MISSING,0.0,0.0,MISSING_TRADE
BTCUSD_PYR_1275,2025-11-03 07:00:00,BTCUSD,SHORT,ENTIRE_TRADE,PRESENT,MISSING,0.0,0.0,MISSING_TRADE
BTCUSD_BASE_1276,2025-11-04 10:00:00,BTCUSD,LONG,ENTIRE_TRADE,PRESENT,MISSING,0.0,0.0,MISSING_TRADE
USDJPY_BASE_1277,2025-11-06 00:00:00,USDJPY,LONG,ENTIRE_TRADE,PRESENT,MISSING,0.0,0.0,MISSING_TRADE
BTCUSD_BASE_1278,2025-11-07 14:00:00,BTCUSD,SHORT,ENTIRE_TRADE,PRESENT,MISSING,0.0,0.0,MISSING_TRADE
BTCUSD_PYR_1279,2025-11-10 10:00:00,BTCUSD,SHORT,ENTIRE_TRADE,PRESENT,MISSING,0.0,0.0,MISSING_TRADE
GBPUSD_BASE_1280,2025-11-11 09:00:00,GBPUSD,LONG,ENTIRE_TRADE,PRESENT,MISSING,0.0,0.0,MISSING_TRADE
GBPUSD_BASE_1281,2025-11-11 22:00:00,GBPUSD,SHORT,ENTIRE_TRADE,PRESENT,MISSING,0.0,0.0,MISSING_TRADE
US500_BASE_1283,2025-11-12 15:00:00,US500,LONG,ENTIRE_TRADE,PRESENT,MISSING,0.0,0.0,MISSING_TRADE
BTCUSD_BASE_1282,2025-11-12 10:00:00,BTCUSD,LONG,ENTIRE_TRADE,PRESENT,MISSING,0.0,0.0,MISSING_TRADE
BTCUSD_BASE_1285,2025-11-15 08:00:00,BTCUSD,SHORT,ENTIRE_TRADE,PRESENT,MISSING,0.0,0.0,MISSING_TRADE
GBPUSD_BASE_1286,2025-11-17 10:00:00,GBPUSD,LONG,ENTIRE_TRADE,PRESENT,MISSING,0.0,0.0,MISSING_TRADE
US500_BASE_1284,2025-11-13 12:00:00,US500,SHORT,ENTIRE_TRADE,PRESENT,MISSING,0.0,0.0,MISSING_TRADE
BTCUSD_BASE_1288,2025-11-19 12:00:00,BTCUSD,SHORT,ENTIRE_TRADE,PRESENT,MISSING,0.0,0.0,MISSING_TRADE
USDJPY_BASE_1287,2025-11-18 17:00:00,USDJPY,SHORT,ENTIRE_TRADE,PRESENT,MISSING,0.0,0.0,MISSING_TRADE
USDJPY_PYR_1289,2025-11-20 15:00:00,USDJPY,SHORT,ENTIRE_TRADE,PRESENT,MISSING,0.0,0.0,MISSING_TRADE
BTCUSD_BASE_1290,2025-11-23 11:00:00,BTCUSD,SHORT,ENTIRE_TRADE,PRESENT,MISSING,0.0,0.0,MISSING_TRADE
GBPUSD_BASE_1291,2025-11-27 15:00:00,GBPUSD,LONG,ENTIRE_TRADE,PRESENT,MISSING,0.0,0.0,MISSING_TRADE
USDJPY_BASE_1293,2025-11-28 13:00:00,USDJPY,SHORT,ENTIRE_TRADE,PRESENT,MISSING,0.0,0.0,MISSING_TRADE
BTCUSD_BASE_1292,2025-11-28 05:00:00,BTCUSD,SHORT,ENTIRE_TRADE,PRESENT,MISSING,0.0,0.0,MISSING_TRADE
BTCUSD_PYR_1294,2025-11-28 17:00:00,BTCUSD,SHORT,ENTIRE_TRADE,PRESENT,MISSING,0.0,0.0,MISSING_TRADE
BTCUSD_BASE_1295,2025-11-29 21:00:00,BTCUSD,LONG,ENTIRE_TRADE,PRESENT,MISSING,0.0,0.0,MISSING_TRADE
USDJPY_BASE_1297,2025-12-01 22:00:00,USDJPY,LONG,ENTIRE_TRADE,PRESENT,MISSING,0.0,0.0,MISSING_TRADE
BTCUSD_BASE_1296,2025-12-01 15:00:00,BTCUSD,SHORT,ENTIRE_TRADE,PRESENT,MISSING,0.0,0.0,MISSING_TRADE
GBPUSD_BASE_1298,2025-12-03 07:00:00,GBPUSD,SHORT,ENTIRE_TRADE,PRESENT,MISSING,0.0,0.0,MISSING_TRADE
USDJPY_BASE_1300,2025-12-03 13:00:00,USDJPY,SHORT,ENTIRE_TRADE,PRESENT,MISSING,0.0,0.0,MISSING_TRADE
BTCUSD_BASE_1299,2025-12-03 12:00:00,BTCUSD,LONG,ENTIRE_TRADE,PRESENT,MISSING,0.0,0.0,MISSING_TRADE
GBPUSD_BASE_1301,2025-12-04 10:00:00,GBPUSD,SHORT,ENTIRE_TRADE,PRESENT,MISSING,0.0,0.0,MISSING_TRADE
GBPUSD_PYR_1302,2025-12-04 22:00:00,GBPUSD,SHORT,ENTIRE_TRADE,PRESENT,MISSING,0.0,0.0,MISSING_TRADE
USDJPY_BASE_1303,2025-12-09 04:00:00,USDJPY,LONG,ENTIRE_TRADE,PRESENT,MISSING,0.0,0.0,MISSING_TRADE
USDJPY_BASE_1304,2025-12-09 17:00:00,USDJPY,SHORT,ENTIRE_TRADE,PRESENT,MISSING,0.0,0.0,MISSING_TRADE
BTCUSD_BASE_1306,2025-12-10 21:00:00,BTCUSD,LONG,ENTIRE_TRADE,PRESENT,MISSING,0.0,0.0,MISSING_TRADE
USDJPY_BASE_1305,2025-12-10 16:00:00,USDJPY,LONG,ENTIRE_TRADE,PRESENT,MISSING,0.0,0.0,MISSING_TRADE
BTCUSD_BASE_1308,2025-12-13 08:00:00,BTCUSD,SHORT,ENTIRE_TRADE,PRESENT,MISSING,0.0,0.0,MISSING_TRADE
GBPUSD_BASE_1307,2025-12-12 18:00:00,GBPUSD,SHORT,ENTIRE_TRADE,PRESENT,MISSING,0.0,0.0,MISSING_TRADE
GBPUSD_PYR_1309,2025-12-15 10:00:00,GBPUSD,SHORT,ENTIRE_TRADE,PRESENT,MISSING,0.0,0.0,MISSING_TRADE
BTCUSD_BASE_1311,2025-12-16 17:00:00,BTCUSD,LONG,ENTIRE_TRADE,PRESENT,MISSING,0.0,0.0,MISSING_TRADE
USDJPY_BASE_1312,2025-12-19 16:00:00,USDJPY,LONG,ENTIRE_TRADE,PRESENT,MISSING,0.0,0.0,MISSING_TRADE
GBPUSD_BASE_1310,2025-12-16 17:00:00,GBPUSD,LONG,ENTIRE_TRADE,PRESENT,MISSING,0.0,0.0,MISSING_TRADE
USDJPY_BASE_1313,2025-12-22 19:00:00,USDJPY,SHORT,ENTIRE_TRADE,PRESENT,MISSING,0.0,0.0,MISSING_TRADE
USDJPY_PYR_1314,2025-12-24 14:00:00,USDJPY,SHORT,ENTIRE_TRADE,PRESENT,MISSING,0.0,0.0,MISSING_TRADE
BTCUSD_BASE_1316,2025-12-25 19:00:00,BTCUSD,LONG,ENTIRE_TRADE,PRESENT,MISSING,0.0,0.0,MISSING_TRADE
US500_BASE_1315,2025-12-25 19:00:00,US500,SHORT,ENTIRE_TRADE,PRESENT,MISSING,0.0,0.0,MISSING_TRADE
BTCUSD_BASE_1317,2025-12-28 14:00:00,BTCUSD,LONG,ENTIRE_TRADE,PRESENT,MISSING,0.0,0.0,MISSING_TRADE
BTCUSD_PYR_1318,2025-12-29 13:00:00,BTCUSD,LONG,ENTIRE_TRADE,PRESENT,MISSING,0.0,0.0,MISSING_TRADE
BTCUSD_BASE_1319,2025-12-30 15:00:00,BTCUSD,SHORT,ENTIRE_TRADE,PRESENT,MISSING,0.0,0.0,MISSING_TRADE
