trade_id,symbol,direction,entry_time_utc,entry_time_thai,thai_hour,time_bucket,is_user_online,schedule_status,entry_price,initial_sl,exit_time,exit_price,exit_reason,outcome,hypothetical_net_pnl_thb,mae_price,mfe_price,mae_pct,mfe_pct
XAUUSD_BASE_2,XAUUSD,SHORT,2020-01-02 14:00:00,2020-01-02 21:00:00,21,17:00–22:00 (Evening/NY Overlap),True,ONLINE_CAPTURED,1515.84,1531.4775,2020-01-06 11:00:00,1515.83,THESIS_EXIT,LOSS,-12.5,0.01,4.69125,0.001,0.309
BTCUSD_BASE_1,BTCUSD,LONG,2020-01-02 07:00:00,2020-01-02 14:00:00,14,09:00–16:00 (Day/London Open),True,ONLINE_CAPTURED,7774.1,7003.67475,2020-01-06 16:00:00,9188.82,THESIS_EXIT,WIN,482.65,308.1701,1414.72,3.964,18.198
BTCUSD_BASE_3,BTCUSD,SHORT,2020-01-07 10:00:00,2020-01-07 17:00:00,17,17:00–22:00 (Evening/NY Overlap),True,ONLINE_CAPTURED,9375.1,10136.03375,2020-01-07 14:00:00,10136.03375,STOP_LOSS_TOUCH,LOSS,-278.83,760.93375,228.28013,8.117,2.435
XAUUSD_BASE_4,XAUUSD,LONG,2020-01-07 14:00:00,2020-01-07 21:00:00,21,17:00–22:00 (Evening/NY Overlap),True,ONLINE_CAPTURED,1524.73,1512.968,2020-01-07 19:00:00,1516.44,THESIS_EXIT,LOSS,-15.4,8.29,3.5286,0.544,0.231
USDJPY_BASE_5,USDJPY,SHORT,2020-01-08 05:00:00,2020-01-08 12:00:00,12,09:00–16:00 (Day/London Open),True,ONLINE_CAPTURED,109.66,110.63475,2020-01-08 12:00:00,110.24,THESIS_EXIT,LOSS,-25.55,0.58,0.29243,0.529,0.267
XAUUSD_BASE_6,XAUUSD,SHORT,2020-01-08 07:00:00,2020-01-08 14:00:00,14,09:00–16:00 (Day/London Open),True,ONLINE_CAPTURED,1517.99,1527.05225,2020-01-08 14:00:00,1527.05225,STOP_LOSS_TOUCH,LOSS,-15.67,9.06225,2.71867,0.597,0.179
XAUUSD_BASE_8,XAUUSD,LONG,2020-01-13 14:00:00,2020-01-13 21:00:00,21,17:00–22:00 (Evening/NY Overlap),True,ONLINE_CAPTURED,1552.93,1543.05275,2020-01-14 00:00:00,1545.47,THESIS_EXIT,LOSS,-15.11,7.46,2.96318,0.48,0.191
BTCUSD_BASE_7,BTCUSD,LONG,2020-01-12 09:00:00,2020-01-12 16:00:00,16,16:00–17:00 (Dinner Break),False,OFFLINE_MISSED,9261.58,8358.281,2020-01-14 08:00:00,9739.91,THESIS_EXIT,WIN,154.92,361.3196,478.33,3.901,5.165
USDJPY_BASE_9,USDJPY,SHORT,2020-01-14 02:00:00,2020-01-14 09:00:00,9,09:00–16:00 (Day/London Open),True,ONLINE_CAPTURED,109.31,110.39325,2020-01-14 12:00:00,110.22,THESIS_EXIT,LOSS,-32.97,0.91,0.32498,0.832,0.297
US500_BASE_10,US500,LONG,2020-01-14 10:00:00,2020-01-14 17:00:00,17,17:00–22:00 (Evening/NY Overlap),True,ONLINE_CAPTURED,3126.06,3085.5345,2020-01-14 12:00:00,3104.43,THESIS_EXIT,LOSS,-20.07,21.63,12.15765,0.692,0.389
GBPUSD_BASE_11,GBPUSD,SHORT,2020-01-14 15:00:00,2020-01-14 22:00:00,22,22:00–24:00 (Late Night NY Close),False,OFFLINE_MISSED,1.2837,1.2937,2020-01-14 23:00:00,1.29105,THESIS_EXIT,LOSS,-269.75,0.00735,0.003,0.573,0.234
XAUUSD_BASE_13,XAUUSD,SHORT,2020-01-15 11:00:00,2020-01-15 18:00:00,18,17:00–22:00 (Evening/NY Overlap),True,ONLINE_CAPTURED,1533.86,1547.0315,2020-01-15 14:00:00,1542.1,THESIS_EXIT,LOSS,-15.38,8.24,3.95145,0.537,0.258
USDJPY_BASE_14,USDJPY,LONG,2020-01-15 14:00:00,2020-01-15 21:00:00,21,17:00–22:00 (Evening/NY Overlap),True,ONLINE_CAPTURED,110.19,109.102,2020-01-16 05:00:00,109.67,THESIS_EXIT,LOSS,-24.2,0.52,0.3264,0.472,0.296
US500_BASE_15,US500,SHORT,2020-01-16 08:00:00,2020-01-16 15:00:00,15,09:00–16:00 (Day/London Open),True,ONLINE_CAPTURED,3022.23,3065.65575,2020-01-16 11:00:00,3047.61,THESIS_EXIT,LOSS,-21.38,25.38,13.02772,0.84,0.431
BTCUSD_BASE_12,BTCUSD,SHORT,2020-01-15 03:00:00,2020-01-15 10:00:00,10,09:00–16:00 (Day/London Open),True,ONLINE_CAPTURED,9626.06,10458.731,2020-01-16 17:00:00,9274.9,THESIS_EXIT,WIN,110.41,333.0684,351.16,3.46,3.648
USDJPY_BASE_16,USDJPY,SHORT,2020-01-16 13:00:00,2020-01-16 20:00:00,20,17:00–22:00 (Evening/NY Overlap),True,ONLINE_CAPTURED,109.97,111.03775,2020-01-17 06:00:00,110.39,THESIS_EXIT,LOSS,-21.95,0.42,0.32033,0.382,0.291
BTCUSD_BASE_17,BTCUSD,LONG,2020-01-17 06:00:00,2020-01-17 13:00:00,13,09:00–16:00 (Day/London Open),True,ONLINE_CAPTURED,9092.26,8176.6815,2020-01-17 08:00:00,8546.96,THESIS_EXIT,LOSS,-203.36,545.3,274.67355,5.997,3.021
BTCUSD_BASE_18,BTCUSD,SHORT,2020-01-18 10:00:00,2020-01-18 17:00:00,17,17:00–22:00 (Evening/NY Overlap),True,ONLINE_CAPTURED,8932.48,9733.506,2020-01-19 02:00:00,9088.8,THESIS_EXIT,LOSS,-67.21,156.32,240.3078,1.75,2.69
BTCUSD_BASE_19,BTCUSD,LONG,2020-01-19 10:00:00,2020-01-19 17:00:00,17,17:00–22:00 (Evening/NY Overlap),True,ONLINE_CAPTURED,8832.7,7889.0495,2020-01-20 08:00:00,8735.5,THESIS_EXIT,LOSS,-46.52,97.2,283.09515,1.1,3.205
USDJPY_BASE_21,USDJPY,LONG,2020-01-20 22:00:00,2020-01-21 05:00:00,5,00:00–09:00 (Overnight/Asia),False,OFFLINE_MISSED,110.98,110.06125,2020-01-21 10:00:00,110.63,THESIS_EXIT,LOSS,-20.38,0.35,0.27563,0.315,0.248
XAUUSD_BASE_20,XAUUSD,SHORT,2020-01-20 13:00:00,2020-01-20 20:00:00,20,17:00–22:00 (Evening/NY Overlap),True,ONLINE_CAPTURED,1534.36,1547.6005,2020-01-22 15:00:00,1531.94,THESIS_EXIT,LOSS,-11.65,2.42,3.97215,0.158,0.259
XAUUSD_BASE_23,XAUUSD,LONG,2020-01-23 18:00:00,2020-01-24 01:00:00,1,00:00–09:00 (Overnight/Asia),False,OFFLINE_MISSED,1537.28,1516.07875,2020-01-24 08:00:00,1530.56,THESIS_EXIT,LOSS,-14.85,6.72,6.36038,0.437,0.414
BTCUSD_BASE_22,BTCUSD,SHORT,2020-01-22 02:00:00,2020-01-22 09:00:00,9,09:00–16:00 (Day/London Open),True,ONLINE_CAPTURED,8676.92,9580.0215,2020-01-25 10:00:00,8607.93,THESIS_EXIT,WIN,11.65,361.2406,68.99,4.163,0.795
BTCUSD_BASE_24,BTCUSD,LONG,2020-01-26 07:00:00,2020-01-26 14:00:00,14,09:00–16:00 (Day/London Open),True,ONLINE_CAPTURED,8921.89,8161.5765,2020-01-26 12:00:00,8345.53,THESIS_EXIT,LOSS,-214.23,576.36,228.09405,6.46,2.557
USDJPY_BASE_25,USDJPY,LONG,2020-01-27 08:00:00,2020-01-27 15:00:00,15,09:00–16:00 (Day/London Open),True,ONLINE_CAPTURED,111.14,110.19975,2020-01-27 13:00:00,110.19975,STOP_LOSS_TOUCH,LOSS,-33.66,0.94025,0.28208,0.846,0.254
XAUUSD_BASE_26,XAUUSD,SHORT,2020-01-28 06:00:00,2020-01-28 13:00:00,13,09:00–16:00 (Day/London Open),True,ONLINE_CAPTURED,1519.42,1530.898,2020-01-28 12:00:00,1530.898,STOP_LOSS_TOUCH,LOSS,-16.52,11.478,3.4434,0.755,0.227
BTCUSD_BASE_28,BTCUSD,LONG,2020-01-29 07:00:00,2020-01-29 14:00:00,14,09:00–16:00 (Day/London Open),True,ONLINE_CAPTURED,8928.83,8166.0625,2020-01-29 13:00:00,8166.0625,STOP_LOSS_TOUCH,LOSS,-279.47,762.7675,228.83025,8.543,2.563
GBPUSD_BASE_27,GBPUSD,LONG,2020-01-28 22:00:00,2020-01-29 05:00:00,5,00:00–09:00 (Overnight/Asia),False,OFFLINE_MISSED,1.28692,1.27617,2020-01-30 01:00:00,1.28046,THESIS_EXIT,LOSS,-238.6,0.00646,0.00323,0.502,0.251
USDJPY_BASE_29,USDJPY,SHORT,2020-01-30 02:00:00,2020-01-30 09:00:00,9,09:00–16:00 (Day/London Open),True,ONLINE_CAPTURED,108.51,109.5145,2020-01-30 16:00:00,109.2,THESIS_EXIT,LOSS,-28.02,0.69,0.30135,0.636,0.278
XAUUSD_BASE_30,XAUUSD,LONG,2020-01-30 14:00:00,2020-01-30 21:00:00,21,17:00–22:00 (Evening/NY Overlap),True,ONLINE_CAPTURED,1541.56,1531.04275,2020-01-31 12:00:00,1535.56,THESIS_EXIT,LOSS,-14.6,6.0,3.15518,0.389,0.205
BTCUSD_BASE_32,BTCUSD,LONG,2020-02-02 12:00:00,2020-02-02 19:00:00,19,17:00–22:00 (Evening/NY Overlap),True,ONLINE_CAPTURED,8920.43,8041.926,2020-02-05 00:00:00,9992.01,THESIS_EXIT,WIN,362.55,351.4016,1071.58,3.939,12.013
XAUUSD_BASE_33,XAUUSD,SHORT,2020-02-05 10:00:00,2020-02-05 17:00:00,17,17:00–22:00 (Evening/NY Overlap),True,ONLINE_CAPTURED,1536.71,1549.03625,2020-02-05 12:00:00,1547.4,THESIS_EXIT,LOSS,-16.24,10.69,3.69788,0.696,0.241
USDJPY_BASE_31,USDJPY,LONG,2020-01-31 10:00:00,2020-01-31 17:00:00,17,17:00–22:00 (Evening/NY Overlap),True,ONLINE_CAPTURED,109.0,108.223,2020-02-05 14:00:00,110.25,THESIS_EXIT,WIN,15.62,0.3108,1.25,0.285,1.147
XAUUSD_BASE_35,XAUUSD,LONG,2020-02-06 10:00:00,2020-02-06 17:00:00,17,17:00–22:00 (Evening/NY Overlap),True,ONLINE_CAPTURED,1545.5,1535.4195,2020-02-06 11:00:00,1535.4195,STOP_LOSS_TOUCH,LOSS,-16.03,10.0805,3.02415,0.652,0.196
BTCUSD_BASE_36,BTCUSD,LONG,2020-02-06 14:00:00,2020-02-06 21:00:00,21,17:00–22:00 (Evening/NY Overlap),True,ONLINE_CAPTURED,11654.47,10512.56325,2020-02-07 13:00:00,11118.0,THESIS_EXIT,LOSS,-200.26,536.47,342.57202,4.603,2.939
GBPUSD_BASE_34,GBPUSD,SHORT,2020-02-05 14:00:00,2020-02-05 21:00:00,21,17:00–22:00 (Evening/NY Overlap),True,ONLINE_CAPTURED,1.25508,1.26583,2020-02-10 15:00:00,1.24845,THESIS_EXIT,WIN,219.55,0.0043,0.00663,0.343,0.528
USDJPY_BASE_38,USDJPY,LONG,2020-02-11 13:00:00,2020-02-11 20:00:00,20,17:00–22:00 (Evening/NY Overlap),True,ONLINE_CAPTURED,113.38,112.189,2020-02-11 17:00:00,112.42,THESIS_EXIT,LOSS,-34.1,0.96,0.3573,0.847,0.315
BTCUSD_BASE_37,BTCUSD,LONG,2020-02-09 14:00:00,2020-02-09 21:00:00,21,17:00–22:00 (Evening/NY Overlap),True,ONLINE_CAPTURED,12871.87,12052.48025,2020-02-12 04:00:00,13547.07,THESIS_EXIT,WIN,223.82,327.7559,675.2,2.546,5.246
GBPUSD_BASE_40,GBPUSD,LONG,2020-02-13 04:00:00,2020-02-13 11:00:00,11,09:00–16:00 (Day/London Open),True,ONLINE_CAPTURED,1.25008,1.24083,2020-02-13 08:00:00,1.24461,THESIS_EXIT,LOSS,-203.95,0.00547,0.00277,0.438,0.222
USDJPY_BASE_39,USDJPY,SHORT,2020-02-12 08:00:00,2020-02-12 15:00:00,15,09:00–16:00 (Day/London Open),True,ONLINE_CAPTURED,112.72,113.671,2020-02-13 14:00:00,113.671,STOP_LOSS_TOUCH,LOSS,-33.9,0.951,0.2853,0.844,0.253
US500_BASE_42,US500,SHORT,2020-02-14 10:00:00,2020-02-14 17:00:00,17,17:00–22:00 (Evening/NY Overlap),True,ONLINE_CAPTURED,3108.22,3151.65575,2020-02-14 16:00:00,3151.65575,STOP_LOSS_TOUCH,LOSS,-27.7,43.43575,13.03073,1.397,0.419
GBPUSD_BASE_41,GBPUSD,SHORT,2020-02-14 01:00:00,2020-02-14 08:00:00,8,00:00–09:00 (Overnight/Asia),False,OFFLINE_MISSED,1.24767,1.25742,2020-02-17 11:00:00,1.24509,THESIS_EXIT,WIN,77.8,0.0039,0.00258,0.313,0.207
US500_BASE_43,US500,LONG,2020-02-14 21:00:00,2020-02-15 04:00:00,4,00:00–09:00 (Overnight/Asia),False,OFFLINE_MISSED,3129.14,3085.95,2020-02-17 11:00:00,3101.91,THESIS_EXIT,LOSS,-22.03,27.23,12.957,0.87,0.414
USDJPY_BASE_44,USDJPY,SHORT,2020-02-18 12:00:00,2020-02-18 19:00:00,19,17:00–22:00 (Evening/NY Overlap),True,ONLINE_CAPTURED,114.27,115.4875,2020-02-18 16:00:00,115.4875,STOP_LOSS_TOUCH,LOSS,-39.89,1.2175,0.36525,1.065,0.32
BTCUSD_BASE_45,BTCUSD,LONG,2020-02-18 23:00:00,2020-02-19 06:00:00,6,00:00–09:00 (Overnight/Asia),False,OFFLINE_MISSED,15579.4,14693.51875,2020-02-19 09:00:00,14888.88,THESIS_EXIT,LOSS,-254.18,690.52,265.76438,4.432,1.706
US500_BASE_47,US500,LONG,2020-02-19 12:00:00,2020-02-19 19:00:00,19,17:00–22:00 (Evening/NY Overlap),True,ONLINE_CAPTURED,3021.64,2974.39425,2020-02-19 19:00:00,2974.39425,STOP_LOSS_TOUCH,LOSS,-29.04,47.24575,14.17373,1.564,0.469
XAUUSD_BASE_46,XAUUSD,LONG,2020-02-19 08:00:00,2020-02-19 15:00:00,15,09:00–16:00 (Day/London Open),True,ONLINE_CAPTURED,1492.36,1478.17625,2020-02-20 11:00:00,1493.37,THESIS_EXIT,LOSS,-12.15,1.01,4.25512,0.068,0.285
BTCUSD_BASE_48,BTCUSD,SHORT,2020-02-20 05:00:00,2020-02-20 12:00:00,12,09:00–16:00 (Day/London Open),True,ONLINE_CAPTURED,14767.37,15515.0975,2020-02-23 03:00:00,13653.78,THESIS_EXIT,WIN,377.26,299.091,1113.59,2.025,7.541
USDJPY_BASE_49,USDJPY,LONG,2020-02-21 00:00:00,2020-02-21 07:00:00,7,00:00–09:00 (Overnight/Asia),False,OFFLINE_MISSED,115.68,114.67225,2020-02-24 12:00:00,115.37,THESIS_EXIT,LOSS,-19.48,0.31,0.30233,0.268,0.261
XAUUSD_BASE_50,XAUUSD,LONG,2020-02-24 07:00:00,2020-02-24 14:00:00,14,09:00–16:00 (Day/London Open),True,ONLINE_CAPTURED,1523.24,1512.1675,2020-02-26 12:00:00,1512.1675,STOP_LOSS_TOUCH,LOSS,-16.38,11.0725,3.32175,0.727,0.218
BTCUSD_BASE_52,BTCUSD,LONG,2020-02-26 16:00:00,2020-02-26 23:00:00,23,22:00–24:00 (Late Night NY Close),False,OFFLINE_MISSED,15589.55,14793.27325,2020-03-01 03:00:00,16100.9,THESIS_EXIT,WIN,166.47,318.5107,511.35,2.043,3.28
GBPUSD_BASE_51,GBPUSD,SHORT,2020-02-25 12:00:00,2020-02-25 19:00:00,19,17:00–22:00 (Evening/NY Overlap),True,ONLINE_CAPTURED,1.1986,1.2081,2020-03-02 09:00:00,1.18548,THESIS_EXIT,WIN,446.7,0.0038,0.01312,0.317,1.095
XAUUSD_BASE_53,XAUUSD,LONG,2020-03-02 02:00:00,2020-03-02 09:00:00,9,09:00–16:00 (Day/London Open),True,ONLINE_CAPTURED,1536.17,1521.77575,2020-03-02 17:00:00,1531.09,THESIS_EXIT,LOSS,-14.28,5.08,4.31828,0.331,0.281
BTCUSD_BASE_54,BTCUSD,LONG,2020-03-02 11:00:00,2020-03-02 18:00:00,18,17:00–22:00 (Evening/NY Overlap),True,ONLINE_CAPTURED,17422.24,16521.12725,2020-03-03 11:00:00,17063.14,THESIS_EXIT,LOSS,-138.19,359.1,270.33383,2.061,1.552
US500_BASE_55,US500,LONG,2020-03-02 23:00:00,2020-03-03 06:00:00,6,00:00–09:00 (Overnight/Asia),False,OFFLINE_MISSED,3157.42,3118.7705,2020-03-03 12:00:00,3143.69,THESIS_EXIT,LOSS,-17.31,13.73,11.59485,0.435,0.367
USDJPY_BASE_57,USDJPY,LONG,2020-03-03 23:00:00,2020-03-04 06:00:00,6,00:00–09:00 (Overnight/Asia),False,OFFLINE_MISSED,114.15,113.104,2020-03-06 07:00:00,114.68,THESIS_EXIT,LOSS,-0.57,0.53,0.3138,0.464,0.275
BTCUSD_BASE_56,BTCUSD,SHORT,2020-03-03 19:00:00,2020-03-04 02:00:00,2,00:00–09:00 (Overnight/Asia),False,OFFLINE_MISSED,17386.01,18386.241,2020-03-06 15:00:00,16550.12,THESIS_EXIT,WIN,280.06,400.0924,835.89,2.301,4.808
GBPUSD_BASE_58,GBPUSD,SHORT,2020-03-06 15:00:00,2020-03-06 22:00:00,22,22:00–24:00 (Late Night NY Close),False,OFFLINE_MISSED,1.171,1.1835,2020-03-10 07:00:00,1.17699,THESIS_EXIT,LOSS,-222.15,0.00599,0.00375,0.512,0.32
BTCUSD_BASE_59,BTCUSD,SHORT,2020-03-08 11:00:00,2020-03-08 18:00:00,18,17:00–22:00 (Evening/NY Overlap),True,ONLINE_CAPTURED,15622.31,16510.692,2020-03-11 07:00:00,14468.64,THESIS_EXIT,WIN,391.28,355.3528,1153.67,2.275,7.385
BTCUSD_BASE_61,BTCUSD,LONG,2020-03-11 12:00:00,2020-03-11 19:00:00,19,17:00–22:00 (Evening/NY Overlap),True,ONLINE_CAPTURED,14322.48,13416.148,2020-03-11 15:00:00,13416.148,STOP_LOSS_TOUCH,LOSS,-329.72,906.332,271.8996,6.328,1.898
XAUUSD_BASE_62,XAUUSD,LONG,2020-03-12 04:00:00,2020-03-12 11:00:00,11,09:00–16:00 (Day/London Open),True,ONLINE_CAPTURED,1580.45,1571.74575,2020-03-12 07:00:00,1574.34,THESIS_EXIT,LOSS,-14.64,6.11,2.61128,0.387,0.165
GBPUSD_BASE_60,GBPUSD,LONG,2020-03-11 08:00:00,2020-03-11 15:00:00,15,09:00–16:00 (Day/London Open),True,ONLINE_CAPTURED,1.18267,1.17292,2020-03-12 14:00:00,1.17292,STOP_LOSS_TOUCH,LOSS,-353.75,0.00975,0.00292,0.824,0.247
GBPUSD_BASE_63,GBPUSD,SHORT,2020-03-13 09:00:00,2020-03-13 16:00:00,16,16:00–17:00 (Dinner Break),False,OFFLINE_MISSED,1.18294,1.19369,2020-03-13 12:00:00,1.18983,THESIS_EXIT,LOSS,-253.65,0.00689,0.00323,0.582,0.273
US500_BASE_65,US500,LONG,2020-03-16 00:00:00,2020-03-16 07:00:00,7,00:00–09:00 (Overnight/Asia),False,OFFLINE_MISSED,3134.83,3098.02025,2020-03-18 10:00:00,3148.19,THESIS_EXIT,LOSS,-7.82,13.36,11.04292,0.426,0.352
USDJPY_BASE_66,USDJPY,LONG,2020-03-18 12:00:00,2020-03-18 19:00:00,19,17:00–22:00 (Evening/NY Overlap),True,ONLINE_CAPTURED,116.86,115.84425,2020-03-18 14:00:00,116.19,THESIS_EXIT,LOSS,-27.58,0.67,0.30472,0.573,0.261
BTCUSD_BASE_64,BTCUSD,LONG,2020-03-14 17:00:00,2020-03-15 00:00:00,0,00:00–09:00 (Overnight/Asia),False,OFFLINE_MISSED,14108.24,13075.112,2020-03-19 12:00:00,16943.45,THESIS_EXIT,WIN,979.82,413.2512,2835.21,2.929,20.096
GBPUSD_BASE_68,GBPUSD,LONG,2020-03-19 19:00:00,2020-03-20 02:00:00,2,00:00–09:00 (Overnight/Asia),False,OFFLINE_MISSED,1.18545,1.1752,2020-03-20 05:00:00,1.18103,THESIS_EXIT,LOSS,-167.2,0.00442,0.00308,0.373,0.259
USDJPY_BASE_67,USDJPY,SHORT,2020-03-19 04:00:00,2020-03-19 11:00:00,11,09:00–16:00 (Day/London Open),True,ONLINE_CAPTURED,116.41,117.24175,2020-03-24 13:00:00,116.28,THESIS_EXIT,LOSS,-9.58,0.13,0.24952,0.112,0.214
USDJPY_BASE_70,USDJPY,LONG,2020-03-25 13:00:00,2020-03-25 20:00:00,20,17:00–22:00 (Evening/NY Overlap),True,ONLINE_CAPTURED,117.3,115.978,2020-03-26 09:00:00,116.43,THESIS_EXIT,LOSS,-32.07,0.87,0.3966,0.742,0.338
BTCUSD_BASE_69,BTCUSD,LONG,2020-03-21 16:00:00,2020-03-21 23:00:00,23,22:00–24:00 (Late Night NY Close),False,OFFLINE_MISSED,19804.23,18749.83025,2020-03-28 00:00:00,21751.76,THESIS_EXIT,WIN,669.14,421.7599,1947.53,2.13,9.834
BTCUSD_BASE_72,BTCUSD,SHORT,2020-03-29 05:00:00,2020-03-29 12:00:00,12,09:00–16:00 (Day/London Open),True,ONLINE_CAPTURED,21315.44,21997.98375,2020-03-30 11:00:00,21482.1,THESIS_EXIT,LOSS,-70.83,166.66,204.76313,0.782,0.961
USDJPY_BASE_71,USDJPY,SHORT,2020-03-26 13:00:00,2020-03-26 20:00:00,20,17:00–22:00 (Evening/NY Overlap),True,ONLINE_CAPTURED,116.51,118.01825,2020-03-30 13:00:00,117.26,THESIS_EXIT,LOSS,-29.38,0.75,0.45248,0.644,0.388
BTCUSD_BASE_73,BTCUSD,LONG,2020-03-31 01:00:00,2020-03-31 08:00:00,8,00:00–09:00 (Overnight/Asia),False,OFFLINE_MISSED,21490.4,20654.434,2020-03-31 11:00:00,21062.85,THESIS_EXIT,LOSS,-162.14,427.55,250.7898,1.989,1.167
USDJPY_BASE_74,USDJPY,LONG,2020-03-31 04:00:00,2020-03-31 11:00:00,11,09:00–16:00 (Day/London Open),True,ONLINE_CAPTURED,117.18,116.16325,2020-04-01 14:00:00,117.27,THESIS_EXIT,LOSS,-10.48,0.09,0.30503,0.077,0.26
BTCUSD_BASE_76,BTCUSD,LONG,2020-04-02 11:00:00,2020-04-02 18:00:00,18,17:00–22:00 (Evening/NY Overlap),True,ONLINE_CAPTURED,22580.91,21820.2755,2020-04-02 12:00:00,21820.2755,STOP_LOSS_TOUCH,LOSS,-278.72,760.6345,228.19035,3.368,1.011
XAUUSD_BASE_75,XAUUSD,LONG,2020-03-31 19:00:00,2020-04-01 02:00:00,2,00:00–09:00 (Overnight/Asia),False,OFFLINE_MISSED,1539.01,1526.39325,2020-04-07 10:00:00,1596.25,THESIS_EXIT,WIN,7.53,5.0467,57.24,0.328,3.719
US500_BASE_77,US500,SHORT,2020-04-02 15:00:00,2020-04-02 22:00:00,22,22:00–24:00 (Late Night NY Close),False,OFFLINE_MISSED,3266.99,3320.63875,2020-04-08 03:00:00,3265.07,THESIS_EXIT,LOSS,-11.83,1.92,16.09462,0.059,0.493
USDJPY_BASE_79,USDJPY,LONG,2020-04-08 05:00:00,2020-04-08 12:00:00,12,09:00–16:00 (Day/London Open),True,ONLINE_CAPTURED,117.41,116.324,2020-04-08 15:00:00,116.8,THESIS_EXIT,LOSS,-26.22,0.61,0.3258,0.52,0.277
GBPUSD_BASE_78,GBPUSD,LONG,2020-04-07 14:00:00,2020-04-07 21:00:00,21,17:00–22:00 (Evening/NY Overlap),True,ONLINE_CAPTURED,1.21966,1.20941,2020-04-09 07:00:00,1.22274,THESIS_EXIT,WIN,95.3,0.0041,0.00308,0.336,0.253
XAUUSD_BASE_80,XAUUSD,LONG,2020-04-09 00:00:00,2020-04-09 07:00:00,7,00:00–09:00 (Overnight/Asia),False,OFFLINE_MISSED,1606.53,1592.93925,2020-04-09 17:00:00,1599.35,THESIS_EXIT,LOSS,-15.01,7.18,4.07723,0.447,0.254
US500_BASE_81,US500,LONG,2020-04-09 15:00:00,2020-04-09 22:00:00,22,22:00–24:00 (Late Night NY Close),False,OFFLINE_MISSED,3313.88,3267.16025,2020-04-10 15:00:00,3285.45,THESIS_EXIT,LOSS,-22.45,28.43,14.01593,0.858,0.423
USDJPY_BASE_82,USDJPY,LONG,2020-04-10 16:00:00,2020-04-10 23:00:00,23,22:00–24:00 (Late Night NY Close),False,OFFLINE_MISSED,118.19,116.96425,2020-04-15 09:00:00,118.99,THESIS_EXIT,WIN,5.5,0.4903,0.8,0.415,0.677
BTCUSD_BASE_83,BTCUSD,LONG,2020-04-12 20:00:00,2020-04-13 03:00:00,3,00:00–09:00 (Overnight/Asia),False,OFFLINE_MISSED,19811.14,19037.08575,2020-04-15 14:00:00,21434.72,THESIS_EXIT,WIN,555.75,309.6217,1623.58,1.563,8.195
USDJPY_BASE_85,USDJPY,SHORT,2020-04-17 05:00:00,2020-04-17 12:00:00,12,09:00–16:00 (Day/London Open),True,ONLINE_CAPTURED,119.13,120.1795,2020-04-17 11:00:00,120.1795,STOP_LOSS_TOUCH,LOSS,-36.11,1.0495,0.31485,0.881,0.264
BTCUSD_BASE_86,BTCUSD,LONG,2020-04-18 14:00:00,2020-04-18 21:00:00,21,17:00–22:00 (Evening/NY Overlap),True,ONLINE_CAPTURED,20708.3,19721.40175,2020-04-19 11:00:00,20435.1,THESIS_EXIT,LOSS,-108.12,273.2,296.06947,1.319,1.43
BTCUSD_BASE_87,BTCUSD,SHORT,2020-04-19 14:00:00,2020-04-19 21:00:00,21,17:00–22:00 (Evening/NY Overlap),True,ONLINE_CAPTURED,20765.89,21555.335,2020-04-20 14:00:00,21180.0,THESIS_EXIT,LOSS,-157.44,414.11,236.8335,1.994,1.14
BTCUSD_BASE_88,BTCUSD,LONG,2020-04-21 01:00:00,2020-04-21 08:00:00,8,00:00–09:00 (Overnight/Asia),False,OFFLINE_MISSED,20840.67,20017.9855,2020-04-22 09:00:00,20742.87,THESIS_EXIT,LOSS,-46.73,97.8,246.80535,0.469,1.184
GBPUSD_BASE_84,GBPUSD,SHORT,2020-04-16 16:00:00,2020-04-16 23:00:00,23,22:00–24:00 (Late Night NY Close),False,OFFLINE_MISSED,1.27272,1.28097,2020-04-23 04:00:00,1.24779,THESIS_EXIT,WIN,860.05,0.0033,0.02493,0.259,1.959
BTCUSD_BASE_89,BTCUSD,SHORT,2020-04-24 03:00:00,2020-04-24 10:00:00,10,09:00–16:00 (Day/London Open),True,ONLINE_CAPTURED,20738.41,21634.508,2020-04-26 11:00:00,21351.01,THESIS_EXIT,LOSS,-226.91,612.6,268.8294,2.954,1.296
XAUUSD_BASE_91,XAUUSD,SHORT,2020-04-27 09:00:00,2020-04-27 16:00:00,16,16:00–17:00 (Dinner Break),False,OFFLINE_MISSED,1621.51,1632.273,2020-04-27 22:00:00,1625.76,THESIS_EXIT,LOSS,-13.99,4.25,3.2289,0.262,0.199
US500_BASE_92,US500,SHORT,2020-04-28 10:00:00,2020-04-28 17:00:00,17,17:00–22:00 (Evening/NY Overlap),True,ONLINE_CAPTURED,3094.94,3135.4305,2020-04-28 15:00:00,3134.2,THESIS_EXIT,LOSS,-26.24,39.26,12.14715,1.269,0.392
XAUUSD_BASE_93,XAUUSD,LONG,2020-04-29 15:00:00,2020-04-29 22:00:00,22,22:00–24:00 (Late Night NY Close),False,OFFLINE_MISSED,1640.6,1626.23825,2020-05-01 07:00:00,1637.83,THESIS_EXIT,LOSS,-13.47,2.77,4.30853,0.169,0.263
USDJPY_BASE_90,USDJPY,SHORT,2020-04-27 06:00:00,2020-04-27 13:00:00,13,09:00–16:00 (Day/London Open),True,ONLINE_CAPTURED,117.2,118.0115,2020-05-01 08:00:00,115.02,THESIS_EXIT,WIN,36.55,0.3246,2.18,0.277,1.86
XAUUSD_BASE_95,XAUUSD,SHORT,2020-05-04 01:00:00,2020-05-04 08:00:00,8,00:00–09:00 (Overnight/Asia),False,OFFLINE_MISSED,1634.49,1648.41025,2020-05-04 14:00:00,1648.41025,STOP_LOSS_TOUCH,LOSS,-17.37,13.92025,4.17607,0.852,0.255
XAUUSD_BASE_96,XAUUSD,SHORT,2020-05-06 09:00:00,2020-05-06 16:00:00,16,16:00–17:00 (Dinner Break),False,OFFLINE_MISSED,1639.91,1651.6495,2020-05-06 18:00:00,1650.77,THESIS_EXIT,LOSS,-16.3,10.86,3.52185,0.662,0.215
BTCUSD_BASE_94,BTCUSD,LONG,2020-05-02 11:00:00,2020-05-02 18:00:00,18,17:00–22:00 (Evening/NY Overlap),True,ONLINE_CAPTURED,19629.65,18936.131,2020-05-08 09:00:00,22318.52,THESIS_EXIT,WIN,928.6,277.4076,2688.87,1.413,13.698
GBPUSD_BASE_98,GBPUSD,LONG,2020-05-08 12:00:00,2020-05-08 19:00:00,19,17:00–22:00 (Evening/NY Overlap),True,ONLINE_CAPTURED,1.26683,1.25658,2020-05-11 00:00:00,1.25995,THESIS_EXIT,LOSS,-253.3,0.00688,0.00308,0.543,0.243
US500_BASE_97,US500,LONG,2020-05-06 22:00:00,2020-05-07 05:00:00,5,00:00–09:00 (Overnight/Asia),False,OFFLINE_MISSED,3292.86,3249.25175,2020-05-12 05:00:00,3369.61,THESIS_EXIT,WIN,14.36,17.4433,76.75,0.53,2.331
GBPUSD_BASE_99,GBPUSD,LONG,2020-05-12 14:00:00,2020-05-12 21:00:00,21,17:00–22:00 (Evening/NY Overlap),True,ONLINE_CAPTURED,1.27239,1.26364,2020-05-13 06:00:00,1.26764,THESIS_EXIT,LOSS,-178.75,0.00475,0.00263,0.373,0.206
XAUUSD_BASE_100,XAUUSD,LONG,2020-05-13 00:00:00,2020-05-13 07:00:00,7,00:00–09:00 (Overnight/Asia),False,OFFLINE_MISSED,1724.45,1713.826,2020-05-13 09:00:00,1718.32,THESIS_EXIT,LOSS,-14.65,6.13,3.1872,0.355,0.185
USDJPY_BASE_101,USDJPY,LONG,2020-05-13 11:00:00,2020-05-13 18:00:00,18,17:00–22:00 (Evening/NY Overlap),True,ONLINE_CAPTURED,118.0,116.93475,2020-05-15 22:00:00,118.59,THESIS_EXIT,WIN,0.78,0.4261,0.59,0.361,0.5
BTCUSD_BASE_103,BTCUSD,SHORT,2020-05-17 15:00:00,2020-05-17 22:00:00,22,22:00–24:00 (Late Night NY Close),False,OFFLINE_MISSED,25811.97,26715.2355,2020-05-18 04:00:00,26293.62,THESIS_EXIT,LOSS,-181.08,481.65,270.97965,1.866,1.05
XAUUSD_BASE_102,XAUUSD,SHORT,2020-05-14 18:00:00,2020-05-15 01:00:00,1,00:00–09:00 (Overnight/Asia),False,OFFLINE_MISSED,1697.64,1709.93625,2020-05-20 07:00:00,1682.18,THESIS_EXIT,LOSS,-7.09,15.46,3.68888,0.911,0.217
USDJPY_BASE_104,USDJPY,SHORT,2020-05-18 13:00:00,2020-05-18 20:00:00,20,17:00–22:00 (Evening/NY Overlap),True,ONLINE_CAPTURED,118.2,119.62525,2020-05-20 09:00:00,118.13,THESIS_EXIT,LOSS,-10.92,0.07,0.42758,0.059,0.362
XAUUSD_BASE_105,XAUUSD,LONG,2020-05-21 04:00:00,2020-05-21 11:00:00,11,09:00–16:00 (Day/London Open),True,ONLINE_CAPTURED,1684.05,1672.72975,2020-05-22 12:00:00,1683.13,THESIS_EXIT,LOSS,-12.82,0.92,3.39607,0.055,0.202
USDJPY_BASE_106,USDJPY,SHORT,2020-05-21 16:00:00,2020-05-21 23:00:00,23,22:00–24:00 (Late Night NY Close),False,OFFLINE_MISSED,117.35,118.724,2020-05-25 11:00:00,117.69,THESIS_EXIT,LOSS,-20.15,0.34,0.4122,0.29,0.351
USDJPY_BASE_108,USDJPY,LONG,2020-05-26 06:00:00,2020-05-26 13:00:00,13,09:00–16:00 (Day/London Open),True,ONLINE_CAPTURED,117.72,116.61425,2020-05-26 12:00:00,117.07,THESIS_EXIT,LOSS,-27.13,0.65,0.33173,0.552,0.282
XAUUSD_BASE_107,XAUUSD,LONG,2020-05-25 08:00:00,2020-05-25 15:00:00,15,09:00–16:00 (Day/London Open),True,ONLINE_CAPTURED,1693.42,1683.643,2020-05-26 18:00:00,1689.95,THESIS_EXIT,LOSS,-13.71,3.47,2.9331,0.205,0.173
GBPUSD_BASE_109,GBPUSD,LONG,2020-05-26 15:00:00,2020-05-26 22:00:00,22,22:00–24:00 (Late Night NY Close),False,OFFLINE_MISSED,1.28261,1.27186,2020-05-27 08:00:00,1.27186,STOP_LOSS_TOUCH,LOSS,-388.75,0.01075,0.00323,0.838,0.251
USDJPY_BASE_110,USDJPY,SHORT,2020-05-27 04:00:00,2020-05-27 11:00:00,11,09:00–16:00 (Day/London Open),True,ONLINE_CAPTURED,117.26,118.32125,2020-05-27 11:00:00,117.96,THESIS_EXIT,LOSS,-28.25,0.7,0.31838,0.597,0.272
USDJPY_BASE_112,USDJPY,SHORT,2020-05-29 00:00:00,2020-05-29 07:00:00,7,00:00–09:00 (Overnight/Asia),False,OFFLINE_MISSED,117.9,119.06225,2020-05-29 04:00:00,118.72,THESIS_EXIT,LOSS,-30.95,0.82,0.34868,0.696,0.296
USDJPY_BASE_113,USDJPY,LONG,2020-05-29 15:00:00,2020-05-29 22:00:00,22,22:00–24:00 (Late Night NY Close),False,OFFLINE_MISSED,118.47,117.28275,2020-06-01 08:00:00,117.77,THESIS_EXIT,LOSS,-28.25,0.7,0.35618,0.591,0.301
US500_BASE_111,US500,SHORT,2020-05-28 15:00:00,2020-05-28 22:00:00,22,22:00–24:00 (Late Night NY Close),False,OFFLINE_MISSED,3437.3,3476.80725,2020-06-03 02:00:00,3337.99,THESIS_EXIT,WIN,22.26,15.8029,99.31,0.46,2.889
US500_BASE_114,US500,LONG,2020-06-03 12:00:00,2020-06-03 19:00:00,19,17:00–22:00 (Evening/NY Overlap),True,ONLINE_CAPTURED,3327.38,3286.04175,2020-06-04 00:00:00,3297.51,THESIS_EXIT,LOSS,-22.95,29.87,12.40147,0.898,0.373
XAUUSD_BASE_115,XAUUSD,LONG,2020-06-04 07:00:00,2020-06-04 14:00:00,14,09:00–16:00 (Day/London Open),True,ONLINE_CAPTURED,1791.78,1781.4685,2020-06-04 11:00:00,1784.09,THESIS_EXIT,LOSS,-15.19,7.69,3.09345,0.429,0.173
BTCUSD_BASE_116,BTCUSD,LONG,2020-06-04 08:00:00,2020-06-04 15:00:00,15,09:00–16:00 (Day/London Open),True,ONLINE_CAPTURED,29555.52,28665.45075,2020-06-05 12:00:00,30600.04,THESIS_EXIT,WIN,353.08,356.0277,1044.52,1.205,3.534
US500_BASE_117,US500,SHORT,2020-06-05 04:00:00,2020-06-05 11:00:00,11,09:00–16:00 (Day/London Open),True,ONLINE_CAPTURED,3282.6,3315.38575,2020-06-05 15:00:00,3315.38575,STOP_LOSS_TOUCH,LOSS,-23.98,32.78575,9.83573,0.999,0.3
BTCUSD_BASE_119,BTCUSD,SHORT,2020-06-06 10:00:00,2020-06-06 17:00:00,17,17:00–22:00 (Evening/NY Overlap),True,ONLINE_CAPTURED,30434.38,31459.261,2020-06-07 16:00:00,30563.38,THESIS_EXIT,LOSS,-57.65,129.0,307.4643,0.424,1.01
XAUUSD_BASE_118,XAUUSD,SHORT,2020-06-05 18:00:00,2020-06-06 01:00:00,1,00:00–09:00 (Overnight/Asia),False,OFFLINE_MISSED,1769.59,1787.91725,2020-06-08 05:00:00,1779.3,THESIS_EXIT,LOSS,-15.9,9.71,5.49818,0.549,0.311
US500_BASE_120,US500,SHORT,2020-06-08 17:00:00,2020-06-09 00:00:00,0,00:00–09:00 (Overnight/Asia),False,OFFLINE_MISSED,3285.42,3328.26525,2020-06-09 01:00:00,3308.14,THESIS_EXIT,LOSS,-20.45,22.72,12.85357,0.692,0.391
US500_BASE_122,US500,LONG,2020-06-09 09:00:00,2020-06-09 16:00:00,16,16:00–17:00 (Dinner Break),False,OFFLINE_MISSED,3295.87,3257.81275,2020-06-11 12:00:00,3283.98,THESIS_EXIT,LOSS,-16.66,11.89,11.41717,0.361,0.346
XAUUSD_BASE_123,XAUUSD,SHORT,2020-06-11 13:00:00,2020-06-11 20:00:00,20,17:00–22:00 (Evening/NY Overlap),True,ONLINE_CAPTURED,1788.33,1799.3555,2020-06-11 14:00:00,1799.3555,STOP_LOSS_TOUCH,LOSS,-16.36,11.0255,3.30765,0.617,0.185
BTCUSD_BASE_124,BTCUSD,LONG,2020-06-12 05:00:00,2020-06-12 12:00:00,12,09:00–16:00 (Day/London Open),True,ONLINE_CAPTURED,29658.95,28739.282,2020-06-14 14:00:00,30706.45,THESIS_EXIT,WIN,354.12,367.8672,1047.5,1.24,3.532
USDJPY_BASE_121,USDJPY,LONG,2020-06-09 08:00:00,2020-06-09 15:00:00,15,09:00–16:00 (Day/London Open),True,ONLINE_CAPTURED,119.55,118.44675,2020-06-15 12:00:00,121.71,THESIS_EXIT,WIN,36.1,0.4413,2.16,0.369,1.807
USDJPY_BASE_126,USDJPY,LONG,2020-06-16 13:00:00,2020-06-16 20:00:00,20,17:00–22:00 (Evening/NY Overlap),True,ONLINE_CAPTURED,122.1,120.85075,2020-06-18 03:00:00,122.4,THESIS_EXIT,LOSS,-5.75,0.3,0.37478,0.246,0.307
BTCUSD_BASE_125,BTCUSD,SHORT,2020-06-15 04:00:00,2020-06-15 11:00:00,11,09:00–16:00 (Day/London Open),True,ONLINE_CAPTURED,30880.41,31709.52825,2020-06-18 12:00:00,26736.95,THESIS_EXIT,WIN,1437.71,331.6473,4143.46,1.074,13.418
XAUUSD_BASE_128,XAUUSD,LONG,2020-06-19 06:00:00,2020-06-19 13:00:00,13,09:00–16:00 (Day/London Open),True,ONLINE_CAPTURED,1795.18,1781.11475,2020-06-19 14:00:00,1788.83,THESIS_EXIT,LOSS,-14.72,6.35,4.21958,0.354,0.235
GBPUSD_BASE_127,GBPUSD,SHORT,2020-06-18 14:00:00,2020-06-18 21:00:00,21,17:00–22:00 (Evening/NY Overlap),True,ONLINE_CAPTURED,1.34685,1.35635,2020-06-22 08:00:00,1.34751,THESIS_EXIT,LOSS,-35.6,0.00066,0.00285,0.049,0.212
USDJPY_BASE_130,USDJPY,SHORT,2020-06-22 14:00:00,2020-06-22 21:00:00,21,17:00–22:00 (Evening/NY Overlap),True,ONLINE_CAPTURED,120.02,121.45875,2020-06-23 08:00:00,120.88,THESIS_EXIT,LOSS,-31.85,0.86,0.43162,0.717,0.36
US500_BASE_129,US500,LONG,2020-06-19 21:00:00,2020-06-20 04:00:00,4,00:00–09:00 (Overnight/Asia),False,OFFLINE_MISSED,3237.56,3201.44875,2020-06-23 18:00:00,3241.53,THESIS_EXIT,LOSS,-11.11,3.97,10.83337,0.123,0.335
US500_BASE_131,US500,SHORT,2020-06-24 08:00:00,2020-06-24 15:00:00,15,09:00–16:00 (Day/London Open),True,ONLINE_CAPTURED,3229.77,3273.09125,2020-06-25 12:00:00,3273.09125,STOP_LOSS_TOUCH,LOSS,-27.66,43.32125,12.99637,1.341,0.402
GBPUSD_BASE_133,GBPUSD,SHORT,2020-06-25 12:00:00,2020-06-25 19:00:00,19,17:00–22:00 (Evening/NY Overlap),True,ONLINE_CAPTURED,1.3163,1.3283,2020-06-26 12:00:00,1.31572,THESIS_EXIT,WIN,7.8,0.0048,0.00058,0.365,0.044
XAUUSD_BASE_132,XAUUSD,SHORT,2020-06-25 05:00:00,2020-06-25 12:00:00,12,09:00–16:00 (Day/London Open),True,ONLINE_CAPTURED,1796.64,1808.1545,2020-06-29 16:00:00,1799.07,THESIS_EXIT,LOSS,-13.35,2.43,3.45435,0.135,0.192
GBPUSD_BASE_134,GBPUSD,LONG,2020-06-29 23:00:00,2020-06-30 06:00:00,6,00:00–09:00 (Overnight/Asia),False,OFFLINE_MISSED,1.32837,1.31787,2020-07-01 07:00:00,1.31787,STOP_LOSS_TOUCH,LOSS,-380.0,0.0105,0.00315,0.79,0.237
XAUUSD_BASE_136,XAUUSD,SHORT,2020-07-01 14:00:00,2020-07-01 21:00:00,21,17:00–22:00 (Evening/NY Overlap),True,ONLINE_CAPTURED,1780.02,1798.756,2020-07-01 19:00:00,1791.28,THESIS_EXIT,LOSS,-16.44,11.26,5.6208,0.633,0.316
BTCUSD_BASE_135,BTCUSD,LONG,2020-06-30 03:00:00,2020-06-30 10:00:00,10,09:00–16:00 (Day/London Open),True,ONLINE_CAPTURED,28522.76,27798.18525,2020-07-03 10:00:00,30419.99,THESIS_EXIT,WIN,651.53,289.8299,1897.23,1.016,6.652
USDJPY_BASE_137,USDJPY,SHORT,2020-07-03 05:00:00,2020-07-03 12:00:00,12,09:00–16:00 (Day/London Open),True,ONLINE_CAPTURED,120.75,121.7105,2020-07-03 12:00:00,121.29,THESIS_EXIT,LOSS,-24.65,0.54,0.28815,0.447,0.239
US500_BASE_138,US500,LONG,2020-07-03 10:00:00,2020-07-03 17:00:00,17,17:00–22:00 (Evening/NY Overlap),True,ONLINE_CAPTURED,3383.18,3346.00525,2020-07-03 14:00:00,3346.00525,STOP_LOSS_TOUCH,LOSS,-25.51,37.17475,11.15243,1.099,0.33
US500_BASE_139,US500,SHORT,2020-07-06 01:00:00,2020-07-06 08:00:00,8,00:00–09:00 (Overnight/Asia),False,OFFLINE_MISSED,3362.16,3400.5695,2020-07-06 07:00:00,3400.5695,STOP_LOSS_TOUCH,LOSS,-25.94,38.4095,11.52285,1.142,0.343
USDJPY_BASE_140,USDJPY,SHORT,2020-07-06 15:00:00,2020-07-06 22:00:00,22,22:00–24:00 (Late Night NY Close),False,OFFLINE_MISSED,121.28,122.40175,2020-07-08 11:00:00,120.94,THESIS_EXIT,LOSS,-4.85,0.34,0.33653,0.28,0.277
US500_BASE_141,US500,LONG,2020-07-07 08:00:00,2020-07-07 15:00:00,15,09:00–16:00 (Day/London Open),True,ONLINE_CAPTURED,3394.11,3357.67175,2020-07-09 13:00:00,3482.1,THESIS_EXIT,WIN,18.3,14.5753,87.99,0.429,2.592
GBPUSD_BASE_142,GBPUSD,LONG,2020-07-08 14:00:00,2020-07-08 21:00:00,21,17:00–22:00 (Evening/NY Overlap),True,ONLINE_CAPTURED,1.33975,1.3285,2020-07-10 18:00:00,1.3333,THESIS_EXIT,LOSS,-238.25,0.00645,0.00337,0.481,0.252
BTCUSD_BASE_143,BTCUSD,LONG,2020-07-12 20:00:00,2020-07-13 03:00:00,3,00:00–09:00 (Overnight/Asia),False,OFFLINE_MISSED,36773.55,35835.58575,2020-07-14 10:00:00,36618.73,THESIS_EXIT,LOSS,-66.69,154.82,281.38927,0.421,0.765
USDJPY_BASE_145,USDJPY,LONG,2020-07-14 11:00:00,2020-07-14 18:00:00,18,17:00–22:00 (Evening/NY Overlap),True,ONLINE_CAPTURED,121.89,120.835,2020-07-14 12:00:00,120.835,STOP_LOSS_TOUCH,LOSS,-36.24,1.055,0.3165,0.866,0.26
US500_BASE_144,US500,SHORT,2020-07-13 01:00:00,2020-07-13 08:00:00,8,00:00–09:00 (Overnight/Asia),False,OFFLINE_MISSED,3456.7,3499.615,2020-07-15 07:00:00,3451.88,THESIS_EXIT,LOSS,-10.81,4.82,12.8745,0.139,0.372
USDJPY_BASE_146,USDJPY,SHORT,2020-07-15 11:00:00,2020-07-15 18:00:00,18,17:00–22:00 (Evening/NY Overlap),True,ONLINE_CAPTURED,120.21,121.4195,2020-07-21 10:00:00,116.9,THESIS_EXIT,WIN,61.97,0.4838,3.31,0.402,2.754
XAUUSD_BASE_147,XAUUSD,LONG,2020-07-17 12:00:00,2020-07-17 19:00:00,19,17:00–22:00 (Evening/NY Overlap),True,ONLINE_CAPTURED,1883.77,1870.499,2020-07-22 16:00:00,1895.83,THESIS_EXIT,LOSS,-8.28,12.06,3.9813,0.64,0.211
USDJPY_BASE_148,USDJPY,LONG,2020-07-21 13:00:00,2020-07-21 20:00:00,20,17:00–22:00 (Evening/NY Overlap),True,ONLINE_CAPTURED,116.59,115.6555,2020-07-23 01:00:00,115.6555,STOP_LOSS_TOUCH,LOSS,-33.53,0.9345,0.28035,0.802,0.24
US500_BASE_149,US500,SHORT,2020-07-22 18:00:00,2020-07-23 01:00:00,1,00:00–09:00 (Overnight/Asia),False,OFFLINE_MISSED,3443.78,3490.88375,2020-07-23 10:00:00,3468.32,THESIS_EXIT,LOSS,-21.09,24.54,14.13113,0.713,0.41
XAUUSD_BASE_150,XAUUSD,SHORT,2020-07-23 10:00:00,2020-07-23 17:00:00,17,17:00–22:00 (Evening/NY Overlap),True,ONLINE_CAPTURED,1898.19,1912.8485,2020-07-23 13:00:00,1912.8485,STOP_LOSS_TOUCH,LOSS,-17.63,14.6585,4.39755,0.772,0.232
USDJPY_BASE_152,USDJPY,LONG,2020-07-27 11:00:00,2020-07-27 18:00:00,18,17:00–22:00 (Evening/NY Overlap),True,ONLINE_CAPTURED,117.55,116.66125,2020-07-27 13:00:00,116.66125,STOP_LOSS_TOUCH,LOSS,-32.5,0.88875,0.26663,0.756,0.227
XAUUSD_BASE_153,XAUUSD,SHORT,2020-07-28 06:00:00,2020-07-28 13:00:00,13,09:00–16:00 (Day/London Open),True,ONLINE_CAPTURED,1935.4,1948.4,2020-07-28 09:00:00,1942.93,THESIS_EXIT,LOSS,-15.14,7.53,3.9,0.389,0.202
US500_BASE_151,US500,LONG,2020-07-27 07:00:00,2020-07-27 14:00:00,14,09:00–16:00 (Day/London Open),True,ONLINE_CAPTURED,3508.41,3470.66375,2020-07-29 11:00:00,3552.76,THESIS_EXIT,WIN,3.02,15.0985,44.35,0.43,1.264
BTCUSD_BASE_154,BTCUSD,LONG,2020-07-28 10:00:00,2020-07-28 17:00:00,17,17:00–22:00 (Evening/NY Overlap),True,ONLINE_CAPTURED,31183.47,30165.885,2020-08-01 13:00:00,31769.46,THESIS_EXIT,WIN,192.6,407.034,585.99,1.305,1.879
BTCUSD_BASE_156,BTCUSD,LONG,2020-08-03 01:00:00,2020-08-03 08:00:00,8,00:00–09:00 (Overnight/Asia),False,OFFLINE_MISSED,32514.99,31439.6195,2020-08-05 11:00:00,33165.62,THESIS_EXIT,WIN,215.22,430.1482,650.63,1.323,2.001
XAUUSD_BASE_155,XAUUSD,LONG,2020-07-30 13:00:00,2020-07-30 20:00:00,20,17:00–22:00 (Evening/NY Overlap),True,ONLINE_CAPTURED,1947.54,1933.109,2020-08-05 20:00:00,1967.28,THESIS_EXIT,LOSS,-5.59,19.74,4.3293,1.014,0.222
XAUUSD_BASE_158,XAUUSD,SHORT,2020-08-06 17:00:00,2020-08-07 00:00:00,0,00:00–09:00 (Overnight/Asia),False,OFFLINE_MISSED,1960.93,1976.162,2020-08-07 04:00:00,1970.07,THESIS_EXIT,LOSS,-15.7,9.14,4.5696,0.466,0.233
GBPUSD_BASE_157,GBPUSD,SHORT,2020-08-06 17:00:00,2020-08-07 00:00:00,0,00:00–09:00 (Overnight/Asia),False,OFFLINE_MISSED,1.31244,1.32469,2020-08-07 11:00:00,1.31734,THESIS_EXIT,LOSS,-184.0,0.0049,0.00368,0.373,0.28
BTCUSD_BASE_160,BTCUSD,SHORT,2020-08-11 06:00:00,2020-08-11 13:00:00,13,09:00–16:00 (Day/London Open),True,ONLINE_CAPTURED,32346.75,33103.289,2020-08-12 07:00:00,32425.64,THESIS_EXIT,LOSS,-40.11,78.89,226.9617,0.244,0.702
GBPUSD_BASE_159,GBPUSD,LONG,2020-08-10 16:00:00,2020-08-10 23:00:00,23,22:00–24:00 (Late Night NY Close),False,OFFLINE_MISSED,1.32431,1.31581,2020-08-12 09:00:00,1.32276,THESIS_EXIT,LOSS,-66.75,0.00155,0.00255,0.117,0.193
XAUUSD_BASE_161,XAUUSD,LONG,2020-08-12 15:00:00,2020-08-12 22:00:00,22,22:00–24:00 (Late Night NY Close),False,OFFLINE_MISSED,1945.74,1931.4185,2020-08-12 20:00:00,1938.06,THESIS_EXIT,LOSS,-15.19,7.68,4.29645,0.395,0.221
XAUUSD_BASE_163,XAUUSD,SHORT,2020-08-13 10:00:00,2020-08-13 17:00:00,17,17:00–22:00 (Evening/NY Overlap),True,ONLINE_CAPTURED,1939.26,1951.15475,2020-08-13 13:00:00,1946.0,THESIS_EXIT,LOSS,-14.86,6.74,3.56842,0.348,0.184
USDJPY_BASE_162,USDJPY,SHORT,2020-08-12 17:00:00,2020-08-13 00:00:00,0,00:00–09:00 (Overnight/Asia),False,OFFLINE_MISSED,120.41,121.68525,2020-08-13 16:00:00,121.68525,STOP_LOSS_TOUCH,LOSS,-41.19,1.27525,0.38257,1.059,0.318
XAUUSD_BASE_164,XAUUSD,LONG,2020-08-13 18:00:00,2020-08-14 01:00:00,1,00:00–09:00 (Overnight/Asia),False,OFFLINE_MISSED,1942.02,1928.66175,2020-08-14 00:00:00,1935.31,THESIS_EXIT,LOSS,-14.85,6.71,4.00747,0.346,0.206
XAUUSD_BASE_166,XAUUSD,SHORT,2020-08-14 13:00:00,2020-08-14 20:00:00,20,17:00–22:00 (Evening/NY Overlap),True,ONLINE_CAPTURED,1938.08,1951.4855,2020-08-17 00:00:00,1944.81,THESIS_EXIT,LOSS,-14.86,6.73,4.02165,0.347,0.208
GBPUSD_BASE_165,GBPUSD,LONG,2020-08-14 08:00:00,2020-08-14 15:00:00,15,09:00–16:00 (Day/London Open),True,ONLINE_CAPTURED,1.31727,1.30777,2020-08-17 01:00:00,1.31725,THESIS_EXIT,LOSS,-13.2,2e-05,0.00285,0.002,0.216
XAUUSD_BASE_168,XAUUSD,LONG,2020-08-17 23:00:00,2020-08-18 06:00:00,6,00:00–09:00 (Overnight/Asia),False,OFFLINE_MISSED,1947.84,1936.9855,2020-08-18 08:00:00,1940.7,THESIS_EXIT,LOSS,-15.0,7.14,3.25635,0.367,0.167
XAUUSD_BASE_169,XAUUSD,SHORT,2020-08-18 14:00:00,2020-08-18 21:00:00,21,17:00–22:00 (Evening/NY Overlap),True,ONLINE_CAPTURED,1943.58,1958.194,2020-08-19 05:00:00,1950.79,THESIS_EXIT,LOSS,-15.02,7.21,4.3842,0.371,0.226
BTCUSD_BASE_167,BTCUSD,LONG,2020-08-17 00:00:00,2020-08-17 07:00:00,7,00:00–09:00 (Overnight/Asia),False,OFFLINE_MISSED,34509.78,33701.26425,2020-08-20 15:00:00,35748.37,THESIS_EXIT,WIN,421.01,323.4063,1238.59,0.937,3.589
XAUUSD_BASE_170,XAUUSD,LONG,2020-08-19 18:00:00,2020-08-20 01:00:00,1,00:00–09:00 (Overnight/Asia),False,OFFLINE_MISSED,1952.98,1933.9295,2020-08-21 08:00:00,1949.73,THESIS_EXIT,LOSS,-13.64,3.25,5.71515,0.166,0.293
XAUUSD_BASE_171,XAUUSD,SHORT,2020-08-21 18:00:00,2020-08-22 01:00:00,1,00:00–09:00 (Overnight/Asia),False,OFFLINE_MISSED,1949.93,1961.056,2020-08-25 10:00:00,1948.17,THESIS_EXIT,LOSS,-11.88,1.76,3.3378,0.09,0.171
GBPUSD_BASE_173,GBPUSD,SHORT,2020-08-25 19:00:00,2020-08-26 02:00:00,2,00:00–09:00 (Overnight/Asia),False,OFFLINE_MISSED,1.32576,1.33426,2020-08-28 05:00:00,1.32014,THESIS_EXIT,WIN,184.2,0.0034,0.00562,0.256,0.424
XAUUSD_BASE_174,XAUUSD,SHORT,2020-08-28 06:00:00,2020-08-28 13:00:00,13,09:00–16:00 (Day/London Open),True,ONLINE_CAPTURED,1957.32,1970.0065,2020-08-28 17:00:00,1965.84,THESIS_EXIT,LOSS,-15.48,8.52,3.80595,0.435,0.194
BTCUSD_BASE_175,BTCUSD,SHORT,2020-08-29 16:00:00,2020-08-29 23:00:00,23,22:00–24:00 (Late Night NY Close),False,OFFLINE_MISSED,33116.88,34178.65825,2020-08-30 16:00:00,33614.83,THESIS_EXIT,LOSS,-186.78,497.95,318.53348,1.504,0.962
US500_BASE_172,US500,SHORT,2020-08-21 18:00:00,2020-08-22 01:00:00,1,00:00–09:00 (Overnight/Asia),False,OFFLINE_MISSED,3381.97,3427.23775,2020-08-31 16:00:00,3246.11,THESIS_EXIT,WIN,35.05,18.1071,135.86,0.535,4.017
XAUUSD_BASE_176,XAUUSD,LONG,2020-08-31 20:00:00,2020-09-01 03:00:00,3,00:00–09:00 (Overnight/Asia),False,OFFLINE_MISSED,1968.48,1953.73975,2020-09-01 01:00:00,1960.13,THESIS_EXIT,LOSS,-15.42,8.35,4.42208,0.424,0.225
USDJPY_BASE_177,USDJPY,SHORT,2020-09-01 08:00:00,2020-09-01 15:00:00,15,09:00–16:00 (Day/London Open),True,ONLINE_CAPTURED,127.71,128.8355,2020-09-02 08:00:00,128.57,THESIS_EXIT,LOSS,-31.85,0.86,0.33765,0.673,0.264
US500_BASE_178,US500,LONG,2020-09-01 12:00:00,2020-09-01 19:00:00,19,17:00–22:00 (Evening/NY Overlap),True,ONLINE_CAPTURED,3239.98,3196.82675,2020-09-02 13:00:00,3214.34,THESIS_EXIT,LOSS,-21.47,25.64,12.94597,0.791,0.4
XAUUSD_BASE_179,XAUUSD,SHORT,2020-09-02 17:00:00,2020-09-03 00:00:00,0,00:00–09:00 (Overnight/Asia),False,OFFLINE_MISSED,1947.01,1958.498,2020-09-03 09:00:00,1954.16,THESIS_EXIT,LOSS,-15.0,7.15,3.4464,0.367,0.177
GBPUSD_BASE_180,GBPUSD,LONG,2020-09-03 04:00:00,2020-09-03 11:00:00,11,09:00–16:00 (Day/London Open),True,ONLINE_CAPTURED,1.32759,1.31834,2020-09-03 10:00:00,1.32042,THESIS_EXIT,LOSS,-263.45,0.00717,0.00277,0.54,0.209
BTCUSD_BASE_181,BTCUSD,LONG,2020-09-03 13:00:00,2020-09-03 20:00:00,20,17:00–22:00 (Evening/NY Overlap),True,ONLINE_CAPTURED,35148.78,33973.70925,2020-09-04 12:00:00,34404.23,THESIS_EXIT,LOSS,-273.09,744.55,352.52122,2.118,1.003
US500_BASE_182,US500,LONG,2020-09-04 06:00:00,2020-09-04 13:00:00,13,09:00–16:00 (Day/London Open),True,ONLINE_CAPTURED,3286.02,3243.854,2020-09-04 14:00:00,3243.854,STOP_LOSS_TOUCH,LOSS,-27.26,42.166,12.6498,1.283,0.385
USDJPY_BASE_184,USDJPY,LONG,2020-09-04 16:00:00,2020-09-04 23:00:00,23,22:00–24:00 (Late Night NY Close),False,OFFLINE_MISSED,131.86,130.736,2020-09-07 12:00:00,130.736,STOP_LOSS_TOUCH,LOSS,-37.79,1.124,0.3372,0.852,0.256
BTCUSD_BASE_185,BTCUSD,SHORT,2020-09-07 16:00:00,2020-09-07 23:00:00,23,22:00–24:00 (Late Night NY Close),False,OFFLINE_MISSED,35579.37,36547.18425,2020-09-08 12:00:00,36121.93,THESIS_EXIT,LOSS,-202.4,542.56,290.34428,1.525,0.816
GBPUSD_BASE_183,GBPUSD,SHORT,2020-09-04 15:00:00,2020-09-04 22:00:00,22,22:00–24:00 (Late Night NY Close),False,OFFLINE_MISSED,1.31457,1.32482,2020-09-09 13:00:00,1.30235,THESIS_EXIT,WIN,415.2,0.0041,0.01222,0.312,0.93
US500_BASE_186,US500,SHORT,2020-09-08 23:00:00,2020-09-09 06:00:00,6,00:00–09:00 (Overnight/Asia),False,OFFLINE_MISSED,3272.29,3315.14025,2020-09-10 15:00:00,3315.14025,STOP_LOSS_TOUCH,LOSS,-27.5,42.85025,12.85507,1.309,0.393
BTCUSD_BASE_187,BTCUSD,SHORT,2020-09-09 20:00:00,2020-09-10 03:00:00,3,00:00–09:00 (Overnight/Asia),False,OFFLINE_MISSED,35418.82,36489.9165,2020-09-10 16:00:00,35895.44,THESIS_EXIT,LOSS,-179.32,476.62,321.32895,1.346,0.907
BTCUSD_BASE_189,BTCUSD,LONG,2020-09-11 08:00:00,2020-09-11 15:00:00,15,09:00–16:00 (Day/London Open),True,ONLINE_CAPTURED,36105.87,35296.0525,2020-09-12 06:00:00,35615.31,THESIS_EXIT,LOSS,-184.2,490.56,242.94525,1.359,0.673
XAUUSD_BASE_188,XAUUSD,LONG,2020-09-10 17:00:00,2020-09-11 00:00:00,0,00:00–09:00 (Overnight/Asia),False,OFFLINE_MISSED,1962.2,1948.96175,2020-09-14 14:00:00,1954.49,THESIS_EXIT,LOSS,-15.2,7.71,3.97148,0.393,0.202
BTCUSD_BASE_191,BTCUSD,LONG,2020-09-14 22:00:00,2020-09-15 05:00:00,5,00:00–09:00 (Overnight/Asia),False,OFFLINE_MISSED,37220.7,36389.198,2020-09-15 08:00:00,36664.0,THESIS_EXIT,LOSS,-207.34,556.7,249.4506,1.496,0.67
US500_BASE_190,US500,SHORT,2020-09-14 22:00:00,2020-09-15 05:00:00,5,00:00–09:00 (Overnight/Asia),False,OFFLINE_MISSED,3282.91,3325.798,2020-09-15 11:00:00,3299.58,THESIS_EXIT,LOSS,-18.33,16.67,12.8664,0.508,0.392
GBPUSD_BASE_192,GBPUSD,LONG,2020-09-15 12:00:00,2020-09-15 19:00:00,19,17:00–22:00 (Evening/NY Overlap),True,ONLINE_CAPTURED,1.32108,1.31083,2020-09-16 13:00:00,1.31989,THESIS_EXIT,LOSS,-54.15,0.00119,0.00308,0.09,0.233
BTCUSD_BASE_194,BTCUSD,SHORT,2020-09-17 10:00:00,2020-09-17 17:00:00,17,17:00–22:00 (Evening/NY Overlap),True,ONLINE_CAPTURED,34288.32,35068.3625,2020-09-17 13:00:00,35068.3625,STOP_LOSS_TOUCH,LOSS,-285.51,780.0425,234.01275,2.275,0.682
GBPUSD_BASE_195,GBPUSD,LONG,2020-09-17 19:00:00,2020-09-18 02:00:00,2,00:00–09:00 (Overnight/Asia),False,OFFLINE_MISSED,1.32011,1.31011,2020-09-18 10:00:00,1.31553,THESIS_EXIT,LOSS,-172.8,0.00458,0.003,0.347,0.227
XAUUSD_BASE_193,XAUUSD,SHORT,2020-09-15 14:00:00,2020-09-15 21:00:00,21,17:00–22:00 (Evening/NY Overlap),True,ONLINE_CAPTURED,1946.63,1962.75375,2020-09-21 11:00:00,1937.88,THESIS_EXIT,LOSS,-9.44,8.75,4.83712,0.449,0.248
XAUUSD_BASE_197,XAUUSD,LONG,2020-09-21 18:00:00,2020-09-22 01:00:00,1,00:00–09:00 (Overnight/Asia),False,OFFLINE_MISSED,1933.5,1920.84625,2020-09-22 12:00:00,1925.2,THESIS_EXIT,LOSS,-15.4,8.3,3.79612,0.429,0.196
BTCUSD_BASE_196,BTCUSD,LONG,2020-09-19 03:00:00,2020-09-19 10:00:00,10,09:00–16:00 (Day/London Open),True,ONLINE_CAPTURED,35772.85,35129.392,2020-09-23 00:00:00,40107.25,THESIS_EXIT,WIN,1504.54,257.3832,4334.4,0.719,12.116
US500_BASE_198,US500,SHORT,2020-09-22 16:00:00,2020-09-22 23:00:00,23,22:00–24:00 (Late Night NY Close),False,OFFLINE_MISSED,3288.43,3337.821,2020-09-25 12:00:00,3296.97,THESIS_EXIT,LOSS,-15.49,8.54,14.8173,0.26,0.451
XAUUSD_BASE_199,XAUUSD,SHORT,2020-09-25 16:00:00,2020-09-25 23:00:00,23,22:00–24:00 (Late Night NY Close),False,OFFLINE_MISSED,1891.38,1907.33825,2020-09-29 00:00:00,1898.52,THESIS_EXIT,LOSS,-15.0,7.14,4.78747,0.378,0.253
BTCUSD_BASE_200,BTCUSD,LONG,2020-09-26 13:00:00,2020-09-26 20:00:00,20,17:00–22:00 (Evening/NY Overlap),True,ONLINE_CAPTURED,40883.64,39940.1465,2020-09-29 14:00:00,39940.1465,STOP_LOSS_TOUCH,LOSS,-342.72,943.4935,283.04805,2.308,0.692
XAUUSD_BASE_201,XAUUSD,LONG,2020-09-29 18:00:00,2020-09-30 01:00:00,1,00:00–09:00 (Overnight/Asia),False,OFFLINE_MISSED,1900.14,1887.72625,2020-09-30 09:00:00,1895.76,THESIS_EXIT,LOSS,-14.03,4.38,3.72412,0.231,0.196
BTCUSD_BASE_203,BTCUSD,SHORT,2020-09-30 09:00:00,2020-09-30 16:00:00,16,16:00–17:00 (Dinner Break),False,OFFLINE_MISSED,40276.63,40983.3415,2020-09-30 13:00:00,40891.19,THESIS_EXIT,LOSS,-227.6,614.56,212.01345,1.526,0.526
USDJPY_BASE_204,USDJPY,LONG,2020-09-30 16:00:00,2020-09-30 23:00:00,23,22:00–24:00 (Late Night NY Close),False,OFFLINE_MISSED,132.67,131.743,2020-10-01 18:00:00,132.21,THESIS_EXIT,LOSS,-22.85,0.46,0.2781,0.347,0.21
GBPUSD_BASE_202,GBPUSD,SHORT,2020-09-30 05:00:00,2020-09-30 12:00:00,12,09:00–16:00 (Day/London Open),True,ONLINE_CAPTURED,1.29873,1.30923,2020-10-02 08:00:00,1.29792,THESIS_EXIT,WIN,15.85,0.0042,0.00081,0.323,0.062
XAUUSD_BASE_205,XAUUSD,LONG,2020-10-02 11:00:00,2020-10-02 18:00:00,18,17:00–22:00 (Evening/NY Overlap),True,ONLINE_CAPTURED,1897.51,1884.96275,2020-10-06 14:00:00,1891.33,THESIS_EXIT,LOSS,-14.66,6.18,3.76418,0.326,0.198
GBPUSD_BASE_206,GBPUSD,SHORT,2020-10-06 12:00:00,2020-10-06 19:00:00,19,17:00–22:00 (Evening/NY Overlap),True,ONLINE_CAPTURED,1.30414,1.31339,2020-10-06 16:00:00,1.31339,STOP_LOSS_TOUCH,LOSS,-336.25,0.00925,0.00277,0.709,0.213
GBPUSD_BASE_208,GBPUSD,LONG,2020-10-07 20:00:00,2020-10-08 03:00:00,3,00:00–09:00 (Overnight/Asia),False,OFFLINE_MISSED,1.30978,1.30003,2020-10-08 16:00:00,1.30786,THESIS_EXIT,LOSS,-79.7,0.00192,0.00292,0.147,0.223
XAUUSD_BASE_209,XAUUSD,SHORT,2020-10-08 16:00:00,2020-10-08 23:00:00,23,22:00–24:00 (Late Night NY Close),False,OFFLINE_MISSED,1866.81,1882.36925,2020-10-12 07:00:00,1861.05,THESIS_EXIT,LOSS,-10.48,5.76,4.66778,0.309,0.25
US500_BASE_207,US500,LONG,2020-10-07 05:00:00,2020-10-07 12:00:00,12,09:00–16:00 (Day/London Open),True,ONLINE_CAPTURED,3532.88,3487.96925,2020-10-12 12:00:00,3620.6,THESIS_EXIT,WIN,18.2,17.9643,87.72,0.508,2.483
BTCUSD_BASE_210,BTCUSD,LONG,2020-10-13 06:00:00,2020-10-13 13:00:00,13,09:00–16:00 (Day/London Open),True,ONLINE_CAPTURED,43736.99,42966.52725,2020-10-15 11:00:00,43928.54,THESIS_EXIT,WIN,54.54,308.1851,191.55,0.705,0.438
XAUUSD_BASE_211,XAUUSD,SHORT,2020-10-13 15:00:00,2020-10-13 22:00:00,22,22:00–24:00 (Late Night NY Close),False,OFFLINE_MISSED,1849.51,1865.512,2020-10-15 15:00:00,1838.47,THESIS_EXIT,LOSS,-8.64,11.04,4.8006,0.597,0.26
US500_BASE_212,US500,LONG,2020-10-15 19:00:00,2020-10-16 02:00:00,2,00:00–09:00 (Overnight/Asia),False,OFFLINE_MISSED,3560.42,3513.75925,2020-10-16 10:00:00,3535.82,THESIS_EXIT,LOSS,-21.11,24.6,13.99823,0.691,0.393
XAUUSD_BASE_214,XAUUSD,SHORT,2020-10-16 16:00:00,2020-10-16 23:00:00,23,22:00–24:00 (Late Night NY Close),False,OFFLINE_MISSED,1830.15,1846.04975,2020-10-19 12:00:00,1839.03,THESIS_EXIT,LOSS,-15.61,8.88,4.76993,0.485,0.261
USDJPY_BASE_213,USDJPY,LONG,2020-10-16 10:00:00,2020-10-16 17:00:00,17,17:00–22:00 (Evening/NY Overlap),True,ONLINE_CAPTURED,135.63,134.507,2020-10-20 17:00:00,135.27,THESIS_EXIT,LOSS,-20.6,0.36,0.3369,0.265,0.248
GBPUSD_BASE_215,GBPUSD,SHORT,2020-10-20 04:00:00,2020-10-20 11:00:00,11,09:00–16:00 (Day/London Open),True,ONLINE_CAPTURED,1.29798,1.30773,2020-10-21 13:00:00,1.29354,THESIS_EXIT,WIN,142.9,0.0039,0.00444,0.3,0.342
US500_BASE_217,US500,LONG,2020-10-21 17:00:00,2020-10-22 00:00:00,0,00:00–09:00 (Overnight/Asia),False,OFFLINE_MISSED,3660.51,3617.39175,2020-10-26 06:00:00,3681.47,THESIS_EXIT,LOSS,-5.16,20.96,12.93547,0.573,0.353
XAUUSD_BASE_216,XAUUSD,SHORT,2020-10-20 22:00:00,2020-10-21 05:00:00,5,00:00–09:00 (Overnight/Asia),False,OFFLINE_MISSED,1837.59,1849.02475,2020-10-26 11:00:00,1803.07,THESIS_EXIT,LOSS,-0.42,34.52,3.43042,1.879,0.187
GBPUSD_BASE_218,GBPUSD,LONG,2020-10-26 14:00:00,2020-10-26 21:00:00,21,17:00–22:00 (Evening/NY Overlap),True,ONLINE_CAPTURED,1.32652,1.31652,2020-10-27 13:00:00,1.31652,STOP_LOSS_TOUCH,LOSS,-362.5,0.01,0.003,0.754,0.226
BTCUSD_BASE_219,BTCUSD,LONG,2020-10-28 06:00:00,2020-10-28 13:00:00,13,09:00–16:00 (Day/London Open),True,ONLINE_CAPTURED,48699.82,47748.36675,2020-10-28 08:00:00,47748.36675,STOP_LOSS_TOUCH,LOSS,-345.51,951.45325,285.43597,1.954,0.586
GBPUSD_BASE_221,GBPUSD,SHORT,2020-10-28 08:00:00,2020-10-28 15:00:00,15,09:00–16:00 (Day/London Open),True,ONLINE_CAPTURED,1.32107,1.33082,2020-10-28 16:00:00,1.33082,STOP_LOSS_TOUCH,LOSS,-353.75,0.00975,0.00292,0.738,0.221
USDJPY_BASE_220,USDJPY,LONG,2020-10-28 07:00:00,2020-10-28 14:00:00,14,09:00–16:00 (Day/London Open),True,ONLINE_CAPTURED,133.92,133.0035,2020-10-30 18:00:00,135.24,THESIS_EXIT,WIN,17.2,0.3666,1.32,0.274,0.986
BTCUSD_BASE_222,BTCUSD,SHORT,2020-10-29 09:00:00,2020-10-29 16:00:00,16,16:00–17:00 (Dinner Break),False,OFFLINE_MISSED,47730.44,48522.611,2020-11-02 01:00:00,45429.97,THESIS_EXIT,WIN,792.66,316.8684,2300.47,0.664,4.82
USDJPY_BASE_223,USDJPY,SHORT,2020-11-02 11:00:00,2020-11-02 18:00:00,18,17:00–22:00 (Evening/NY Overlap),True,ONLINE_CAPTURED,134.92,135.97425,2020-11-02 12:00:00,135.97425,STOP_LOSS_TOUCH,LOSS,-36.22,1.05425,0.31627,0.781,0.234
GBPUSD_BASE_225,GBPUSD,LONG,2020-11-03 08:00:00,2020-11-03 15:00:00,15,09:00–16:00 (Day/London Open),True,ONLINE_CAPTURED,1.36467,1.35267,2020-11-05 07:00:00,1.3689,THESIS_EXIT,WIN,135.55,0.0048,0.00423,0.352,0.31
BTCUSD_BASE_226,BTCUSD,LONG,2020-11-05 21:00:00,2020-11-06 04:00:00,4,00:00–09:00 (Overnight/Asia),False,OFFLINE_MISSED,46426.06,45661.14175,2020-11-06 01:00:00,45843.07,THESIS_EXIT,LOSS,-216.55,582.99,229.47548,1.256,0.494
US500_BASE_224,US500,LONG,2020-11-03 08:00:00,2020-11-03 15:00:00,15,09:00–16:00 (Day/London Open),True,ONLINE_CAPTURED,3627.96,3585.633,2020-11-09 09:00:00,3732.57,THESIS_EXIT,WIN,24.11,16.9308,104.61,0.467,2.883
XAUUSD_BASE_227,XAUUSD,LONG,2020-11-09 10:00:00,2020-11-09 17:00:00,17,17:00–22:00 (Evening/NY Overlap),True,ONLINE_CAPTURED,1845.38,1830.78625,2020-11-09 23:00:00,1830.78625,STOP_LOSS_TOUCH,LOSS,-17.61,14.59375,4.37812,0.791,0.237
BTCUSD_BASE_228,BTCUSD,SHORT,2020-11-09 12:00:00,2020-11-09 19:00:00,19,17:00–22:00 (Evening/NY Overlap),True,ONLINE_CAPTURED,44459.4,45261.27975,2020-11-10 03:00:00,45017.9,THESIS_EXIT,LOSS,-207.97,558.5,240.56393,1.256,0.541
USDJPY_BASE_229,USDJPY,SHORT,2020-11-10 15:00:00,2020-11-10 22:00:00,22,22:00–24:00 (Late Night NY Close),False,OFFLINE_MISSED,136.09,137.36575,2020-11-11 14:00:00,137.36575,STOP_LOSS_TOUCH,LOSS,-41.2,1.27575,0.38272,0.937,0.281
US500_BASE_230,US500,LONG,2020-11-10 17:00:00,2020-11-11 00:00:00,0,00:00–09:00 (Overnight/Asia),False,OFFLINE_MISSED,3803.13,3755.20425,2020-11-12 02:00:00,3792.03,THESIS_EXIT,LOSS,-16.38,11.1,14.37772,0.292,0.378
GBPUSD_BASE_231,GBPUSD,LONG,2020-11-11 16:00:00,2020-11-11 23:00:00,23,22:00–24:00 (Late Night NY Close),False,OFFLINE_MISSED,1.35835,1.34685,2020-11-12 10:00:00,1.35322,THESIS_EXIT,LOSS,-192.05,0.00513,0.00345,0.378,0.254
USDJPY_BASE_232,USDJPY,SHORT,2020-11-12 09:00:00,2020-11-12 16:00:00,16,16:00–17:00 (Dinner Break),False,OFFLINE_MISSED,136.16,137.66825,2020-11-16 16:00:00,135.23,THESIS_EXIT,WIN,8.43,0.6033,0.93,0.443,0.683
XAUUSD_BASE_233,XAUUSD,SHORT,2020-11-12 11:00:00,2020-11-12 18:00:00,18,17:00–22:00 (Evening/NY Overlap),True,ONLINE_CAPTURED,1822.26,1835.33825,2020-11-16 22:00:00,1795.22,THESIS_EXIT,LOSS,-3.04,27.04,3.92348,1.484,0.215
XAUUSD_BASE_234,XAUUSD,LONG,2020-11-17 06:00:00,2020-11-17 13:00:00,13,09:00–16:00 (Day/London Open),True,ONLINE_CAPTURED,1790.3,1779.63025,2020-11-17 15:00:00,1779.63025,STOP_LOSS_TOUCH,LOSS,-16.23,10.66975,3.20093,0.596,0.179
USDJPY_BASE_236,USDJPY,LONG,2020-11-18 08:00:00,2020-11-18 15:00:00,15,09:00–16:00 (Day/London Open),True,ONLINE_CAPTURED,135.5,134.3395,2020-11-18 12:00:00,134.3395,STOP_LOSS_TOUCH,LOSS,-38.61,1.1605,0.34815,0.856,0.257
GBPUSD_BASE_235,GBPUSD,SHORT,2020-11-18 02:00:00,2020-11-18 09:00:00,9,09:00–16:00 (Day/London Open),True,ONLINE_CAPTURED,1.34245,1.3522,2020-11-18 16:00:00,1.34739,THESIS_EXIT,LOSS,-185.4,0.00494,0.00292,0.368,0.218
XAUUSD_BASE_237,XAUUSD,LONG,2020-11-18 14:00:00,2020-11-18 21:00:00,21,17:00–22:00 (Evening/NY Overlap),True,ONLINE_CAPTURED,1791.53,1776.14425,2020-11-19 00:00:00,1783.22,THESIS_EXIT,LOSS,-15.41,8.31,4.61572,0.464,0.258
BTCUSD_BASE_238,BTCUSD,SHORT,2020-11-18 16:00:00,2020-11-18 23:00:00,23,22:00–24:00 (Late Night NY Close),False,OFFLINE_MISSED,44334.5,45695.473,2020-11-19 11:00:00,45283.15,THESIS_EXIT,LOSS,-344.53,948.65,408.2919,2.14,0.921
US500_BASE_239,US500,LONG,2020-11-19 09:00:00,2020-11-19 16:00:00,16,16:00–17:00 (Dinner Break),False,OFFLINE_MISSED,3753.3,3714.859,2020-11-19 18:00:00,3726.39,THESIS_EXIT,LOSS,-21.92,26.91,11.5323,0.717,0.307
GBPUSD_BASE_241,GBPUSD,SHORT,2020-11-20 20:00:00,2020-11-21 03:00:00,3,00:00–09:00 (Overnight/Asia),False,OFFLINE_MISSED,1.33304,1.34179,2020-11-22 23:00:00,1.33753,THESIS_EXIT,LOSS,-169.65,0.00449,0.00263,0.337,0.197
USDJPY_BASE_240,USDJPY,SHORT,2020-11-19 14:00:00,2020-11-19 21:00:00,21,17:00–22:00 (Evening/NY Overlap),True,ONLINE_CAPTURED,134.22,135.408,2020-11-23 10:00:00,134.74,THESIS_EXIT,LOSS,-24.2,0.52,0.3564,0.387,0.266
GBPUSD_BASE_242,GBPUSD,LONG,2020-11-23 08:00:00,2020-11-23 15:00:00,15,09:00–16:00 (Day/London Open),True,ONLINE_CAPTURED,1.33674,1.32924,2020-11-24 12:00:00,1.32924,STOP_LOSS_TOUCH,LOSS,-275.0,0.0075,0.00225,0.561,0.168
USDJPY_BASE_244,USDJPY,LONG,2020-11-24 15:00:00,2020-11-24 22:00:00,22,22:00–24:00 (Late Night NY Close),False,OFFLINE_MISSED,135.65,134.58125,2020-11-25 07:00:00,135.16,THESIS_EXIT,LOSS,-23.53,0.49,0.32062,0.361,0.236
XAUUSD_BASE_243,XAUUSD,LONG,2020-11-24 12:00:00,2020-11-24 19:00:00,19,17:00–22:00 (Evening/NY Overlap),True,ONLINE_CAPTURED,1751.51,1740.201,2020-11-25 15:00:00,1745.03,THESIS_EXIT,LOSS,-14.77,6.48,3.3927,0.37,0.194
XAUUSD_BASE_246,XAUUSD,LONG,2020-11-26 11:00:00,2020-11-26 18:00:00,18,17:00–22:00 (Evening/NY Overlap),True,ONLINE_CAPTURED,1755.35,1741.56375,2020-11-27 07:00:00,1751.24,THESIS_EXIT,LOSS,-13.94,4.11,4.13588,0.234,0.236
BTCUSD_BASE_245,BTCUSD,LONG,2020-11-25 16:00:00,2020-11-25 23:00:00,23,22:00–24:00 (Late Night NY Close),False,OFFLINE_MISSED,47218.12,46011.1245,2020-11-29 11:00:00,46949.37,THESIS_EXIT,LOSS,-106.56,268.75,362.09865,0.569,0.767
BTCUSD_BASE_248,BTCUSD,SHORT,2020-11-30 06:00:00,2020-11-30 13:00:00,13,09:00–16:00 (Day/London Open),True,ONLINE_CAPTURED,46742.63,47438.0205,2020-11-30 10:00:00,47438.0205,STOP_LOSS_TOUCH,LOSS,-255.89,695.3905,208.61715,1.488,0.446
US500_BASE_247,US500,SHORT,2020-11-27 10:00:00,2020-11-27 17:00:00,17,17:00–22:00 (Evening/NY Overlap),True,ONLINE_CAPTURED,3499.73,3537.928,2020-11-30 10:00:00,3507.25,THESIS_EXIT,LOSS,-15.13,7.52,11.4594,0.215,0.327
XAUUSD_BASE_249,XAUUSD,SHORT,2020-11-30 11:00:00,2020-11-30 18:00:00,18,17:00–22:00 (Evening/NY Overlap),True,ONLINE_CAPTURED,1743.77,1756.4985,2020-11-30 13:00:00,1756.4985,STOP_LOSS_TOUCH,LOSS,-16.95,12.7285,3.81855,0.73,0.219
BTCUSD_BASE_250,BTCUSD,LONG,2020-12-01 04:00:00,2020-12-01 11:00:00,11,09:00–16:00 (Day/London Open),True,ONLINE_CAPTURED,47732.99,46892.26625,2020-12-01 15:00:00,47187.59,THESIS_EXIT,LOSS,-203.39,545.4,252.21712,1.143,0.528
BTCUSD_BASE_251,BTCUSD,SHORT,2020-12-02 08:00:00,2020-12-02 15:00:00,15,09:00–16:00 (Day/London Open),True,ONLINE_CAPTURED,47492.64,48253.852,2020-12-04 13:00:00,46687.45,THESIS_EXIT,WIN,269.32,304.4848,805.19,0.641,1.695
USDJPY_BASE_252,USDJPY,LONG,2020-12-03 18:00:00,2020-12-04 01:00:00,1,00:00–09:00 (Overnight/Asia),False,OFFLINE_MISSED,137.06,135.5865,2020-12-10 08:00:00,140.11,THESIS_EXIT,WIN,56.13,0.5894,3.05,0.43,2.225
BTCUSD_BASE_253,BTCUSD,LONG,2020-12-06 15:00:00,2020-12-06 22:00:00,22,22:00–24:00 (Late Night NY Close),False,OFFLINE_MISSED,47662.17,46952.123,2020-12-10 09:00:00,50886.09,THESIS_EXIT,WIN,1115.87,284.0188,3223.92,0.596,6.764
XAUUSD_BASE_254,XAUUSD,SHORT,2020-12-10 12:00:00,2020-12-10 19:00:00,19,17:00–22:00 (Evening/NY Overlap),True,ONLINE_CAPTURED,1830.96,1843.1575,2020-12-11 16:00:00,1840.07,THESIS_EXIT,LOSS,-15.69,9.11,3.65925,0.498,0.2
USDJPY_BASE_256,USDJPY,SHORT,2020-12-11 21:00:00,2020-12-12 04:00:00,4,00:00–09:00 (Overnight/Asia),False,OFFLINE_MISSED,140.74,142.1255,2020-12-15 13:00:00,140.83,THESIS_EXIT,LOSS,-14.53,0.09,0.41565,0.064,0.295
BTCUSD_BASE_255,BTCUSD,SHORT,2020-12-11 06:00:00,2020-12-11 13:00:00,13,09:00–16:00 (Day/London Open),True,ONLINE_CAPTURED,50427.26,51345.709,2020-12-16 11:00:00,46246.29,THESIS_EXIT,WIN,1450.84,367.3796,4180.97,0.729,8.291
USDJPY_BASE_258,USDJPY,LONG,2020-12-16 11:00:00,2020-12-16 18:00:00,18,17:00–22:00 (Evening/NY Overlap),True,ONLINE_CAPTURED,140.94,139.779,2020-12-17 14:00:00,140.36,THESIS_EXIT,LOSS,-25.55,0.58,0.3483,0.412,0.247
US500_BASE_257,US500,LONG,2020-12-15 18:00:00,2020-12-16 01:00:00,1,00:00–09:00 (Overnight/Asia),False,OFFLINE_MISSED,3414.09,3368.44575,2020-12-21 00:00:00,3534.0,THESIS_EXIT,WIN,29.47,18.2577,119.91,0.535,3.512
BTCUSD_BASE_260,BTCUSD,LONG,2020-12-21 07:00:00,2020-12-21 14:00:00,14,09:00–16:00 (Day/London Open),True,ONLINE_CAPTURED,49340.16,48582.301,2020-12-21 12:00:00,48870.44,THESIS_EXIT,LOSS,-176.9,469.72,227.3577,0.952,0.461
XAUUSD_BASE_259,XAUUSD,LONG,2020-12-18 19:00:00,2020-12-19 02:00:00,2,00:00–09:00 (Overnight/Asia),False,OFFLINE_MISSED,1851.88,1834.66175,2020-12-22 14:00:00,1849.71,THESIS_EXIT,LOSS,-13.26,2.17,5.16547,0.117,0.279
USDJPY_BASE_261,USDJPY,SHORT,2020-12-22 04:00:00,2020-12-22 11:00:00,11,09:00–16:00 (Day/London Open),True,ONLINE_CAPTURED,140.76,141.74675,2020-12-25 12:00:00,140.08,THESIS_EXIT,WIN,2.8,0.3947,0.68,0.28,0.483
GBPUSD_BASE_262,GBPUSD,LONG,2020-12-22 20:00:00,2020-12-23 03:00:00,3,00:00–09:00 (Overnight/Asia),False,OFFLINE_MISSED,1.30416,1.29266,2020-12-29 03:00:00,1.32105,THESIS_EXIT,WIN,578.65,0.0046,0.01689,0.353,1.295
US500_BASE_263,US500,LONG,2020-12-25 21:00:00,2020-12-26 04:00:00,4,00:00–09:00 (Overnight/Asia),False,OFFLINE_MISSED,3470.24,3425.5125,2020-12-29 14:00:00,3504.53,THESIS_EXIT,LOSS,-0.5,34.29,13.41825,0.988,0.387
GBPUSD_BASE_264,GBPUSD,SHORT,2020-12-29 13:00:00,2020-12-29 20:00:00,20,17:00–22:00 (Evening/NY Overlap),True,ONLINE_CAPTURED,1.31417,1.32617,2020-12-30 13:00:00,1.3181,THESIS_EXIT,LOSS,-150.05,0.00393,0.0036,0.299,0.274
US500_BASE_265,US500,SHORT,2020-12-30 05:00:00,2020-12-30 12:00:00,12,09:00–16:00 (Day/London Open),True,ONLINE_CAPTURED,3501.96,3540.58425,2020-12-31 16:00:00,3488.25,THESIS_EXIT,LOSS,-7.7,13.71,11.58727,0.391,0.331
GBPUSD_BASE_267,GBPUSD,LONG,2021-01-01 19:00:00,2021-01-02 02:00:00,2,00:00–09:00 (Overnight/Asia),False,OFFLINE_MISSED,1.30513,1.29538,2021-01-04 05:00:00,1.29538,STOP_LOSS_TOUCH,LOSS,-353.75,0.00975,0.00292,0.747,0.224
USDJPY_BASE_266,USDJPY,LONG,2020-12-30 13:00:00,2020-12-30 20:00:00,20,17:00–22:00 (Evening/NY Overlap),True,ONLINE_CAPTURED,140.76,139.67925,2021-01-04 10:00:00,144.18,THESIS_EXIT,WIN,64.45,0.4323,3.42,0.307,2.43
USDJPY_BASE_268,USDJPY,SHORT,2021-01-05 00:00:00,2021-01-05 07:00:00,7,00:00–09:00 (Overnight/Asia),False,OFFLINE_MISSED,144.62,145.5935,2021-01-05 15:00:00,145.22,THESIS_EXIT,LOSS,-26.0,0.6,0.29205,0.415,0.202
BTCUSD_BASE_270,BTCUSD,LONG,2021-01-05 15:00:00,2021-01-05 22:00:00,22,22:00–24:00 (Late Night NY Close),False,OFFLINE_MISSED,48987.68,48130.7205,2021-01-06 08:00:00,48542.6,THESIS_EXIT,LOSS,-168.28,445.08,257.08785,0.909,0.525
XAUUSD_BASE_269,XAUUSD,SHORT,2021-01-05 12:00:00,2021-01-05 19:00:00,19,17:00–22:00 (Evening/NY Overlap),True,ONLINE_CAPTURED,1910.74,1918.46475,2021-01-07 15:00:00,1910.03,THESIS_EXIT,LOSS,-12.25,0.71,2.31743,0.037,0.121
US500_BASE_271,US500,SHORT,2021-01-07 14:00:00,2021-01-07 21:00:00,21,17:00–22:00 (Evening/NY Overlap),True,ONLINE_CAPTURED,3391.47,3440.9965,2021-01-07 17:00:00,3423.79,THESIS_EXIT,LOSS,-23.81,32.32,14.85795,0.953,0.438
USDJPY_BASE_272,USDJPY,LONG,2021-01-07 17:00:00,2021-01-08 00:00:00,0,00:00–09:00 (Overnight/Asia),False,OFFLINE_MISSED,145.8,144.4625,2021-01-08 13:00:00,145.12,THESIS_EXIT,LOSS,-27.8,0.68,0.40125,0.466,0.275
GBPUSD_BASE_273,GBPUSD,SHORT,2021-01-08 07:00:00,2021-01-08 14:00:00,14,09:00–16:00 (Day/London Open),True,ONLINE_CAPTURED,1.29042,1.29967,2021-01-08 16:00:00,1.29967,STOP_LOSS_TOUCH,LOSS,-336.25,0.00925,0.00277,0.717,0.215
BTCUSD_BASE_274,BTCUSD,LONG,2021-01-09 09:00:00,2021-01-09 16:00:00,16,16:00–17:00 (Dinner Break),False,OFFLINE_MISSED,51191.58,50127.42375,2021-01-10 08:00:00,50390.08,THESIS_EXIT,LOSS,-293.03,801.5,319.24687,1.566,0.624
USDJPY_BASE_276,USDJPY,SHORT,2021-01-11 04:00:00,2021-01-11 11:00:00,11,09:00–16:00 (Day/London Open),True,ONLINE_CAPTURED,145.04,146.131,2021-01-12 20:00:00,144.57,THESIS_EXIT,LOSS,-1.93,0.47,0.3273,0.324,0.226
BTCUSD_BASE_275,BTCUSD,SHORT,2021-01-10 16:00:00,2021-01-10 23:00:00,23,22:00–24:00 (Late Night NY Close),False,OFFLINE_MISSED,50731.39,51776.84425,2021-01-13 10:00:00,49679.82,THESIS_EXIT,WIN,355.55,418.1817,1051.57,0.824,2.073
US500_BASE_277,US500,LONG,2021-01-13 14:00:00,2021-01-13 21:00:00,21,17:00–22:00 (Evening/NY Overlap),True,ONLINE_CAPTURED,3317.24,3269.8385,2021-01-14 05:00:00,3299.71,THESIS_EXIT,LOSS,-18.64,17.53,14.22045,0.528,0.429
USDJPY_BASE_278,USDJPY,LONG,2021-01-14 11:00:00,2021-01-14 18:00:00,18,17:00–22:00 (Evening/NY Overlap),True,ONLINE_CAPTURED,145.07,143.9305,2021-01-14 13:00:00,143.9305,STOP_LOSS_TOUCH,LOSS,-38.14,1.1395,0.34185,0.785,0.236
US500_BASE_279,US500,SHORT,2021-01-14 20:00:00,2021-01-15 03:00:00,3,00:00–09:00 (Overnight/Asia),False,OFFLINE_MISSED,3295.06,3333.941,2021-01-15 01:00:00,3319.24,THESIS_EXIT,LOSS,-20.96,24.18,11.6643,0.734,0.354
US500_BASE_280,US500,LONG,2021-01-15 05:00:00,2021-01-15 12:00:00,12,09:00–16:00 (Day/London Open),True,ONLINE_CAPTURED,3318.15,3281.86625,2021-01-15 14:00:00,3281.86625,STOP_LOSS_TOUCH,LOSS,-25.2,36.28375,10.88513,1.093,0.328
BTCUSD_BASE_281,BTCUSD,LONG,2021-01-15 05:00:00,2021-01-15 12:00:00,12,09:00–16:00 (Day/London Open),True,ONLINE_CAPTURED,51396.12,50659.772,2021-01-17 15:00:00,51481.74,THESIS_EXIT,WIN,17.47,294.5392,85.62,0.573,0.167
BTCUSD_BASE_283,BTCUSD,SHORT,2021-01-19 12:00:00,2021-01-19 19:00:00,19,17:00–22:00 (Evening/NY Overlap),True,ONLINE_CAPTURED,50872.95,51868.77375,2021-01-20 16:00:00,51119.64,THESIS_EXIT,LOSS,-98.84,246.69,298.74713,0.485,0.587
US500_BASE_284,US500,LONG,2021-01-21 15:00:00,2021-01-21 22:00:00,22,22:00–24:00 (Late Night NY Close),False,OFFLINE_MISSED,3402.33,3345.07275,2021-01-22 15:00:00,3405.95,THESIS_EXIT,LOSS,-11.23,3.62,17.17718,0.106,0.505
GBPUSD_BASE_282,GBPUSD,SHORT,2021-01-18 11:00:00,2021-01-18 18:00:00,18,17:00–22:00 (Evening/NY Overlap),True,ONLINE_CAPTURED,1.29323,1.30198,2021-01-24 23:00:00,1.27125,THESIS_EXIT,WIN,756.8,0.0035,0.02198,0.271,1.7
BTCUSD_BASE_285,BTCUSD,SHORT,2021-01-26 01:00:00,2021-01-26 08:00:00,8,00:00–09:00 (Overnight/Asia),False,OFFLINE_MISSED,50080.0,50995.5605,2021-01-28 06:00:00,50135.07,THESIS_EXIT,LOSS,-31.77,55.07,274.66815,0.11,0.548
US500_BASE_286,US500,SHORT,2021-01-26 08:00:00,2021-01-26 15:00:00,15,09:00–16:00 (Day/London Open),True,ONLINE_CAPTURED,3345.12,3391.71825,2021-01-28 07:00:00,3325.73,THESIS_EXIT,LOSS,-5.71,19.39,13.97948,0.58,0.418
XAUUSD_BASE_287,XAUUSD,SHORT,2021-01-28 12:00:00,2021-01-28 19:00:00,19,17:00–22:00 (Evening/NY Overlap),True,ONLINE_CAPTURED,1882.67,1891.4035,2021-01-29 08:00:00,1889.84,THESIS_EXIT,LOSS,-15.01,7.17,2.62005,0.381,0.139
US500_BASE_288,US500,LONG,2021-01-28 18:00:00,2021-01-29 01:00:00,1,00:00–09:00 (Overnight/Asia),False,OFFLINE_MISSED,3321.78,3274.9375,2021-01-29 15:00:00,3291.55,THESIS_EXIT,LOSS,-23.08,30.23,14.05275,0.91,0.423
BTCUSD_BASE_290,BTCUSD,LONG,2021-01-30 08:00:00,2021-01-30 15:00:00,15,09:00–16:00 (Day/London Open),True,ONLINE_CAPTURED,51310.72,50677.25975,2021-01-31 11:00:00,50918.37,THESIS_EXIT,LOSS,-149.82,392.35,190.03807,0.765,0.37
USDJPY_BASE_289,USDJPY,SHORT,2021-01-29 16:00:00,2021-01-29 23:00:00,23,22:00–24:00 (Late Night NY Close),False,OFFLINE_MISSED,141.0,142.064,2021-02-01 05:00:00,141.32,THESIS_EXIT,LOSS,-19.7,0.32,0.3192,0.227,0.226
XAUUSD_BASE_291,XAUUSD,LONG,2021-02-01 01:00:00,2021-02-01 08:00:00,8,00:00–09:00 (Overnight/Asia),False,OFFLINE_MISSED,1889.59,1883.8355,2021-02-01 05:00:00,1886.76,THESIS_EXIT,LOSS,-13.49,2.83,1.72635,0.15,0.091
US500_BASE_293,US500,LONG,2021-02-01 10:00:00,2021-02-01 17:00:00,17,17:00–22:00 (Evening/NY Overlap),True,ONLINE_CAPTURED,3330.13,3282.74825,2021-02-01 12:00:00,3299.12,THESIS_EXIT,LOSS,-23.35,31.01,14.21453,0.931,0.427
USDJPY_BASE_294,USDJPY,LONG,2021-02-01 16:00:00,2021-02-01 23:00:00,23,22:00–24:00 (Late Night NY Close),False,OFFLINE_MISSED,141.4,140.31875,2021-02-02 06:00:00,140.73,THESIS_EXIT,LOSS,-27.58,0.67,0.32438,0.474,0.229
GBPUSD_BASE_292,GBPUSD,SHORT,2021-02-01 05:00:00,2021-02-01 12:00:00,12,09:00–16:00 (Day/London Open),True,ONLINE_CAPTURED,1.26717,1.27667,2021-02-02 09:00:00,1.27667,STOP_LOSS_TOUCH,LOSS,-345.0,0.0095,0.00285,0.75,0.225
BTCUSD_BASE_296,BTCUSD,LONG,2021-02-04 05:00:00,2021-02-04 12:00:00,12,09:00–16:00 (Day/London Open),True,ONLINE_CAPTURED,52336.73,51472.77,2021-02-04 10:00:00,51472.77,STOP_LOSS_TOUCH,LOSS,-314.89,863.96,259.188,1.651,0.495
USDJPY_BASE_295,USDJPY,SHORT,2021-02-03 03:00:00,2021-02-03 10:00:00,10,09:00–16:00 (Day/London Open),True,ONLINE_CAPTURED,140.58,141.4325,2021-02-08 11:00:00,140.79,THESIS_EXIT,LOSS,-17.22,0.21,0.25575,0.149,0.182
GBPUSD_BASE_298,GBPUSD,SHORT,2021-02-09 05:00:00,2021-02-09 12:00:00,12,09:00–16:00 (Day/London Open),True,ONLINE_CAPTURED,1.28936,1.29686,2021-02-11 10:00:00,1.2876,THESIS_EXIT,WIN,49.1,0.003,0.00176,0.233,0.137
GBPUSD_BASE_299,GBPUSD,LONG,2021-02-12 11:00:00,2021-02-12 18:00:00,18,17:00–22:00 (Evening/NY Overlap),True,ONLINE_CAPTURED,1.29534,1.28709,2021-02-12 19:00:00,1.28709,STOP_LOSS_TOUCH,LOSS,-301.25,0.00825,0.00248,0.637,0.191
USDJPY_BASE_300,USDJPY,LONG,2021-02-15 06:00:00,2021-02-15 13:00:00,13,09:00–16:00 (Day/London Open),True,ONLINE_CAPTURED,142.48,141.604,2021-02-15 07:00:00,141.604,STOP_LOSS_TOUCH,LOSS,-32.21,0.876,0.2628,0.615,0.184
BTCUSD_BASE_301,BTCUSD,SHORT,2021-02-15 09:00:00,2021-02-15 16:00:00,16,16:00–17:00 (Dinner Break),False,OFFLINE_MISSED,50747.53,51617.28575,2021-02-16 13:00:00,51171.96,THESIS_EXIT,LOSS,-161.05,424.43,260.92672,0.836,0.514
BTCUSD_BASE_302,BTCUSD,LONG,2021-02-16 21:00:00,2021-02-17 04:00:00,4,00:00–09:00 (Overnight/Asia),False,OFFLINE_MISSED,50845.44,49787.27,2021-02-17 12:00:00,50331.08,THESIS_EXIT,LOSS,-192.53,514.36,317.451,1.012,0.624
US500_BASE_303,US500,LONG,2021-02-17 13:00:00,2021-02-17 20:00:00,20,17:00–22:00 (Evening/NY Overlap),True,ONLINE_CAPTURED,3390.4,3343.7805,2021-02-22 16:00:00,3420.55,THESIS_EXIT,LOSS,-1.95,30.15,13.98585,0.889,0.413
GBPUSD_BASE_304,GBPUSD,LONG,2021-02-22 16:00:00,2021-02-22 23:00:00,23,22:00–24:00 (Late Night NY Close),False,OFFLINE_MISSED,1.29038,1.28138,2021-02-22 20:00:00,1.2866,THESIS_EXIT,LOSS,-144.8,0.00378,0.0027,0.293,0.209
BTCUSD_BASE_305,BTCUSD,LONG,2021-02-23 01:00:00,2021-02-23 08:00:00,8,00:00–09:00 (Overnight/Asia),False,OFFLINE_MISSED,48123.9,47365.25275,2021-02-23 15:00:00,47365.25275,STOP_LOSS_TOUCH,LOSS,-278.03,758.64725,227.59418,1.576,0.473
US500_BASE_306,US500,LONG,2021-02-23 15:00:00,2021-02-23 22:00:00,22,22:00–24:00 (Late Night NY Close),False,OFFLINE_MISSED,3441.59,3391.7315,2021-02-24 15:00:00,3391.7315,STOP_LOSS_TOUCH,LOSS,-29.95,49.8585,14.95755,1.449,0.435
XAUUSD_BASE_297,XAUUSD,SHORT,2021-02-04 16:00:00,2021-02-04 23:00:00,23,22:00–24:00 (Late Night NY Close),False,OFFLINE_MISSED,1851.57,1858.75625,2021-02-25 03:00:00,1755.0,THESIS_EXIT,WIN,21.3,2.8745,96.57,0.155,5.216
BTCUSD_BASE_307,BTCUSD,SHORT,2021-02-25 04:00:00,2021-02-25 11:00:00,11,09:00–16:00 (Day/London Open),True,ONLINE_CAPTURED,47189.47,47946.56725,2021-02-25 12:00:00,47946.56725,STOP_LOSS_TOUCH,LOSS,-277.48,757.09725,227.12917,1.604,0.481
BTCUSD_BASE_308,BTCUSD,LONG,2021-02-25 19:00:00,2021-02-26 02:00:00,2,00:00–09:00 (Overnight/Asia),False,OFFLINE_MISSED,47664.5,46597.226,2021-02-26 13:00:00,46996.15,THESIS_EXIT,LOSS,-246.42,668.35,320.1822,1.402,0.672
GBPUSD_BASE_309,GBPUSD,SHORT,2021-02-26 14:00:00,2021-02-26 21:00:00,21,17:00–22:00 (Evening/NY Overlap),True,ONLINE_CAPTURED,1.28066,1.29191,2021-03-01 04:00:00,1.28613,THESIS_EXIT,LOSS,-203.95,0.00547,0.00337,0.427,0.264
USDJPY_BASE_310,USDJPY,LONG,2021-03-01 12:00:00,2021-03-01 19:00:00,19,17:00–22:00 (Evening/NY Overlap),True,ONLINE_CAPTURED,145.49,144.46375,2021-03-02 12:00:00,145.08,THESIS_EXIT,LOSS,-21.72,0.41,0.30788,0.282,0.212
XAUUSD_BASE_311,XAUUSD,SHORT,2021-03-01 17:00:00,2021-03-02 00:00:00,0,00:00–09:00 (Overnight/Asia),False,OFFLINE_MISSED,1754.54,1762.10425,2021-03-03 15:00:00,1757.01,THESIS_EXIT,LOSS,-13.36,2.47,2.26927,0.141,0.129
XAUUSD_BASE_313,XAUUSD,LONG,2021-03-04 06:00:00,2021-03-04 13:00:00,13,09:00–16:00 (Day/London Open),True,ONLINE_CAPTURED,1754.04,1747.3315,2021-03-05 07:00:00,1755.84,THESIS_EXIT,LOSS,-11.87,1.8,2.01255,0.103,0.115
BTCUSD_BASE_314,BTCUSD,SHORT,2021-03-05 13:00:00,2021-03-05 20:00:00,20,17:00–22:00 (Evening/NY Overlap),True,ONLINE_CAPTURED,44970.68,45924.6655,2021-03-09 05:00:00,43376.08,THESIS_EXIT,WIN,545.61,381.5942,1594.6,0.849,3.546
XAUUSD_BASE_315,XAUUSD,SHORT,2021-03-09 06:00:00,2021-03-09 13:00:00,13,09:00–16:00 (Day/London Open),True,ONLINE_CAPTURED,1742.86,1748.19225,2021-03-09 12:00:00,1748.19225,STOP_LOSS_TOUCH,LOSS,-14.37,5.33225,1.59967,0.306,0.092
BTCUSD_BASE_316,BTCUSD,LONG,2021-03-09 15:00:00,2021-03-09 22:00:00,22,22:00–24:00 (Late Night NY Close),False,OFFLINE_MISSED,43284.7,42383.34425,2021-03-10 06:00:00,42823.95,THESIS_EXIT,LOSS,-173.76,460.75,270.40673,1.064,0.625
GBPUSD_BASE_317,GBPUSD,LONG,2021-03-10 09:00:00,2021-03-10 16:00:00,16,16:00–17:00 (Dinner Break),False,OFFLINE_MISSED,1.31984,1.31034,2021-03-10 13:00:00,1.31137,THESIS_EXIT,LOSS,-308.95,0.00847,0.00285,0.642,0.216
USDJPY_BASE_312,USDJPY,LONG,2021-03-03 17:00:00,2021-03-04 00:00:00,0,00:00–09:00 (Overnight/Asia),False,OFFLINE_MISSED,145.53,144.13725,2021-03-11 09:00:00,150.21,THESIS_EXIT,WIN,92.8,0.5571,4.68,0.383,3.216
XAUUSD_BASE_318,XAUUSD,SHORT,2021-03-10 16:00:00,2021-03-10 23:00:00,23,22:00–24:00 (Late Night NY Close),False,OFFLINE_MISSED,1747.4,1755.882,2021-03-11 20:00:00,1750.17,THESIS_EXIT,LOSS,-13.47,2.77,2.5446,0.159,0.146
US500_BASE_319,US500,LONG,2021-03-12 14:00:00,2021-03-12 21:00:00,21,17:00–22:00 (Evening/NY Overlap),True,ONLINE_CAPTURED,3291.68,3235.73175,2021-03-15 08:00:00,3257.73,THESIS_EXIT,LOSS,-24.38,33.95,16.78447,1.031,0.51
XAUUSD_BASE_320,XAUUSD,SHORT,2021-03-12 19:00:00,2021-03-13 02:00:00,2,00:00–09:00 (Overnight/Asia),False,OFFLINE_MISSED,1743.63,1750.02075,2021-03-15 14:00:00,1744.68,THESIS_EXIT,LOSS,-12.87,1.05,1.91723,0.06,0.11
US500_BASE_322,US500,SHORT,2021-03-16 07:00:00,2021-03-16 14:00:00,14,09:00–16:00 (Day/London Open),True,ONLINE_CAPTURED,3226.25,3272.50525,2021-03-16 11:00:00,3272.50525,STOP_LOSS_TOUCH,LOSS,-28.69,46.25525,13.87658,1.434,0.43
USDJPY_BASE_321,USDJPY,SHORT,2021-03-15 10:00:00,2021-03-15 17:00:00,17,17:00–22:00 (Evening/NY Overlap),True,ONLINE_CAPTURED,149.27,150.285,2021-03-17 07:00:00,149.75,THESIS_EXIT,LOSS,-23.3,0.48,0.3045,0.322,0.204
GBPUSD_BASE_323,GBPUSD,SHORT,2021-03-17 02:00:00,2021-03-17 09:00:00,9,09:00–16:00 (Day/London Open),True,ONLINE_CAPTURED,1.30571,1.31471,2021-03-17 15:00:00,1.31172,THESIS_EXIT,LOSS,-222.85,0.00601,0.0027,0.46,0.207
US500_BASE_324,US500,SHORT,2021-03-17 13:00:00,2021-03-17 20:00:00,20,17:00–22:00 (Evening/NY Overlap),True,ONLINE_CAPTURED,3204.49,3251.8,2021-03-17 19:00:00,3232.82,THESIS_EXIT,LOSS,-22.42,28.33,14.193,0.884,0.443
USDJPY_BASE_325,USDJPY,LONG,2021-03-17 23:00:00,2021-03-18 06:00:00,6,00:00–09:00 (Overnight/Asia),False,OFFLINE_MISSED,149.71,148.50525,2021-03-18 13:00:00,149.13,THESIS_EXIT,LOSS,-25.55,0.58,0.36142,0.387,0.241
GBPUSD_BASE_326,GBPUSD,LONG,2021-03-19 05:00:00,2021-03-19 12:00:00,12,09:00–16:00 (Day/London Open),True,ONLINE_CAPTURED,1.3184,1.3104,2021-03-19 10:00:00,1.3104,STOP_LOSS_TOUCH,LOSS,-292.5,0.008,0.0024,0.607,0.182
BTCUSD_BASE_327,BTCUSD,SHORT,2021-03-19 09:00:00,2021-03-19 16:00:00,16,16:00–17:00 (Dinner Break),False,OFFLINE_MISSED,42368.09,43453.21075,2021-03-19 12:00:00,43453.21075,STOP_LOSS_TOUCH,LOSS,-392.29,1085.12075,325.53623,2.561,0.768
USDJPY_BASE_329,USDJPY,LONG,2021-03-23 08:00:00,2021-03-23 15:00:00,15,09:00–16:00 (Day/London Open),True,ONLINE_CAPTURED,149.85,148.88625,2021-03-23 12:00:00,148.88625,STOP_LOSS_TOUCH,LOSS,-34.18,0.96375,0.28913,0.643,0.193
BTCUSD_BASE_330,BTCUSD,SHORT,2021-03-24 07:00:00,2021-03-24 14:00:00,14,09:00–16:00 (Day/London Open),True,ONLINE_CAPTURED,42897.09,43702.86975,2021-03-24 08:00:00,43347.34,THESIS_EXIT,LOSS,-170.09,450.25,241.73393,1.05,0.564
BTCUSD_BASE_331,BTCUSD,LONG,2021-03-24 16:00:00,2021-03-24 23:00:00,23,22:00–24:00 (Late Night NY Close),False,OFFLINE_MISSED,43167.01,42179.565,2021-03-26 16:00:00,44181.15,THESIS_EXIT,WIN,342.45,394.978,1014.14,0.915,2.349
BTCUSD_BASE_332,BTCUSD,LONG,2021-03-28 15:00:00,2021-03-28 22:00:00,22,22:00–24:00 (Late Night NY Close),False,OFFLINE_MISSED,46229.31,45050.952,2021-03-30 11:00:00,46949.25,THESIS_EXIT,WIN,239.48,471.3432,719.94,1.02,1.557
XAUUSD_BASE_333,XAUUSD,LONG,2021-03-30 11:00:00,2021-03-30 18:00:00,18,17:00–22:00 (Evening/NY Overlap),True,ONLINE_CAPTURED,1754.51,1748.33625,2021-03-31 13:00:00,1751.38,THESIS_EXIT,LOSS,-13.6,3.13,1.85212,0.178,0.106
USDJPY_BASE_334,USDJPY,SHORT,2021-04-01 08:00:00,2021-04-01 15:00:00,15,09:00–16:00 (Day/London Open),True,ONLINE_CAPTURED,144.87,146.05325,2021-04-01 13:00:00,145.61,THESIS_EXIT,LOSS,-29.15,0.74,0.35497,0.511,0.245
XAUUSD_BASE_335,XAUUSD,LONG,2021-04-02 06:00:00,2021-04-02 13:00:00,13,09:00–16:00 (Day/London Open),True,ONLINE_CAPTURED,1758.26,1752.74925,2021-04-02 07:00:00,1752.74925,STOP_LOSS_TOUCH,LOSS,-14.43,5.51075,1.65322,0.313,0.094
US500_BASE_328,US500,LONG,2021-03-22 12:00:00,2021-03-22 19:00:00,19,17:00–22:00 (Evening/NY Overlap),True,ONLINE_CAPTURED,3271.68,3218.172,2021-04-02 14:00:00,3591.54,THESIS_EXIT,WIN,99.45,21.4032,319.86,0.654,9.777
XAUUSD_BASE_337,XAUUSD,SHORT,2021-04-05 05:00:00,2021-04-05 12:00:00,12,09:00–16:00 (Day/London Open),True,ONLINE_CAPTURED,1750.81,1758.9315,2021-04-05 13:00:00,1756.04,THESIS_EXIT,LOSS,-14.33,5.23,2.43645,0.299,0.139
USDJPY_BASE_336,USDJPY,LONG,2021-04-02 14:00:00,2021-04-02 21:00:00,21,17:00–22:00 (Evening/NY Overlap),True,ONLINE_CAPTURED,145.89,144.78125,2021-04-05 14:00:00,145.79,THESIS_EXIT,LOSS,-14.75,0.1,0.33262,0.069,0.228
BTCUSD_BASE_339,BTCUSD,LONG,2021-04-07 12:00:00,2021-04-07 19:00:00,19,17:00–22:00 (Evening/NY Overlap),True,ONLINE_CAPTURED,45307.3,44329.3535,2021-04-07 15:00:00,44329.3535,STOP_LOSS_TOUCH,LOSS,-354.78,977.9465,293.38395,2.158,0.648
US500_BASE_340,US500,LONG,2021-04-07 16:00:00,2021-04-07 23:00:00,23,22:00–24:00 (Late Night NY Close),False,OFFLINE_MISSED,3642.0,3595.01325,2021-04-13 03:00:00,3656.88,THESIS_EXIT,LOSS,-7.29,14.88,14.09603,0.409,0.387
US500_BASE_341,US500,SHORT,2021-04-13 13:00:00,2021-04-13 20:00:00,20,17:00–22:00 (Evening/NY Overlap),True,ONLINE_CAPTURED,3660.72,3704.752,2021-04-13 15:00:00,3687.25,THESIS_EXIT,LOSS,-21.79,26.53,13.2096,0.725,0.361
USDJPY_BASE_338,USDJPY,SHORT,2021-04-07 07:00:00,2021-04-07 14:00:00,14,09:00–16:00 (Day/London Open),True,ONLINE_CAPTURED,144.32,145.3915,2021-04-13 16:00:00,142.05,THESIS_EXIT,WIN,38.57,0.4286,2.27,0.297,1.573
XAUUSD_BASE_342,XAUUSD,SHORT,2021-04-14 08:00:00,2021-04-14 15:00:00,15,09:00–16:00 (Day/London Open),True,ONLINE_CAPTURED,1756.32,1762.369,2021-04-14 14:00:00,1762.369,STOP_LOSS_TOUCH,LOSS,-14.62,6.049,1.8147,0.344,0.103
USDJPY_BASE_343,USDJPY,SHORT,2021-04-14 13:00:00,2021-04-14 20:00:00,20,17:00–22:00 (Evening/NY Overlap),True,ONLINE_CAPTURED,141.26,142.35825,2021-04-20 12:00:00,139.94,THESIS_EXIT,WIN,17.2,0.4393,1.32,0.311,0.934
US500_BASE_344,US500,SHORT,2021-04-15 09:00:00,2021-04-15 16:00:00,16,16:00–17:00 (Dinner Break),False,OFFLINE_MISSED,3655.93,3694.303,2021-04-20 15:00:00,3604.65,THESIS_EXIT,WIN,5.45,15.3492,51.28,0.42,1.403
GBPUSD_BASE_345,GBPUSD,LONG,2021-04-20 12:00:00,2021-04-20 19:00:00,19,17:00–22:00 (Evening/NY Overlap),True,ONLINE_CAPTURED,1.35589,1.34564,2021-04-21 03:00:00,1.34926,THESIS_EXIT,LOSS,-244.55,0.00663,0.00308,0.489,0.227
USDJPY_BASE_346,USDJPY,LONG,2021-04-21 06:00:00,2021-04-21 13:00:00,13,09:00–16:00 (Day/London Open),True,ONLINE_CAPTURED,139.81,138.8075,2021-04-22 00:00:00,139.02,THESIS_EXIT,LOSS,-30.27,0.79,0.30075,0.565,0.215
XAUUSD_BASE_347,XAUUSD,SHORT,2021-04-21 08:00:00,2021-04-21 15:00:00,15,09:00–16:00 (Day/London Open),True,ONLINE_CAPTURED,1758.65,1764.79875,2021-04-22 12:00:00,1759.65,THESIS_EXIT,LOSS,-12.85,1.0,1.84463,0.057,0.105
USDJPY_BASE_349,USDJPY,SHORT,2021-04-22 13:00:00,2021-04-22 20:00:00,20,17:00–22:00 (Evening/NY Overlap),True,ONLINE_CAPTURED,139.1,140.28025,2021-04-22 15:00:00,140.28025,STOP_LOSS_TOUCH,LOSS,-39.06,1.18025,0.35408,0.848,0.255
XAUUSD_BASE_350,XAUUSD,LONG,2021-04-23 06:00:00,2021-04-23 13:00:00,13,09:00–16:00 (Day/London Open),True,ONLINE_CAPTURED,1758.07,1752.0935,2021-04-23 10:00:00,1755.48,THESIS_EXIT,LOSS,-13.41,2.59,1.79295,0.147,0.102
US500_BASE_348,US500,LONG,2021-04-22 12:00:00,2021-04-22 19:00:00,19,17:00–22:00 (Evening/NY Overlap),True,ONLINE_CAPTURED,3649.11,3603.519,2021-04-26 03:00:00,3629.19,THESIS_EXIT,LOSS,-19.47,19.92,13.6773,0.546,0.375
XAUUSD_BASE_352,XAUUSD,SHORT,2021-04-26 11:00:00,2021-04-26 18:00:00,18,17:00–22:00 (Evening/NY Overlap),True,ONLINE_CAPTURED,1755.48,1759.9295,2021-04-26 13:00:00,1759.9295,STOP_LOSS_TOUCH,LOSS,-14.06,4.4495,1.33485,0.253,0.076
US500_BASE_353,US500,SHORT,2021-04-26 16:00:00,2021-04-26 23:00:00,23,22:00–24:00 (Late Night NY Close),False,OFFLINE_MISSED,3628.46,3678.83075,2021-04-29 10:00:00,3558.64,THESIS_EXIT,WIN,11.94,20.1483,69.82,0.555,1.924
GBPUSD_BASE_351,GBPUSD,SHORT,2021-04-23 17:00:00,2021-04-24 00:00:00,0,00:00–09:00 (Overnight/Asia),False,OFFLINE_MISSED,1.34932,1.35882,2021-04-29 12:00:00,1.33723,THESIS_EXIT,WIN,410.65,0.0038,0.01209,0.282,0.896
BTCUSD_BASE_354,BTCUSD,LONG,2021-04-29 11:00:00,2021-04-29 18:00:00,18,17:00–22:00 (Evening/NY Overlap),True,ONLINE_CAPTURED,42541.48,41717.708,2021-05-01 03:00:00,42744.3,THESIS_EXIT,WIN,58.49,329.5088,202.82,0.775,0.477
BTCUSD_BASE_355,BTCUSD,LONG,2021-05-02 22:00:00,2021-05-03 05:00:00,5,00:00–09:00 (Overnight/Asia),False,OFFLINE_MISSED,42433.01,41598.699,2021-05-05 07:00:00,42603.56,THESIS_EXIT,WIN,47.19,333.7244,170.55,0.786,0.402
BTCUSD_BASE_357,BTCUSD,SHORT,2021-05-06 04:00:00,2021-05-06 11:00:00,11,09:00–16:00 (Day/London Open),True,ONLINE_CAPTURED,41832.56,42622.94075,2021-05-06 11:00:00,42622.94075,STOP_LOSS_TOUCH,LOSS,-289.13,790.38075,237.11422,1.889,0.567
BTCUSD_BASE_358,BTCUSD,LONG,2021-05-06 15:00:00,2021-05-06 22:00:00,22,22:00–24:00 (Late Night NY Close),False,OFFLINE_MISSED,42042.56,40993.49125,2021-05-06 20:00:00,41496.18,THESIS_EXIT,LOSS,-203.73,546.38,314.72062,1.3,0.749
XAUUSD_BASE_356,XAUUSD,LONG,2021-05-03 16:00:00,2021-05-03 23:00:00,23,22:00–24:00 (Late Night NY Close),False,OFFLINE_MISSED,1756.92,1748.04475,2021-05-07 13:00:00,1780.37,THESIS_EXIT,LOSS,-4.29,23.45,2.66258,1.335,0.152
XAUUSD_BASE_360,XAUUSD,SHORT,2021-05-07 21:00:00,2021-05-08 04:00:00,4,00:00–09:00 (Overnight/Asia),False,OFFLINE_MISSED,1784.16,1791.20975,2021-05-10 01:00:00,1787.66,THESIS_EXIT,LOSS,-13.72,3.5,2.11492,0.196,0.119
USDJPY_BASE_361,USDJPY,SHORT,2021-05-11 13:00:00,2021-05-11 20:00:00,20,17:00–22:00 (Evening/NY Overlap),True,ONLINE_CAPTURED,133.03,134.01925,2021-05-12 04:00:00,133.6,THESIS_EXIT,LOSS,-25.32,0.57,0.29677,0.428,0.223
GBPUSD_BASE_359,GBPUSD,SHORT,2021-05-07 12:00:00,2021-05-07 19:00:00,19,17:00–22:00 (Evening/NY Overlap),True,ONLINE_CAPTURED,1.31841,1.32966,2021-05-12 10:00:00,1.29343,THESIS_EXIT,WIN,861.8,0.0045,0.02498,0.341,1.895
USDJPY_BASE_362,USDJPY,LONG,2021-05-13 02:00:00,2021-05-13 09:00:00,9,09:00–16:00 (Day/London Open),True,ONLINE_CAPTURED,133.91,132.827,2021-05-13 12:00:00,132.827,STOP_LOSS_TOUCH,LOSS,-36.87,1.083,0.3249,0.809,0.243
BTCUSD_BASE_364,BTCUSD,LONG,2021-05-16 17:00:00,2021-05-17 00:00:00,0,00:00–09:00 (Overnight/Asia),False,OFFLINE_MISSED,40135.91,39083.11375,2021-05-16 23:00:00,39556.28,THESIS_EXIT,LOSS,-215.37,579.63,315.83887,1.444,0.787
XAUUSD_BASE_363,XAUUSD,LONG,2021-05-14 17:00:00,2021-05-15 00:00:00,0,00:00–09:00 (Overnight/Asia),False,OFFLINE_MISSED,1854.0,1842.82425,2021-05-17 06:00:00,1848.12,THESIS_EXIT,LOSS,-14.56,5.88,3.35273,0.317,0.181
GBPUSD_BASE_365,GBPUSD,SHORT,2021-05-17 10:00:00,2021-05-17 17:00:00,17,17:00–22:00 (Evening/NY Overlap),True,ONLINE_CAPTURED,1.2554,1.2679,2021-05-19 12:00:00,1.25727,THESIS_EXIT,LOSS,-77.95,0.00187,0.00375,0.149,0.299
USDJPY_BASE_366,USDJPY,SHORT,2021-05-17 14:00:00,2021-05-17 21:00:00,21,17:00–22:00 (Evening/NY Overlap),True,ONLINE_CAPTURED,132.73,133.815,2021-05-25 08:00:00,129.17,THESIS_EXIT,WIN,67.6,0.434,3.56,0.327,2.682
US500_BASE_367,US500,LONG,2021-05-20 04:00:00,2021-05-20 11:00:00,11,09:00–16:00 (Day/London Open),True,ONLINE_CAPTURED,3500.55,3464.525,2021-05-25 18:00:00,3556.77,THESIS_EXIT,WIN,7.18,14.41,56.22,0.412,1.606
GBPUSD_BASE_368,GBPUSD,LONG,2021-05-26 03:00:00,2021-05-26 10:00:00,10,09:00–16:00 (Day/London Open),True,ONLINE_CAPTURED,1.22912,1.22087,2021-05-27 04:00:00,1.22356,THESIS_EXIT,LOSS,-207.1,0.00556,0.00248,0.452,0.201
XAUUSD_BASE_369,XAUUSD,LONG,2021-05-26 15:00:00,2021-05-26 22:00:00,22,22:00–24:00 (Late Night NY Close),False,OFFLINE_MISSED,1869.54,1859.76625,2021-05-27 14:00:00,1867.1,THESIS_EXIT,LOSS,-13.35,2.44,2.93213,0.131,0.157
US500_BASE_370,US500,LONG,2021-05-27 08:00:00,2021-05-27 15:00:00,15,09:00–16:00 (Day/London Open),True,ONLINE_CAPTURED,3549.17,3508.25275,2021-05-28 10:00:00,3541.33,THESIS_EXIT,LOSS,-15.24,7.84,12.27517,0.221,0.346
USDJPY_BASE_371,USDJPY,LONG,2021-05-28 02:00:00,2021-05-28 09:00:00,9,09:00–16:00 (Day/London Open),True,ONLINE_CAPTURED,131.59,130.56675,2021-05-31 06:00:00,131.54,THESIS_EXIT,LOSS,-13.63,0.05,0.30697,0.038,0.233
XAUUSD_BASE_372,XAUUSD,LONG,2021-05-28 15:00:00,2021-05-28 22:00:00,22,22:00–24:00 (Late Night NY Close),False,OFFLINE_MISSED,1878.62,1868.20275,2021-06-01 03:00:00,1875.15,THESIS_EXIT,LOSS,-13.71,3.47,3.12517,0.185,0.166
BTCUSD_BASE_373,BTCUSD,SHORT,2021-05-31 14:00:00,2021-05-31 21:00:00,21,17:00–22:00 (Evening/NY Overlap),True,ONLINE_CAPTURED,41023.71,41928.63425,2021-06-03 03:00:00,41436.8,THESIS_EXIT,LOSS,-157.08,413.09,271.47728,1.007,0.662
XAUUSD_BASE_374,XAUUSD,SHORT,2021-06-01 19:00:00,2021-06-02 02:00:00,2,00:00–09:00 (Overnight/Asia),False,OFFLINE_MISSED,1872.08,1881.12625,2021-06-03 12:00:00,1864.37,THESIS_EXIT,LOSS,-9.8,7.71,2.71388,0.412,0.145
BTCUSD_BASE_376,BTCUSD,LONG,2021-06-04 07:00:00,2021-06-04 14:00:00,14,09:00–16:00 (Day/London Open),True,ONLINE_CAPTURED,41594.34,40785.20425,2021-06-06 12:00:00,42155.99,THESIS_EXIT,WIN,184.08,323.6543,561.65,0.778,1.35
US500_BASE_375,US500,LONG,2021-06-03 09:00:00,2021-06-03 16:00:00,16,16:00–17:00 (Dinner Break),False,OFFLINE_MISSED,3616.08,3576.8275,2021-06-07 10:00:00,3603.0,THESIS_EXIT,LOSS,-17.08,13.08,11.77575,0.362,0.326
XAUUSD_BASE_378,XAUUSD,SHORT,2021-06-07 13:00:00,2021-06-07 20:00:00,20,17:00–22:00 (Evening/NY Overlap),True,ONLINE_CAPTURED,1848.19,1855.36675,2021-06-07 16:00:00,1855.36675,STOP_LOSS_TOUCH,LOSS,-15.01,7.17675,2.15303,0.388,0.116
BTCUSD_BASE_377,BTCUSD,SHORT,2021-06-07 00:00:00,2021-06-07 07:00:00,7,00:00–09:00 (Overnight/Asia),False,OFFLINE_MISSED,42116.72,42988.97425,2021-06-08 12:00:00,41996.46,THESIS_EXIT,WIN,29.59,348.9017,120.26,0.828,0.286
BTCUSD_BASE_380,BTCUSD,LONG,2021-06-09 05:00:00,2021-06-09 12:00:00,12,09:00–16:00 (Day/London Open),True,ONLINE_CAPTURED,42027.5,41231.292,2021-06-09 07:00:00,41231.292,STOP_LOSS_TOUCH,LOSS,-291.17,796.208,238.8624,1.894,0.568
US500_BASE_379,US500,SHORT,2021-06-08 16:00:00,2021-06-08 23:00:00,23,22:00–24:00 (Late Night NY Close),False,OFFLINE_MISSED,3571.46,3620.303,2021-06-09 09:00:00,3603.5,THESIS_EXIT,LOSS,-23.71,32.04,14.6529,0.897,0.41
USDJPY_BASE_382,USDJPY,LONG,2021-06-09 20:00:00,2021-06-10 03:00:00,3,00:00–09:00 (Overnight/Asia),False,OFFLINE_MISSED,132.47,131.25325,2021-06-10 11:00:00,131.88,THESIS_EXIT,LOSS,-25.78,0.59,0.36502,0.445,0.276
US500_BASE_383,US500,SHORT,2021-06-11 11:00:00,2021-06-11 18:00:00,18,17:00–22:00 (Evening/NY Overlap),True,ONLINE_CAPTURED,3619.74,3659.11275,2021-06-11 13:00:00,3659.11275,STOP_LOSS_TOUCH,LOSS,-26.28,39.37275,11.81182,1.088,0.326
BTCUSD_BASE_381,BTCUSD,SHORT,2021-06-09 10:00:00,2021-06-09 17:00:00,17,17:00–22:00 (Evening/NY Overlap),True,ONLINE_CAPTURED,41809.69,42770.385,2021-06-12 16:00:00,39693.88,THESIS_EXIT,WIN,728.03,384.278,2115.81,0.919,5.061
GBPUSD_BASE_384,GBPUSD,LONG,2021-06-15 00:00:00,2021-06-15 07:00:00,7,00:00–09:00 (Overnight/Asia),False,OFFLINE_MISSED,1.22922,1.21997,2021-06-15 04:00:00,1.22415,THESIS_EXIT,LOSS,-189.95,0.00507,0.00277,0.412,0.226
XAUUSD_BASE_385,XAUUSD,SHORT,2021-06-15 08:00:00,2021-06-15 15:00:00,15,09:00–16:00 (Day/London Open),True,ONLINE_CAPTURED,1816.08,1822.85875,2021-06-21 10:00:00,1805.8,THESIS_EXIT,LOSS,-8.9,10.28,2.03362,0.566,0.112
GBPUSD_BASE_386,GBPUSD,SHORT,2021-06-16 08:00:00,2021-06-16 15:00:00,15,09:00–16:00 (Day/London Open),True,ONLINE_CAPTURED,1.21803,1.22603,2021-06-23 07:00:00,1.19459,THESIS_EXIT,WIN,807.9,0.0032,0.02344,0.263,1.924
BTCUSD_BASE_387,BTCUSD,LONG,2021-06-21 11:00:00,2021-06-21 18:00:00,18,17:00–22:00 (Evening/NY Overlap),True,ONLINE_CAPTURED,38822.18,37944.3575,2021-06-23 14:00:00,38947.86,THESIS_EXIT,WIN,31.49,351.129,125.68,0.904,0.324
XAUUSD_BASE_389,XAUUSD,SHORT,2021-06-24 15:00:00,2021-06-24 22:00:00,22,22:00–24:00 (Late Night NY Close),False,OFFLINE_MISSED,1795.22,1801.6155,2021-06-25 15:00:00,1798.02,THESIS_EXIT,LOSS,-13.48,2.8,1.91865,0.156,0.107
USDJPY_BASE_388,USDJPY,SHORT,2021-06-23 12:00:00,2021-06-23 19:00:00,19,17:00–22:00 (Evening/NY Overlap),True,ONLINE_CAPTURED,131.88,133.0065,2021-06-28 00:00:00,131.77,THESIS_EXIT,LOSS,-10.03,0.11,0.33795,0.083,0.256
BTCUSD_BASE_390,BTCUSD,SHORT,2021-06-27 10:00:00,2021-06-27 17:00:00,17,17:00–22:00 (Evening/NY Overlap),True,ONLINE_CAPTURED,38988.79,39848.77225,2021-06-28 18:00:00,39043.43,THESIS_EXIT,LOSS,-31.62,54.64,257.99468,0.14,0.662
USDJPY_BASE_391,USDJPY,LONG,2021-06-28 12:00:00,2021-06-28 19:00:00,19,17:00–22:00 (Evening/NY Overlap),True,ONLINE_CAPTURED,131.95,130.64525,2021-07-01 09:00:00,133.92,THESIS_EXIT,WIN,31.82,0.5219,1.97,0.396,1.493
USDJPY_BASE_393,USDJPY,SHORT,2021-07-01 20:00:00,2021-07-02 03:00:00,3,00:00–09:00 (Overnight/Asia),False,OFFLINE_MISSED,134.08,135.0805,2021-07-02 11:00:00,134.53,THESIS_EXIT,LOSS,-22.62,0.45,0.30015,0.336,0.224
BTCUSD_BASE_392,BTCUSD,LONG,2021-06-29 16:00:00,2021-06-29 23:00:00,23,22:00–24:00 (Late Night NY Close),False,OFFLINE_MISSED,39387.22,38397.35875,2021-07-02 11:00:00,39911.88,THESIS_EXIT,WIN,171.13,395.9445,524.66,1.005,1.332
BTCUSD_BASE_395,BTCUSD,SHORT,2021-07-02 17:00:00,2021-07-03 00:00:00,0,00:00–09:00 (Overnight/Asia),False,OFFLINE_MISSED,40112.02,41319.3815,2021-07-04 11:00:00,40582.46,THESIS_EXIT,LOSS,-177.15,470.44,362.20845,1.173,0.903
BTCUSD_BASE_396,BTCUSD,LONG,2021-07-04 13:00:00,2021-07-04 20:00:00,20,17:00–22:00 (Evening/NY Overlap),True,ONLINE_CAPTURED,40427.15,39459.9845,2021-07-05 00:00:00,39591.33,THESIS_EXIT,LOSS,-305.04,835.82,290.14965,2.067,0.718
BTCUSD_BASE_397,BTCUSD,SHORT,2021-07-05 11:00:00,2021-07-05 18:00:00,18,17:00–22:00 (Evening/NY Overlap),True,ONLINE_CAPTURED,39849.69,40676.7865,2021-07-05 14:00:00,40676.7865,STOP_LOSS_TOUCH,LOSS,-301.98,827.0965,248.12895,2.076,0.623
GBPUSD_BASE_394,GBPUSD,LONG,2021-07-02 15:00:00,2021-07-02 22:00:00,22,22:00–24:00 (Late Night NY Close),False,OFFLINE_MISSED,1.2039,1.1939,2021-07-06 06:00:00,1.20126,THESIS_EXIT,LOSS,-104.9,0.00264,0.003,0.219,0.249
XAUUSD_BASE_398,XAUUSD,SHORT,2021-07-05 15:00:00,2021-07-05 22:00:00,22,22:00–24:00 (Late Night NY Close),False,OFFLINE_MISSED,1816.8,1825.1105,2021-07-06 06:00:00,1821.34,THESIS_EXIT,LOSS,-14.09,4.54,2.49315,0.25,0.137
BTCUSD_BASE_400,BTCUSD,LONG,2021-07-07 06:00:00,2021-07-07 13:00:00,13,09:00–16:00 (Day/London Open),True,ONLINE_CAPTURED,40784.51,40172.52375,2021-07-07 14:00:00,40172.52375,STOP_LOSS_TOUCH,LOSS,-226.7,611.98625,183.59588,1.501,0.45
USDJPY_BASE_401,USDJPY,SHORT,2021-07-08 03:00:00,2021-07-08 10:00:00,10,09:00–16:00 (Day/London Open),True,ONLINE_CAPTURED,131.27,132.2845,2021-07-08 12:00:00,132.17,THESIS_EXIT,LOSS,-32.75,0.9,0.30435,0.686,0.232
XAUUSD_BASE_399,XAUUSD,LONG,2021-07-07 03:00:00,2021-07-07 10:00:00,10,09:00–16:00 (Day/London Open),True,ONLINE_CAPTURED,1822.83,1816.19625,2021-07-09 18:00:00,1833.54,THESIS_EXIT,LOSS,-8.75,10.71,1.99012,0.588,0.109
BTCUSD_BASE_403,BTCUSD,SHORT,2021-07-11 00:00:00,2021-07-11 07:00:00,7,00:00–09:00 (Overnight/Asia),False,OFFLINE_MISSED,40372.01,41162.397,2021-07-12 14:00:00,40136.7,THESIS_EXIT,WIN,69.86,316.1548,235.31,0.783,0.583
GBPUSD_BASE_402,GBPUSD,SHORT,2021-07-09 02:00:00,2021-07-09 09:00:00,9,09:00–16:00 (Day/London Open),True,ONLINE_CAPTURED,1.20182,1.21182,2021-07-14 06:00:00,1.20231,THESIS_EXIT,LOSS,-29.65,0.00049,0.003,0.041,0.25
XAUUSD_BASE_405,XAUUSD,SHORT,2021-07-14 10:00:00,2021-07-14 17:00:00,17,17:00–22:00 (Evening/NY Overlap),True,ONLINE_CAPTURED,1813.99,1821.221,2021-07-15 06:00:00,1817.44,THESIS_EXIT,LOSS,-13.71,3.45,2.1693,0.19,0.12
BTCUSD_BASE_404,BTCUSD,SHORT,2021-07-13 14:00:00,2021-07-13 21:00:00,21,17:00–22:00 (Evening/NY Overlap),True,ONLINE_CAPTURED,39629.01,40636.11475,2021-07-16 04:00:00,39921.49,THESIS_EXIT,LOSS,-114.87,292.48,302.13142,0.738,0.762
BTCUSD_BASE_407,BTCUSD,LONG,2021-07-16 18:00:00,2021-07-17 01:00:00,1,00:00–09:00 (Overnight/Asia),False,OFFLINE_MISSED,39774.87,38751.504,2021-07-17 08:00:00,39238.1,THESIS_EXIT,LOSS,-200.37,536.77,307.0098,1.35,0.772
BTCUSD_BASE_408,BTCUSD,SHORT,2021-07-18 02:00:00,2021-07-18 09:00:00,9,09:00–16:00 (Day/London Open),True,ONLINE_CAPTURED,39352.55,40146.3485,2021-07-18 14:00:00,40146.3485,STOP_LOSS_TOUCH,LOSS,-290.33,793.7985,238.13955,2.017,0.605
GBPUSD_BASE_406,GBPUSD,SHORT,2021-07-16 15:00:00,2021-07-16 22:00:00,22,22:00–24:00 (Late Night NY Close),False,OFFLINE_MISSED,1.19105,1.20105,2021-07-19 22:00:00,1.19317,THESIS_EXIT,LOSS,-86.7,0.00212,0.003,0.178,0.252
USDJPY_BASE_410,USDJPY,SHORT,2021-07-21 12:00:00,2021-07-21 19:00:00,19,17:00–22:00 (Evening/NY Overlap),True,ONLINE_CAPTURED,128.83,130.045,2021-07-23 10:00:00,128.85,THESIS_EXIT,LOSS,-12.95,0.02,0.3645,0.016,0.283
BTCUSD_BASE_411,BTCUSD,LONG,2021-07-23 13:00:00,2021-07-23 20:00:00,20,17:00–22:00 (Evening/NY Overlap),True,ONLINE_CAPTURED,43508.42,42547.949,2021-07-23 15:00:00,42547.949,STOP_LOSS_TOUCH,LOSS,-348.66,960.471,288.1413,2.208,0.662
BTCUSD_BASE_412,BTCUSD,SHORT,2021-07-24 14:00:00,2021-07-24 21:00:00,21,17:00–22:00 (Evening/NY Overlap),True,ONLINE_CAPTURED,42775.66,44013.75475,2021-07-26 15:00:00,41990.92,THESIS_EXIT,WIN,262.16,495.2379,784.74,1.158,1.835
GBPUSD_BASE_409,GBPUSD,LONG,2021-07-20 17:00:00,2021-07-21 00:00:00,0,00:00–09:00 (Overnight/Asia),False,OFFLINE_MISSED,1.19546,1.18271,2021-07-27 20:00:00,1.22363,THESIS_EXIT,WIN,973.45,0.0051,0.02817,0.427,2.356
US500_BASE_413,US500,SHORT,2021-07-27 14:00:00,2021-07-27 21:00:00,21,17:00–22:00 (Evening/NY Overlap),True,ONLINE_CAPTURED,3465.46,3506.25225,2021-07-28 13:00:00,3506.25225,STOP_LOSS_TOUCH,LOSS,-26.78,40.79225,12.23767,1.177,0.353
BTCUSD_BASE_415,BTCUSD,LONG,2021-07-29 02:00:00,2021-07-29 09:00:00,9,09:00–16:00 (Day/London Open),True,ONLINE_CAPTURED,43994.21,43054.06875,2021-07-29 09:00:00,43378.47,THESIS_EXIT,LOSS,-228.01,615.74,282.04238,1.4,0.641
USDJPY_BASE_416,USDJPY,SHORT,2021-07-30 09:00:00,2021-07-30 16:00:00,16,16:00–17:00 (Dinner Break),False,OFFLINE_MISSED,128.83,129.79275,2021-07-30 11:00:00,129.55,THESIS_EXIT,LOSS,-28.7,0.72,0.28882,0.559,0.224
BTCUSD_BASE_417,BTCUSD,SHORT,2021-07-30 16:00:00,2021-07-30 23:00:00,23,22:00–24:00 (Late Night NY Close),False,OFFLINE_MISSED,43084.95,44102.02475,2021-07-31 07:00:00,43472.57,THESIS_EXIT,LOSS,-148.17,387.62,305.12242,0.9,0.708
BTCUSD_BASE_418,BTCUSD,LONG,2021-08-01 09:00:00,2021-08-01 16:00:00,16,16:00–17:00 (Dinner Break),False,OFFLINE_MISSED,43919.22,43139.177,2021-08-01 14:00:00,43139.177,STOP_LOSS_TOUCH,LOSS,-285.52,780.043,234.0129,1.776,0.533
XAUUSD_BASE_414,XAUUSD,SHORT,2021-07-28 10:00:00,2021-07-28 17:00:00,17,17:00–22:00 (Evening/NY Overlap),True,ONLINE_CAPTURED,1839.78,1846.496,2021-08-01 23:00:00,1828.38,THESIS_EXIT,LOSS,-8.51,11.4,2.0148,0.62,0.11
USDJPY_BASE_420,USDJPY,LONG,2021-08-02 14:00:00,2021-08-02 21:00:00,21,17:00–22:00 (Evening/NY Overlap),True,ONLINE_CAPTURED,130.07,128.8735,2021-08-02 17:00:00,129.28,THESIS_EXIT,LOSS,-30.27,0.79,0.35895,0.607,0.276
US500_BASE_419,US500,LONG,2021-08-02 10:00:00,2021-08-02 17:00:00,17,17:00–22:00 (Evening/NY Overlap),True,ONLINE_CAPTURED,3592.9,3555.4025,2021-08-04 07:00:00,3575.28,THESIS_EXIT,LOSS,-18.67,17.62,11.24925,0.49,0.313
USDJPY_BASE_422,USDJPY,SHORT,2021-08-05 22:00:00,2021-08-06 05:00:00,5,00:00–09:00 (Overnight/Asia),False,OFFLINE_MISSED,127.38,128.455,2021-08-06 04:00:00,127.86,THESIS_EXIT,LOSS,-23.3,0.48,0.3225,0.377,0.253
BTCUSD_BASE_421,BTCUSD,SHORT,2021-08-04 23:00:00,2021-08-05 06:00:00,6,00:00–09:00 (Overnight/Asia),False,OFFLINE_MISSED,40723.27,41498.62625,2021-08-06 10:00:00,40862.51,THESIS_EXIT,LOSS,-61.23,139.24,232.60687,0.342,0.571
BTCUSD_BASE_424,BTCUSD,SHORT,2021-08-08 06:00:00,2021-08-08 13:00:00,13,09:00–16:00 (Day/London Open),True,ONLINE_CAPTURED,40381.53,41110.39375,2021-08-10 04:00:00,40098.73,THESIS_EXIT,WIN,86.48,291.5455,282.8,0.722,0.7
US500_BASE_423,US500,SHORT,2021-08-06 20:00:00,2021-08-07 03:00:00,3,00:00–09:00 (Overnight/Asia),False,OFFLINE_MISSED,3547.08,3586.72925,2021-08-10 10:00:00,3536.46,THESIS_EXIT,LOSS,-8.78,10.62,11.89477,0.299,0.335
GBPUSD_BASE_425,GBPUSD,SHORT,2021-08-11 00:00:00,2021-08-11 07:00:00,7,00:00–09:00 (Overnight/Asia),False,OFFLINE_MISSED,1.18929,1.19954,2021-08-11 14:00:00,1.19954,STOP_LOSS_TOUCH,LOSS,-371.25,0.01025,0.00308,0.862,0.259
BTCUSD_BASE_427,BTCUSD,LONG,2021-08-11 16:00:00,2021-08-11 23:00:00,23,22:00–24:00 (Late Night NY Close),False,OFFLINE_MISSED,42833.82,41603.4055,2021-08-14 14:00:00,43822.66,THESIS_EXIT,WIN,333.59,492.1658,988.84,1.149,2.309
GBPUSD_BASE_428,GBPUSD,LONG,2021-08-16 10:00:00,2021-08-16 17:00:00,17,17:00–22:00 (Evening/NY Overlap),True,ONLINE_CAPTURED,1.19468,1.18543,2021-08-16 18:00:00,1.1871,THESIS_EXIT,LOSS,-277.8,0.00758,0.00277,0.634,0.232
USDJPY_BASE_426,USDJPY,SHORT,2021-08-11 03:00:00,2021-08-11 10:00:00,10,09:00–16:00 (Day/London Open),True,ONLINE_CAPTURED,127.7,128.8245,2021-08-19 02:00:00,124.06,THESIS_EXIT,WIN,69.4,0.4498,3.64,0.352,2.85
US500_BASE_429,US500,SHORT,2021-08-17 00:00:00,2021-08-17 07:00:00,7,00:00–09:00 (Overnight/Asia),False,OFFLINE_MISSED,3495.47,3530.713,2021-08-19 10:00:00,3456.71,THESIS_EXIT,WIN,1.07,14.0972,38.76,0.403,1.109
BTCUSD_BASE_431,BTCUSD,SHORT,2021-08-19 17:00:00,2021-08-20 00:00:00,0,00:00–09:00 (Overnight/Asia),False,OFFLINE_MISSED,45012.75,46205.2935,2021-08-20 12:00:00,45364.13,THESIS_EXIT,LOSS,-135.48,351.38,357.76305,0.781,0.795
USDJPY_BASE_432,USDJPY,LONG,2021-08-20 19:00:00,2021-08-21 02:00:00,2,00:00–09:00 (Overnight/Asia),False,OFFLINE_MISSED,123.88,122.52125,2021-08-23 14:00:00,123.03,THESIS_EXIT,LOSS,-31.62,0.85,0.40763,0.686,0.329
US500_BASE_433,US500,LONG,2021-08-23 22:00:00,2021-08-24 05:00:00,5,00:00–09:00 (Overnight/Asia),False,OFFLINE_MISSED,3465.0,3424.42725,2021-08-25 09:00:00,3442.79,THESIS_EXIT,LOSS,-20.27,22.21,12.17182,0.641,0.351
GBPUSD_BASE_430,GBPUSD,SHORT,2021-08-19 15:00:00,2021-08-19 22:00:00,22,22:00–24:00 (Late Night NY Close),False,OFFLINE_MISSED,1.18772,1.19872,2021-08-25 13:00:00,1.17809,THESIS_EXIT,WIN,324.55,0.0044,0.00963,0.37,0.811
US500_BASE_434,US500,SHORT,2021-08-25 15:00:00,2021-08-25 22:00:00,22,22:00–24:00 (Late Night NY Close),False,OFFLINE_MISSED,3443.06,3485.455,2021-08-26 08:00:00,3461.45,THESIS_EXIT,LOSS,-18.94,18.39,12.7185,0.534,0.369
BTCUSD_BASE_435,BTCUSD,SHORT,2021-08-26 23:00:00,2021-08-27 06:00:00,6,00:00–09:00 (Overnight/Asia),False,OFFLINE_MISSED,41004.89,41891.21175,2021-08-27 10:00:00,41562.75,THESIS_EXIT,LOSS,-207.75,557.86,265.89653,1.36,0.648
BTCUSD_BASE_437,BTCUSD,LONG,2021-08-27 20:00:00,2021-08-28 03:00:00,3,00:00–09:00 (Overnight/Asia),False,OFFLINE_MISSED,41329.59,40418.2165,2021-08-28 15:00:00,40418.2165,STOP_LOSS_TOUCH,LOSS,-331.48,911.3735,273.41205,2.205,0.662
XAUUSD_BASE_438,XAUUSD,LONG,2021-08-30 07:00:00,2021-08-30 14:00:00,14,09:00–16:00 (Day/London Open),True,ONLINE_CAPTURED,1806.14,1801.18025,2021-08-30 10:00:00,1801.18025,STOP_LOSS_TOUCH,LOSS,-14.24,4.95975,1.48792,0.275,0.082
GBPUSD_BASE_436,GBPUSD,LONG,2021-08-27 16:00:00,2021-08-27 23:00:00,23,22:00–24:00 (Late Night NY Close),False,OFFLINE_MISSED,1.1881,1.17685,2021-09-01 05:00:00,1.19555,THESIS_EXIT,WIN,248.25,0.0045,0.00745,0.379,0.627
BTCUSD_BASE_439,BTCUSD,SHORT,2021-08-30 14:00:00,2021-08-30 21:00:00,21,17:00–22:00 (Evening/NY Overlap),True,ONLINE_CAPTURED,38562.82,39586.99425,2021-09-02 15:00:00,37362.38,THESIS_EXIT,WIN,407.65,409.6697,1200.44,1.062,3.113
US500_BASE_440,US500,LONG,2021-09-01 08:00:00,2021-09-01 15:00:00,15,09:00–16:00 (Day/London Open),True,ONLINE_CAPTURED,3442.9,3401.51475,2021-09-03 03:00:00,3452.93,THESIS_EXIT,LOSS,-8.99,10.03,12.41557,0.291,0.361
GBPUSD_BASE_442,GBPUSD,LONG,2021-09-03 15:00:00,2021-09-03 22:00:00,22,22:00–24:00 (Late Night NY Close),False,OFFLINE_MISSED,1.21529,1.20454,2021-09-05 22:00:00,1.2094,THESIS_EXIT,LOSS,-218.65,0.00589,0.00323,0.485,0.265
USDJPY_BASE_441,USDJPY,LONG,2021-09-02 16:00:00,2021-09-02 23:00:00,23,22:00–24:00 (Late Night NY Close),False,OFFLINE_MISSED,120.18,119.0385,2021-09-08 01:00:00,120.72,THESIS_EXIT,LOSS,-0.35,0.54,0.34245,0.449,0.285
BTCUSD_BASE_443,BTCUSD,LONG,2021-09-06 02:00:00,2021-09-06 09:00:00,9,09:00–16:00 (Day/London Open),True,ONLINE_CAPTURED,37157.36,36372.64825,2021-09-08 15:00:00,37769.46,THESIS_EXIT,WIN,201.73,313.8847,612.1,0.845,1.647
US500_BASE_444,US500,LONG,2021-09-08 04:00:00,2021-09-08 11:00:00,11,09:00–16:00 (Day/London Open),True,ONLINE_CAPTURED,3426.79,3381.59925,2021-09-08 23:00:00,3381.59925,STOP_LOSS_TOUCH,LOSS,-28.32,45.19075,13.55723,1.319,0.396
BTCUSD_BASE_446,BTCUSD,SHORT,2021-09-10 15:00:00,2021-09-10 22:00:00,22,22:00–24:00 (Late Night NY Close),False,OFFLINE_MISSED,36276.31,37068.96625,2021-09-12 06:00:00,36583.2,THESIS_EXIT,LOSS,-119.91,306.89,237.79688,0.846,0.656
GBPUSD_BASE_447,GBPUSD,SHORT,2021-09-13 07:00:00,2021-09-13 14:00:00,14,09:00–16:00 (Day/London Open),True,ONLINE_CAPTURED,1.20062,1.21037,2021-09-13 09:00:00,1.2068,THESIS_EXIT,LOSS,-228.8,0.00618,0.00292,0.515,0.244
USDJPY_BASE_445,USDJPY,SHORT,2021-09-09 09:00:00,2021-09-09 16:00:00,16,16:00–17:00 (Dinner Break),False,OFFLINE_MISSED,119.92,121.02675,2021-09-15 09:00:00,116.52,THESIS_EXIT,WIN,64.0,0.4427,3.4,0.369,2.835
USDJPY_BASE_449,USDJPY,LONG,2021-09-15 17:00:00,2021-09-16 00:00:00,0,00:00–09:00 (Overnight/Asia),False,OFFLINE_MISSED,116.19,115.063,2021-09-16 14:00:00,115.53,THESIS_EXIT,LOSS,-27.35,0.66,0.3381,0.568,0.291
BTCUSD_BASE_448,BTCUSD,SHORT,2021-09-14 13:00:00,2021-09-14 20:00:00,20,17:00–22:00 (Evening/NY Overlap),True,ONLINE_CAPTURED,37521.66,38402.491,2021-09-16 21:00:00,36412.43,THESIS_EXIT,WIN,375.73,352.3324,1109.23,0.939,2.956
BTCUSD_BASE_451,BTCUSD,LONG,2021-09-18 08:00:00,2021-09-18 15:00:00,15,09:00–16:00 (Day/London Open),True,ONLINE_CAPTURED,36755.26,35879.34225,2021-09-18 12:00:00,36245.71,THESIS_EXIT,LOSS,-190.84,509.55,262.77533,1.386,0.715
BTCUSD_BASE_452,BTCUSD,SHORT,2021-09-18 21:00:00,2021-09-19 04:00:00,4,00:00–09:00 (Overnight/Asia),False,OFFLINE_MISSED,36401.88,37190.97775,2021-09-19 11:00:00,37190.97775,STOP_LOSS_TOUCH,LOSS,-288.68,789.09775,236.72933,2.168,0.65
USDJPY_BASE_450,USDJPY,SHORT,2021-09-17 22:00:00,2021-09-18 05:00:00,5,00:00–09:00 (Overnight/Asia),False,OFFLINE_MISSED,114.63,115.62625,2021-09-20 07:00:00,115.28,THESIS_EXIT,LOSS,-27.13,0.65,0.29888,0.567,0.261
XAUUSD_BASE_453,XAUUSD,SHORT,2021-09-20 02:00:00,2021-09-20 09:00:00,9,09:00–16:00 (Day/London Open),True,ONLINE_CAPTURED,1761.06,1766.703,2021-09-21 11:00:00,1759.63,THESIS_EXIT,LOSS,-12.0,1.43,1.6929,0.081,0.096
US500_BASE_454,US500,LONG,2021-09-20 14:00:00,2021-09-20 21:00:00,21,17:00–22:00 (Evening/NY Overlap),True,ONLINE_CAPTURED,3561.17,3516.69525,2021-09-23 14:00:00,3638.51,THESIS_EXIT,WIN,14.57,17.7899,77.34,0.5,2.172
XAUUSD_BASE_456,XAUUSD,SHORT,2021-09-24 04:00:00,2021-09-24 11:00:00,11,09:00–16:00 (Day/London Open),True,ONLINE_CAPTURED,1763.25,1768.51075,2021-09-24 10:00:00,1766.72,THESIS_EXIT,LOSS,-13.71,3.47,1.57822,0.197,0.09
BTCUSD_BASE_457,BTCUSD,LONG,2021-09-25 13:00:00,2021-09-25 20:00:00,20,17:00–22:00 (Evening/NY Overlap),True,ONLINE_CAPTURED,36016.55,34984.64375,2021-09-25 15:00:00,35346.24,THESIS_EXIT,LOSS,-247.11,670.31,309.57187,1.861,0.86
GBPUSD_BASE_455,GBPUSD,LONG,2021-09-22 13:00:00,2021-09-22 20:00:00,20,17:00–22:00 (Evening/NY Overlap),True,ONLINE_CAPTURED,1.20845,1.1992,2021-09-27 02:00:00,1.21624,THESIS_EXIT,WIN,260.15,0.0037,0.00779,0.306,0.645
XAUUSD_BASE_459,XAUUSD,LONG,2021-09-27 09:00:00,2021-09-27 16:00:00,16,16:00–17:00 (Dinner Break),False,OFFLINE_MISSED,1769.35,1762.84825,2021-09-27 16:00:00,1762.84825,STOP_LOSS_TOUCH,LOSS,-14.78,6.50175,1.95052,0.367,0.11
USDJPY_BASE_458,USDJPY,SHORT,2021-09-27 01:00:00,2021-09-27 08:00:00,8,00:00–09:00 (Overnight/Asia),False,OFFLINE_MISSED,113.85,114.85625,2021-09-28 11:00:00,114.16,THESIS_EXIT,LOSS,-19.48,0.31,0.30187,0.272,0.265
BTCUSD_BASE_460,BTCUSD,LONG,2021-09-28 14:00:00,2021-09-28 21:00:00,21,17:00–22:00 (Evening/NY Overlap),True,ONLINE_CAPTURED,35277.11,34461.84725,2021-09-28 16:00:00,34461.84725,STOP_LOSS_TOUCH,LOSS,-297.84,815.26275,244.57883,2.311,0.693
US500_BASE_461,US500,LONG,2021-09-30 18:00:00,2021-10-01 01:00:00,1,00:00–09:00 (Overnight/Asia),False,OFFLINE_MISSED,3590.91,3541.69125,2021-10-05 03:00:00,3580.95,THESIS_EXIT,LOSS,-15.99,9.96,14.76562,0.277,0.411
BTCUSD_BASE_462,BTCUSD,LONG,2021-09-30 21:00:00,2021-10-01 04:00:00,4,00:00–09:00 (Overnight/Asia),False,OFFLINE_MISSED,34803.19,33837.62975,2021-10-06 02:00:00,38459.24,THESIS_EXIT,WIN,1267.12,386.2241,3656.05,1.11,10.505
BTCUSD_BASE_464,BTCUSD,SHORT,2021-10-06 18:00:00,2021-10-07 01:00:00,1,00:00–09:00 (Overnight/Asia),False,OFFLINE_MISSED,38323.58,39126.7785,2021-10-07 13:00:00,38819.27,THESIS_EXIT,LOSS,-185.99,495.69,240.95955,1.293,0.629
US500_BASE_463,US500,SHORT,2021-10-06 15:00:00,2021-10-06 22:00:00,22,22:00–24:00 (Late Night NY Close),False,OFFLINE_MISSED,3558.77,3604.06825,2021-10-08 11:00:00,3604.06825,STOP_LOSS_TOUCH,LOSS,-28.35,45.29825,13.58947,1.273,0.382
XAUUSD_BASE_465,XAUUSD,LONG,2021-10-08 11:00:00,2021-10-08 18:00:00,18,17:00–22:00 (Evening/NY Overlap),True,ONLINE_CAPTURED,1775.15,1767.79625,2021-10-12 08:00:00,1785.16,THESIS_EXIT,LOSS,-9.0,10.01,2.20612,0.564,0.124
BTCUSD_BASE_466,BTCUSD,SHORT,2021-10-09 11:00:00,2021-10-09 18:00:00,18,17:00–22:00 (Evening/NY Overlap),True,ONLINE_CAPTURED,37862.62,38829.13675,2021-10-13 09:00:00,36478.16,THESIS_EXIT,WIN,472.06,386.6067,1384.46,1.021,3.657
XAUUSD_BASE_467,XAUUSD,SHORT,2021-10-13 13:00:00,2021-10-13 20:00:00,20,17:00–22:00 (Evening/NY Overlap),True,ONLINE_CAPTURED,1781.18,1787.978,2021-10-14 08:00:00,1784.6,THESIS_EXIT,LOSS,-13.7,3.42,2.0394,0.192,0.114
BTCUSD_BASE_469,BTCUSD,LONG,2021-10-14 08:00:00,2021-10-14 15:00:00,15,09:00–16:00 (Day/London Open),True,ONLINE_CAPTURED,36400.23,35751.7385,2021-10-14 10:00:00,35886.28,THESIS_EXIT,LOSS,-192.38,513.95,194.54745,1.412,0.534
GBPUSD_BASE_468,GBPUSD,LONG,2021-10-13 13:00:00,2021-10-13 20:00:00,20,17:00–22:00 (Evening/NY Overlap),True,ONLINE_CAPTURED,1.26446,1.25221,2021-10-14 13:00:00,1.25822,THESIS_EXIT,LOSS,-230.9,0.00624,0.00368,0.493,0.291
BTCUSD_BASE_470,BTCUSD,SHORT,2021-10-14 19:00:00,2021-10-15 02:00:00,2,00:00–09:00 (Overnight/Asia),False,OFFLINE_MISSED,36230.82,37160.26225,2021-10-15 12:00:00,36686.69,THESIS_EXIT,LOSS,-172.05,455.87,278.83267,1.258,0.77
BTCUSD_BASE_472,BTCUSD,LONG,2021-10-17 15:00:00,2021-10-17 22:00:00,22,22:00–24:00 (Late Night NY Close),False,OFFLINE_MISSED,37610.25,36546.35575,2021-10-18 06:00:00,36546.35575,STOP_LOSS_TOUCH,LOSS,-384.86,1063.89425,319.16827,2.829,0.849
BTCUSD_BASE_473,BTCUSD,LONG,2021-10-19 00:00:00,2021-10-19 07:00:00,7,00:00–09:00 (Overnight/Asia),False,OFFLINE_MISSED,37285.9,36232.7625,2021-10-20 11:00:00,37386.96,THESIS_EXIT,WIN,22.87,421.255,101.06,1.13,0.271
GBPUSD_BASE_471,GBPUSD,SHORT,2021-10-15 12:00:00,2021-10-15 19:00:00,19,17:00–22:00 (Evening/NY Overlap),True,ONLINE_CAPTURED,1.25526,1.26601,2021-10-21 11:00:00,1.21926,THESIS_EXIT,WIN,1247.5,0.0043,0.036,0.343,2.868
US500_BASE_474,US500,SHORT,2021-10-20 20:00:00,2021-10-21 03:00:00,3,00:00–09:00 (Overnight/Asia),False,OFFLINE_MISSED,3589.55,3630.18075,2021-10-22 15:00:00,3615.1,THESIS_EXIT,LOSS,-21.44,25.55,12.18922,0.712,0.34
BTCUSD_BASE_475,BTCUSD,LONG,2021-10-21 23:00:00,2021-10-22 06:00:00,6,00:00–09:00 (Overnight/Asia),False,OFFLINE_MISSED,37865.83,37126.80825,2021-10-23 00:00:00,37625.36,THESIS_EXIT,LOSS,-96.66,240.47,221.70652,0.635,0.586
GBPUSD_BASE_477,GBPUSD,LONG,2021-10-25 09:00:00,2021-10-25 16:00:00,16,16:00–17:00 (Dinner Break),False,OFFLINE_MISSED,1.23499,1.22449,2021-10-25 19:00:00,1.2293,THESIS_EXIT,LOSS,-211.65,0.00569,0.00315,0.461,0.255
USDJPY_BASE_476,USDJPY,SHORT,2021-10-22 19:00:00,2021-10-23 02:00:00,2,00:00–09:00 (Overnight/Asia),False,OFFLINE_MISSED,120.25,121.29325,2021-10-26 03:00:00,120.59,THESIS_EXIT,LOSS,-20.15,0.34,0.31298,0.283,0.26
US500_BASE_478,US500,SHORT,2021-10-26 13:00:00,2021-10-26 20:00:00,20,17:00–22:00 (Evening/NY Overlap),True,ONLINE_CAPTURED,3566.39,3625.1685,2021-11-01 15:00:00,3460.27,THESIS_EXIT,WIN,24.64,23.5114,106.12,0.659,2.976
GBPUSD_BASE_479,GBPUSD,SHORT,2021-10-27 03:00:00,2021-10-27 10:00:00,10,09:00–16:00 (Day/London Open),True,ONLINE_CAPTURED,1.22371,1.23321,2021-11-03 23:00:00,1.19461,THESIS_EXIT,WIN,1006.0,0.0038,0.0291,0.311,2.378
BTCUSD_BASE_481,BTCUSD,LONG,2021-11-04 05:00:00,2021-11-04 12:00:00,12,09:00–16:00 (Day/London Open),True,ONLINE_CAPTURED,32404.61,31547.272,2021-11-06 01:00:00,32510.61,THESIS_EXIT,WIN,24.6,342.9352,106.0,1.058,0.327
BTCUSD_BASE_482,BTCUSD,SHORT,2021-11-06 13:00:00,2021-11-06 20:00:00,20,17:00–22:00 (Evening/NY Overlap),True,ONLINE_CAPTURED,32451.01,33231.88975,2021-11-08 08:00:00,32698.99,THESIS_EXIT,LOSS,-99.29,247.98,234.26393,0.764,0.722
XAUUSD_BASE_480,XAUUSD,SHORT,2021-11-01 15:00:00,2021-11-01 22:00:00,22,22:00–24:00 (Late Night NY Close),False,OFFLINE_MISSED,1787.74,1797.43125,2021-11-08 11:00:00,1754.27,THESIS_EXIT,LOSS,-0.79,33.47,2.90738,1.872,0.163
BTCUSD_BASE_483,BTCUSD,LONG,2021-11-08 14:00:00,2021-11-08 21:00:00,21,17:00–22:00 (Evening/NY Overlap),True,ONLINE_CAPTURED,32345.81,31398.83675,2021-11-13 00:00:00,34809.93,THESIS_EXIT,WIN,849.94,378.7893,2464.12,1.171,7.618
BTCUSD_BASE_485,BTCUSD,SHORT,2021-11-14 01:00:00,2021-11-14 08:00:00,8,00:00–09:00 (Overnight/Asia),False,OFFLINE_MISSED,34408.07,35339.82175,2021-11-14 08:00:00,34952.14,THESIS_EXIT,LOSS,-202.92,544.07,279.52553,1.581,0.812
USDJPY_BASE_484,USDJPY,LONG,2021-11-09 22:00:00,2021-11-10 05:00:00,5,00:00–09:00 (Overnight/Asia),False,OFFLINE_MISSED,124.0,122.9905,2021-11-14 22:00:00,124.97,THESIS_EXIT,WIN,9.32,0.4038,0.97,0.326,0.782
XAUUSD_BASE_486,XAUUSD,SHORT,2021-11-15 20:00:00,2021-11-16 03:00:00,3,00:00–09:00 (Overnight/Asia),False,OFFLINE_MISSED,1761.45,1770.648,2021-11-19 06:00:00,1760.16,THESIS_EXIT,LOSS,-12.05,1.29,2.7594,0.073,0.157
USDJPY_BASE_487,USDJPY,LONG,2021-11-16 03:00:00,2021-11-16 10:00:00,10,09:00–16:00 (Day/London Open),True,ONLINE_CAPTURED,125.97,124.944,2021-11-19 15:00:00,127.87,THESIS_EXIT,WIN,30.25,0.4104,1.9,0.326,1.508
BTCUSD_BASE_488,BTCUSD,LONG,2021-11-19 13:00:00,2021-11-19 20:00:00,20,17:00–22:00 (Evening/NY Overlap),True,ONLINE_CAPTURED,36238.01,35282.84525,2021-11-22 04:00:00,36713.69,THESIS_EXIT,WIN,153.99,382.0659,475.68,1.054,1.313
GBPUSD_BASE_490,GBPUSD,SHORT,2021-11-22 07:00:00,2021-11-22 14:00:00,14,09:00–16:00 (Day/London Open),True,ONLINE_CAPTURED,1.1943,1.2048,2021-11-22 14:00:00,1.2048,STOP_LOSS_TOUCH,LOSS,-380.0,0.0105,0.00315,0.879,0.264
US500_BASE_489,US500,LONG,2021-11-22 04:00:00,2021-11-22 11:00:00,11,09:00–16:00 (Day/London Open),True,ONLINE_CAPTURED,3624.5,3580.0275,2021-11-23 06:00:00,3613.26,THESIS_EXIT,LOSS,-16.43,11.24,13.34175,0.31,0.368
BTCUSD_BASE_491,BTCUSD,SHORT,2021-11-22 22:00:00,2021-11-23 05:00:00,5,00:00–09:00 (Overnight/Asia),False,OFFLINE_MISSED,36465.62,37497.02275,2021-11-25 15:00:00,34501.97,THESIS_EXIT,WIN,674.78,412.5611,1963.65,1.131,5.385
US500_BASE_492,US500,SHORT,2021-11-25 20:00:00,2021-11-26 03:00:00,3,00:00–09:00 (Overnight/Asia),False,OFFLINE_MISSED,3719.53,3770.352,2021-11-26 07:00:00,3742.89,THESIS_EXIT,LOSS,-20.68,23.36,15.2466,0.628,0.41
BTCUSD_BASE_494,BTCUSD,SHORT,2021-11-27 16:00:00,2021-11-27 23:00:00,23,22:00–24:00 (Late Night NY Close),False,OFFLINE_MISSED,35602.78,36782.0115,2021-11-28 15:00:00,36782.0115,STOP_LOSS_TOUCH,LOSS,-425.23,1179.2315,353.76945,3.312,0.994
XAUUSD_BASE_495,XAUUSD,LONG,2021-11-29 03:00:00,2021-11-29 10:00:00,10,09:00–16:00 (Day/London Open),True,ONLINE_CAPTURED,1771.85,1764.76725,2021-11-29 15:00:00,1767.75,THESIS_EXIT,LOSS,-13.93,4.1,2.12483,0.231,0.12
USDJPY_BASE_496,USDJPY,SHORT,2021-11-29 16:00:00,2021-11-29 23:00:00,23,22:00–24:00 (Late Night NY Close),False,OFFLINE_MISSED,124.89,126.341,2021-11-30 19:00:00,125.5,THESIS_EXIT,LOSS,-26.22,0.61,0.4353,0.488,0.349
US500_BASE_493,US500,LONG,2021-11-26 19:00:00,2021-11-27 02:00:00,2,00:00–09:00 (Overnight/Asia),False,OFFLINE_MISSED,3732.21,3690.91425,2021-12-01 13:00:00,3826.71,THESIS_EXIT,WIN,20.58,16.5183,94.5,0.443,2.532
USDJPY_BASE_498,USDJPY,LONG,2021-12-01 18:00:00,2021-12-02 01:00:00,1,00:00–09:00 (Overnight/Asia),False,OFFLINE_MISSED,125.97,124.6265,2021-12-02 04:00:00,125.35,THESIS_EXIT,LOSS,-26.45,0.62,0.40305,0.492,0.32
US500_BASE_497,US500,SHORT,2021-12-01 16:00:00,2021-12-01 23:00:00,23,22:00–24:00 (Late Night NY Close),False,OFFLINE_MISSED,3853.46,3906.95475,2021-12-02 22:00:00,3870.51,THESIS_EXIT,LOSS,-18.47,17.05,16.04842,0.442,0.416
BTCUSD_BASE_500,BTCUSD,LONG,2021-12-03 15:00:00,2021-12-03 22:00:00,22,22:00–24:00 (Late Night NY Close),False,OFFLINE_MISSED,39338.1,38251.8225,2021-12-04 09:00:00,38498.69,THESIS_EXIT,LOSS,-306.29,839.41,325.88325,2.134,0.828
BTCUSD_BASE_501,BTCUSD,SHORT,2021-12-05 10:00:00,2021-12-05 17:00:00,17,17:00–22:00 (Evening/NY Overlap),True,ONLINE_CAPTURED,37983.57,38770.055,2021-12-05 12:00:00,38534.72,THESIS_EXIT,LOSS,-205.4,551.15,235.9455,1.451,0.621
GBPUSD_BASE_499,GBPUSD,LONG,2021-12-02 08:00:00,2021-12-02 15:00:00,15,09:00–16:00 (Day/London Open),True,ONLINE_CAPTURED,1.1799,1.1714,2021-12-07 18:00:00,1.18631,THESIS_EXIT,WIN,211.85,0.0034,0.00641,0.288,0.543
US500_BASE_502,US500,SHORT,2021-12-06 05:00:00,2021-12-06 12:00:00,12,09:00–16:00 (Day/London Open),True,ONLINE_CAPTURED,3840.94,3883.8135,2021-12-07 22:00:00,3809.37,THESIS_EXIT,LOSS,-1.45,31.57,12.86205,0.822,0.335
US500_BASE_504,US500,SHORT,2021-12-09 15:00:00,2021-12-09 22:00:00,22,22:00–24:00 (Late Night NY Close),False,OFFLINE_MISSED,3729.3,3783.17575,2021-12-10 07:00:00,3746.29,THESIS_EXIT,LOSS,-18.45,16.99,16.16273,0.456,0.433
XAUUSD_BASE_503,XAUUSD,SHORT,2021-12-08 14:00:00,2021-12-08 21:00:00,21,17:00–22:00 (Evening/NY Overlap),True,ONLINE_CAPTURED,1800.13,1807.69225,2021-12-10 09:00:00,1800.14,THESIS_EXIT,LOSS,-12.5,0.01,2.26867,0.001,0.126
US500_BASE_506,US500,LONG,2021-12-14 02:00:00,2021-12-14 09:00:00,9,09:00–16:00 (Day/London Open),True,ONLINE_CAPTURED,3758.85,3717.53075,2021-12-14 11:00:00,3729.09,THESIS_EXIT,LOSS,-22.92,29.76,12.39578,0.792,0.33
BTCUSD_BASE_507,BTCUSD,SHORT,2021-12-14 13:00:00,2021-12-14 20:00:00,20,17:00–22:00 (Evening/NY Overlap),True,ONLINE_CAPTURED,37717.97,38606.87825,2021-12-14 14:00:00,38606.87825,STOP_LOSS_TOUCH,LOSS,-323.62,888.90825,266.67248,2.357,0.707
USDJPY_BASE_508,USDJPY,SHORT,2021-12-15 11:00:00,2021-12-15 18:00:00,18,17:00–22:00 (Evening/NY Overlap),True,ONLINE_CAPTURED,125.67,126.6355,2021-12-16 09:00:00,126.26,THESIS_EXIT,LOSS,-25.78,0.59,0.28965,0.469,0.23
GBPUSD_BASE_509,GBPUSD,SHORT,2021-12-16 10:00:00,2021-12-16 17:00:00,17,17:00–22:00 (Evening/NY Overlap),True,ONLINE_CAPTURED,1.13902,1.14952,2021-12-16 20:00:00,1.14504,THESIS_EXIT,LOSS,-223.2,0.00602,0.00315,0.529,0.277
US500_BASE_510,US500,LONG,2021-12-16 20:00:00,2021-12-17 03:00:00,3,00:00–09:00 (Overnight/Asia),False,OFFLINE_MISSED,3616.12,3569.39025,2021-12-17 04:00:00,3589.01,THESIS_EXIT,LOSS,-21.99,27.11,14.01892,0.75,0.388
XAUUSD_BASE_505,XAUUSD,LONG,2021-12-13 01:00:00,2021-12-13 08:00:00,8,00:00–09:00 (Overnight/Asia),False,OFFLINE_MISSED,1798.34,1791.041,2021-12-17 12:00:00,1808.39,THESIS_EXIT,LOSS,-8.98,10.05,2.1897,0.559,0.122
BTCUSD_BASE_511,BTCUSD,LONG,2021-12-18 00:00:00,2021-12-18 07:00:00,7,00:00–09:00 (Overnight/Asia),False,OFFLINE_MISSED,38287.17,37559.69925,2021-12-18 04:00:00,37742.87,THESIS_EXIT,LOSS,-203.0,544.3,218.24123,1.422,0.57
BTCUSD_BASE_512,BTCUSD,SHORT,2021-12-19 14:00:00,2021-12-19 21:00:00,21,17:00–22:00 (Evening/NY Overlap),True,ONLINE_CAPTURED,36892.28,37845.5405,2021-12-20 10:00:00,36652.21,THESIS_EXIT,WIN,71.52,381.3042,240.07,1.034,0.651
USDJPY_BASE_513,USDJPY,LONG,2021-12-20 07:00:00,2021-12-20 14:00:00,14,09:00–16:00 (Day/London Open),True,ONLINE_CAPTURED,128.32,127.2755,2021-12-21 08:00:00,128.4,THESIS_EXIT,LOSS,-10.7,0.08,0.31335,0.062,0.244
US500_BASE_514,US500,SHORT,2021-12-20 11:00:00,2021-12-20 18:00:00,18,17:00–22:00 (Evening/NY Overlap),True,ONLINE_CAPTURED,3566.2,3605.51525,2021-12-22 08:00:00,3534.37,THESIS_EXIT,LOSS,-1.36,31.83,11.79458,0.893,0.331
USDJPY_BASE_515,USDJPY,SHORT,2021-12-21 12:00:00,2021-12-21 19:00:00,19,17:00–22:00 (Evening/NY Overlap),True,ONLINE_CAPTURED,128.67,129.73975,2021-12-23 18:00:00,128.42,THESIS_EXIT,LOSS,-6.88,0.25,0.32092,0.194,0.249
US500_BASE_516,US500,LONG,2021-12-22 23:00:00,2021-12-23 06:00:00,6,00:00–09:00 (Overnight/Asia),False,OFFLINE_MISSED,3548.86,3507.55475,2021-12-28 22:00:00,3609.85,THESIS_EXIT,WIN,8.85,16.5221,60.99,0.466,1.719
USDJPY_BASE_518,USDJPY,SHORT,2021-12-30 04:00:00,2021-12-30 11:00:00,11,09:00–16:00 (Day/London Open),True,ONLINE_CAPTURED,124.49,125.45875,2021-12-30 11:00:00,125.19,THESIS_EXIT,LOSS,-28.25,0.7,0.29062,0.562,0.233
XAUUSD_BASE_517,XAUUSD,LONG,2021-12-24 13:00:00,2021-12-24 20:00:00,20,17:00–22:00 (Evening/NY Overlap),True,ONLINE_CAPTURED,1818.61,1811.77775,2021-12-31 21:00:00,1832.81,THESIS_EXIT,LOSS,-7.53,14.2,2.04967,0.781,0.113
XAUUSD_BASE_520,XAUUSD,SHORT,2022-01-03 03:00:00,2022-01-03 10:00:00,10,09:00–16:00 (Day/London Open),True,ONLINE_CAPTURED,1835.96,1842.1085,2022-01-03 05:00:00,1842.1085,STOP_LOSS_TOUCH,LOSS,-14.65,6.1485,1.84455,0.335,0.1
GBPUSD_BASE_519,GBPUSD,SHORT,2021-12-31 02:00:00,2021-12-31 09:00:00,9,09:00–16:00 (Day/London Open),True,ONLINE_CAPTURED,1.10034,1.10884,2022-01-04 09:00:00,1.08841,THESIS_EXIT,WIN,405.05,0.0034,0.01193,0.309,1.084
XAUUSD_BASE_522,XAUUSD,LONG,2022-01-04 16:00:00,2022-01-04 23:00:00,23,22:00–24:00 (Late Night NY Close),False,OFFLINE_MISSED,1849.16,1835.383,2022-01-06 02:00:00,1840.77,THESIS_EXIT,LOSS,-15.44,8.39,4.1331,0.454,0.224
BTCUSD_BASE_521,BTCUSD,LONG,2022-01-03 06:00:00,2022-01-03 13:00:00,13,09:00–16:00 (Day/London Open),True,ONLINE_CAPTURED,31585.65,30771.99075,2022-01-07 10:00:00,32721.32,THESIS_EXIT,WIN,384.98,325.4637,1135.67,1.03,3.596
BTCUSD_BASE_524,BTCUSD,SHORT,2022-01-08 05:00:00,2022-01-08 12:00:00,12,09:00–16:00 (Day/London Open),True,ONLINE_CAPTURED,32637.24,33452.128,2022-01-09 14:00:00,32475.66,THESIS_EXIT,WIN,44.05,325.9552,161.58,0.999,0.495
USDJPY_BASE_523,USDJPY,SHORT,2022-01-07 14:00:00,2022-01-07 21:00:00,21,17:00–22:00 (Evening/NY Overlap),True,ONLINE_CAPTURED,124.67,125.701,2022-01-10 00:00:00,125.38,THESIS_EXIT,LOSS,-28.47,0.71,0.3093,0.57,0.248
BTCUSD_BASE_525,BTCUSD,LONG,2022-01-10 08:00:00,2022-01-10 15:00:00,15,09:00–16:00 (Day/London Open),True,ONLINE_CAPTURED,32845.67,31922.098,2022-01-11 08:00:00,32406.4,THESIS_EXIT,LOSS,-166.24,439.27,277.0716,1.337,0.844
BTCUSD_BASE_527,BTCUSD,SHORT,2022-01-11 20:00:00,2022-01-12 03:00:00,3,00:00–09:00 (Overnight/Asia),False,OFFLINE_MISSED,32452.54,33365.409,2022-01-13 09:00:00,32387.02,THESIS_EXIT,WIN,10.43,365.1476,65.52,1.125,0.202
GBPUSD_BASE_528,GBPUSD,LONG,2022-01-13 15:00:00,2022-01-13 22:00:00,22,22:00–24:00 (Late Night NY Close),False,OFFLINE_MISSED,1.10183,1.09108,2022-01-13 20:00:00,1.09615,THESIS_EXIT,LOSS,-211.3,0.00568,0.00323,0.516,0.293
BTCUSD_BASE_529,BTCUSD,LONG,2022-01-14 02:00:00,2022-01-14 09:00:00,9,09:00–16:00 (Day/London Open),True,ONLINE_CAPTURED,32327.11,31562.379,2022-01-14 09:00:00,31562.379,STOP_LOSS_TOUCH,LOSS,-280.16,764.731,229.4193,2.366,0.71
BTCUSD_BASE_530,BTCUSD,LONG,2022-01-15 12:00:00,2022-01-15 19:00:00,19,17:00–22:00 (Evening/NY Overlap),True,ONLINE_CAPTURED,32429.82,31557.1785,2022-01-15 19:00:00,31766.8,THESIS_EXIT,LOSS,-244.56,663.02,261.79245,2.044,0.807
XAUUSD_BASE_526,XAUUSD,SHORT,2022-01-11 12:00:00,2022-01-11 19:00:00,19,17:00–22:00 (Evening/NY Overlap),True,ONLINE_CAPTURED,1792.14,1808.25125,2022-01-17 08:00:00,1785.95,THESIS_EXIT,LOSS,-10.33,6.19,4.83337,0.345,0.27
USDJPY_BASE_531,USDJPY,SHORT,2022-01-17 00:00:00,2022-01-17 07:00:00,7,00:00–09:00 (Overnight/Asia),False,OFFLINE_MISSED,124.83,125.772,2022-01-18 06:00:00,125.4,THESIS_EXIT,LOSS,-25.33,0.57,0.2826,0.457,0.226
US500_BASE_532,US500,LONG,2022-01-18 04:00:00,2022-01-18 11:00:00,11,09:00–16:00 (Day/London Open),True,ONLINE_CAPTURED,3627.65,3582.56275,2022-01-19 15:00:00,3669.14,THESIS_EXIT,WIN,2.02,18.0349,41.49,0.497,1.144
XAUUSD_BASE_533,XAUUSD,SHORT,2022-01-18 07:00:00,2022-01-18 14:00:00,14,09:00–16:00 (Day/London Open),True,ONLINE_CAPTURED,1768.82,1782.15375,2022-01-19 15:00:00,1776.27,THESIS_EXIT,LOSS,-15.11,7.45,4.00013,0.421,0.226
BTCUSD_BASE_534,BTCUSD,SHORT,2022-01-19 21:00:00,2022-01-20 04:00:00,4,00:00–09:00 (Overnight/Asia),False,OFFLINE_MISSED,30962.73,31576.1845,2022-01-20 08:00:00,31576.1845,STOP_LOSS_TOUCH,LOSS,-227.21,613.4545,184.03635,1.981,0.594
US500_BASE_535,US500,SHORT,2022-01-20 02:00:00,2022-01-20 09:00:00,9,09:00–16:00 (Day/London Open),True,ONLINE_CAPTURED,3679.2,3731.03,2022-01-21 15:00:00,3653.0,THESIS_EXIT,LOSS,-3.33,26.2,15.549,0.712,0.423
BTCUSD_BASE_537,BTCUSD,SHORT,2022-01-22 06:00:00,2022-01-22 13:00:00,13,09:00–16:00 (Day/London Open),True,ONLINE_CAPTURED,30737.42,31484.5785,2022-01-22 10:00:00,31484.5785,STOP_LOSS_TOUCH,LOSS,-274.01,747.1585,224.14755,2.431,0.729
BTCUSD_BASE_538,BTCUSD,LONG,2022-01-23 08:00:00,2022-01-23 15:00:00,15,09:00–16:00 (Day/London Open),True,ONLINE_CAPTURED,31423.71,30659.83625,2022-01-23 14:00:00,30659.83625,STOP_LOSS_TOUCH,LOSS,-279.86,763.87375,229.16212,2.431,0.729
US500_BASE_539,US500,LONG,2022-01-23 22:00:00,2022-01-24 05:00:00,5,00:00–09:00 (Overnight/Asia),False,OFFLINE_MISSED,3642.49,3605.79125,2022-01-25 08:00:00,3628.57,THESIS_EXIT,LOSS,-17.37,13.92,11.00963,0.382,0.302
USDJPY_BASE_536,USDJPY,SHORT,2022-01-20 13:00:00,2022-01-20 20:00:00,20,17:00–22:00 (Evening/NY Overlap),True,ONLINE_CAPTURED,125.04,126.1095,2022-01-25 13:00:00,123.47,THESIS_EXIT,WIN,22.83,0.4278,1.57,0.342,1.256
US500_BASE_541,US500,LONG,2022-01-26 07:00:00,2022-01-26 14:00:00,14,09:00–16:00 (Day/London Open),True,ONLINE_CAPTURED,3672.25,3633.00175,2022-01-26 11:00:00,3649.59,THESIS_EXIT,LOSS,-20.43,22.66,11.77448,0.617,0.321
BTCUSD_BASE_542,BTCUSD,LONG,2022-01-26 12:00:00,2022-01-26 19:00:00,19,17:00–22:00 (Evening/NY Overlap),True,ONLINE_CAPTURED,30303.04,29425.8665,2022-01-26 16:00:00,29425.8665,STOP_LOSS_TOUCH,LOSS,-319.51,877.1735,263.15205,2.895,0.868
US500_BASE_543,US500,SHORT,2022-01-26 22:00:00,2022-01-27 05:00:00,5,00:00–09:00 (Overnight/Asia),False,OFFLINE_MISSED,3657.3,3695.69175,2022-01-27 14:00:00,3685.9,THESIS_EXIT,LOSS,-22.51,28.6,11.51752,0.782,0.315
BTCUSD_BASE_544,BTCUSD,LONG,2022-01-30 03:00:00,2022-01-30 10:00:00,10,09:00–16:00 (Day/London Open),True,ONLINE_CAPTURED,29649.53,28857.669,2022-01-30 08:00:00,29068.83,THESIS_EXIT,LOSS,-215.74,580.7,237.5583,1.959,0.801
BTCUSD_BASE_545,BTCUSD,SHORT,2022-01-30 22:00:00,2022-01-31 05:00:00,5,00:00–09:00 (Overnight/Asia),False,OFFLINE_MISSED,29030.98,30135.10125,2022-01-31 23:00:00,29623.35,THESIS_EXIT,LOSS,-219.83,592.37,331.23638,2.04,1.141
GBPUSD_BASE_540,GBPUSD,SHORT,2022-01-25 17:00:00,2022-01-26 00:00:00,0,00:00–09:00 (Overnight/Asia),False,OFFLINE_MISSED,1.12557,1.13507,2022-02-01 03:00:00,1.09612,THESIS_EXIT,WIN,1018.25,0.0038,0.02945,0.338,2.616
USDJPY_BASE_547,USDJPY,LONG,2022-02-03 10:00:00,2022-02-03 17:00:00,17,17:00–22:00 (Evening/NY Overlap),True,ONLINE_CAPTURED,121.54,120.69675,2022-02-04 12:00:00,121.62,THESIS_EXIT,LOSS,-10.7,0.08,0.25297,0.066,0.208
BTCUSD_BASE_546,BTCUSD,LONG,2022-02-01 14:00:00,2022-02-01 21:00:00,21,17:00–22:00 (Evening/NY Overlap),True,ONLINE_CAPTURED,29550.92,28565.83,2022-02-04 13:00:00,30302.07,THESIS_EXIT,WIN,250.4,394.036,751.15,1.333,2.542
XAUUSD_BASE_549,XAUUSD,SHORT,2022-02-07 03:00:00,2022-02-07 10:00:00,10,09:00–16:00 (Day/London Open),True,ONLINE_CAPTURED,1822.71,1833.4815,2022-02-07 12:00:00,1829.48,THESIS_EXIT,LOSS,-14.87,6.77,3.23145,0.371,0.177
GBPUSD_BASE_548,GBPUSD,SHORT,2022-02-07 02:00:00,2022-02-07 09:00:00,9,09:00–16:00 (Day/London Open),True,ONLINE_CAPTURED,1.07954,1.08779,2022-02-07 22:00:00,1.08494,THESIS_EXIT,LOSS,-201.5,0.0054,0.00248,0.5,0.229
BTCUSD_BASE_551,BTCUSD,SHORT,2022-02-08 15:00:00,2022-02-08 22:00:00,22,22:00–24:00 (Late Night NY Close),False,OFFLINE_MISSED,32553.1,33493.5105,2022-02-08 18:00:00,33493.5105,STOP_LOSS_TOUCH,LOSS,-341.64,940.4105,282.12315,2.889,0.867
XAUUSD_BASE_550,XAUUSD,LONG,2022-02-07 16:00:00,2022-02-07 23:00:00,23,22:00–24:00 (Late Night NY Close),False,OFFLINE_MISSED,1824.6,1811.1915,2022-02-11 14:00:00,1878.96,THESIS_EXIT,WIN,6.53,5.3634,54.36,0.294,2.979
BTCUSD_BASE_552,BTCUSD,LONG,2022-02-09 06:00:00,2022-02-09 13:00:00,13,09:00–16:00 (Day/London Open),True,ONLINE_CAPTURED,33217.57,32313.61225,2022-02-12 02:00:00,33346.21,THESIS_EXIT,WIN,32.52,361.5831,128.64,1.089,0.387
BTCUSD_BASE_554,BTCUSD,SHORT,2022-02-12 14:00:00,2022-02-12 21:00:00,21,17:00–22:00 (Evening/NY Overlap),True,ONLINE_CAPTURED,33438.96,34437.75925,2022-02-13 09:00:00,34437.75925,STOP_LOSS_TOUCH,LOSS,-362.08,998.79925,299.63978,2.987,0.896
BTCUSD_BASE_555,BTCUSD,LONG,2022-02-14 13:00:00,2022-02-14 20:00:00,20,17:00–22:00 (Evening/NY Overlap),True,ONLINE_CAPTURED,34954.81,33928.97975,2022-02-15 09:00:00,33928.97975,STOP_LOSS_TOUCH,LOSS,-371.54,1025.83025,307.74907,2.935,0.88
XAUUSD_BASE_556,XAUUSD,LONG,2022-02-15 10:00:00,2022-02-15 17:00:00,17,17:00–22:00 (Evening/NY Overlap),True,ONLINE_CAPTURED,1877.82,1866.48725,2022-02-15 13:00:00,1866.48725,STOP_LOSS_TOUCH,LOSS,-16.47,11.33275,3.39983,0.604,0.181
USDJPY_BASE_557,USDJPY,LONG,2022-02-16 07:00:00,2022-02-16 14:00:00,14,09:00–16:00 (Day/London Open),True,ONLINE_CAPTURED,126.39,125.36475,2022-02-16 23:00:00,125.92,THESIS_EXIT,LOSS,-23.07,0.47,0.30757,0.372,0.243
US500_BASE_553,US500,SHORT,2022-02-11 19:00:00,2022-02-12 02:00:00,2,00:00–09:00 (Overnight/Asia),False,OFFLINE_MISSED,3703.63,3753.3805,2022-02-17 01:00:00,3698.8,THESIS_EXIT,LOSS,-10.81,4.83,14.92515,0.13,0.403
XAUUSD_BASE_559,XAUUSD,SHORT,2022-02-17 06:00:00,2022-02-17 13:00:00,13,09:00–16:00 (Day/London Open),True,ONLINE_CAPTURED,1877.11,1888.97275,2022-02-17 20:00:00,1885.64,THESIS_EXIT,LOSS,-15.49,8.53,3.55883,0.454,0.19
US500_BASE_560,US500,LONG,2022-02-21 07:00:00,2022-02-21 14:00:00,14,09:00–16:00 (Day/London Open),True,ONLINE_CAPTURED,3806.92,3769.20425,2022-02-21 13:00:00,3769.20425,STOP_LOSS_TOUCH,LOSS,-25.7,37.71575,11.31472,0.991,0.297
BTCUSD_BASE_558,BTCUSD,SHORT,2022-02-17 06:00:00,2022-02-17 13:00:00,13,09:00–16:00 (Day/London Open),True,ONLINE_CAPTURED,33547.37,34373.58425,2022-02-23 03:00:00,30088.29,THESIS_EXIT,WIN,1198.18,330.4857,3459.08,0.985,10.311
XAUUSD_BASE_561,XAUUSD,LONG,2022-02-22 02:00:00,2022-02-22 09:00:00,9,09:00–16:00 (Day/London Open),True,ONLINE_CAPTURED,1883.73,1868.12775,2022-02-23 17:00:00,1886.4,THESIS_EXIT,LOSS,-11.57,2.67,4.68067,0.142,0.248
XAUUSD_BASE_563,XAUUSD,SHORT,2022-02-25 08:00:00,2022-02-25 15:00:00,15,09:00–16:00 (Day/London Open),True,ONLINE_CAPTURED,1873.1,1884.44025,2022-02-28 03:00:00,1878.74,THESIS_EXIT,LOSS,-14.47,5.64,3.40207,0.301,0.182
US500_BASE_564,US500,LONG,2022-02-28 12:00:00,2022-02-28 19:00:00,19,17:00–22:00 (Evening/NY Overlap),True,ONLINE_CAPTURED,3870.46,3834.328,2022-03-01 14:00:00,3856.38,THESIS_EXIT,LOSS,-17.43,14.08,10.8396,0.364,0.28
BTCUSD_BASE_562,BTCUSD,SHORT,2022-02-24 13:00:00,2022-02-24 20:00:00,20,17:00–22:00 (Evening/NY Overlap),True,ONLINE_CAPTURED,29889.86,30818.522,2022-03-02 07:00:00,28046.43,THESIS_EXIT,WIN,632.7,371.4648,1843.43,1.243,6.167
US500_BASE_566,US500,LONG,2022-03-03 08:00:00,2022-03-03 15:00:00,15,09:00–16:00 (Day/London Open),True,ONLINE_CAPTURED,3894.58,3846.77275,2022-03-04 11:00:00,3867.75,THESIS_EXIT,LOSS,-21.89,26.83,14.34217,0.689,0.368
BTCUSD_BASE_565,BTCUSD,LONG,2022-03-02 14:00:00,2022-03-02 21:00:00,21,17:00–22:00 (Evening/NY Overlap),True,ONLINE_CAPTURED,28236.83,27196.9355,2022-03-06 18:00:00,31107.91,THESIS_EXIT,WIN,992.38,415.9578,2871.08,1.473,10.168
US500_BASE_567,US500,SHORT,2022-03-04 15:00:00,2022-03-04 22:00:00,22,22:00–24:00 (Late Night NY Close),False,OFFLINE_MISSED,3886.11,3932.26125,2022-03-08 02:00:00,3910.51,THESIS_EXIT,LOSS,-21.04,24.4,13.84537,0.628,0.356
BTCUSD_BASE_568,BTCUSD,LONG,2022-03-08 16:00:00,2022-03-08 23:00:00,23,22:00–24:00 (Late Night NY Close),False,OFFLINE_MISSED,31795.48,30796.009,2022-03-09 02:00:00,31264.29,THESIS_EXIT,LOSS,-198.42,531.19,299.8413,1.671,0.943
BTCUSD_BASE_570,BTCUSD,SHORT,2022-03-10 02:00:00,2022-03-10 09:00:00,9,09:00–16:00 (Day/London Open),True,ONLINE_CAPTURED,31167.79,31892.845,2022-03-13 07:00:00,31236.38,THESIS_EXIT,LOSS,-36.51,68.59,217.5165,0.22,0.698
US500_BASE_571,US500,LONG,2022-03-14 12:00:00,2022-03-14 19:00:00,19,17:00–22:00 (Evening/NY Overlap),True,ONLINE_CAPTURED,4119.93,4077.65425,2022-03-15 09:00:00,4117.62,THESIS_EXIT,LOSS,-13.31,2.31,12.68272,0.056,0.308
XAUUSD_BASE_569,XAUUSD,LONG,2022-03-09 10:00:00,2022-03-09 17:00:00,17,17:00–22:00 (Evening/NY Overlap),True,ONLINE_CAPTURED,1873.18,1860.819,2022-03-15 12:00:00,1894.4,THESIS_EXIT,LOSS,-5.07,21.22,3.7083,1.133,0.198
GBPUSD_BASE_572,GBPUSD,SHORT,2022-03-16 03:00:00,2022-03-16 10:00:00,10,09:00–16:00 (Day/London Open),True,ONLINE_CAPTURED,1.22331,1.23406,2022-03-16 09:00:00,1.22783,THESIS_EXIT,LOSS,-170.7,0.00452,0.00323,0.369,0.264
BTCUSD_BASE_574,BTCUSD,LONG,2022-03-16 09:00:00,2022-03-16 16:00:00,16,16:00–17:00 (Dinner Break),False,OFFLINE_MISSED,29639.49,28969.037,2022-03-16 15:00:00,28969.037,STOP_LOSS_TOUCH,LOSS,-247.16,670.453,201.1359,2.262,0.679
USDJPY_BASE_573,USDJPY,SHORT,2022-03-16 07:00:00,2022-03-16 14:00:00,14,09:00–16:00 (Day/London Open),True,ONLINE_CAPTURED,124.4,125.6065,2022-03-18 13:00:00,124.62,THESIS_EXIT,LOSS,-17.45,0.22,0.36195,0.177,0.291
USDJPY_BASE_576,USDJPY,LONG,2022-03-21 12:00:00,2022-03-21 19:00:00,19,17:00–22:00 (Evening/NY Overlap),True,ONLINE_CAPTURED,125.39,124.1885,2022-03-21 18:00:00,124.1885,STOP_LOSS_TOUCH,LOSS,-39.53,1.2015,0.36045,0.958,0.287
US500_BASE_575,US500,SHORT,2022-03-17 08:00:00,2022-03-17 15:00:00,15,09:00–16:00 (Day/London Open),True,ONLINE_CAPTURED,4044.28,4082.11575,2022-03-23 02:00:00,4021.37,THESIS_EXIT,LOSS,-4.48,22.91,11.35073,0.566,0.281
XAUUSD_BASE_578,XAUUSD,SHORT,2022-03-23 06:00:00,2022-03-23 13:00:00,13,09:00–16:00 (Day/London Open),True,ONLINE_CAPTURED,1898.2,1909.307,2022-03-23 12:00:00,1903.86,THESIS_EXIT,LOSS,-14.48,5.66,3.3321,0.298,0.176
BTCUSD_BASE_579,BTCUSD,LONG,2022-03-23 12:00:00,2022-03-23 19:00:00,19,17:00–22:00 (Evening/NY Overlap),True,ONLINE_CAPTURED,31050.71,29925.97075,2022-03-25 00:00:00,30825.04,THESIS_EXIT,LOSS,-91.48,225.67,337.42177,0.727,1.087
GBPUSD_BASE_577,GBPUSD,SHORT,2022-03-23 00:00:00,2022-03-23 07:00:00,7,00:00–09:00 (Overnight/Asia),False,OFFLINE_MISSED,1.22035,1.23185,2022-03-28 19:00:00,1.20904,THESIS_EXIT,WIN,383.35,0.0046,0.01131,0.377,0.927
BTCUSD_BASE_580,BTCUSD,SHORT,2022-03-28 02:00:00,2022-03-28 09:00:00,9,09:00–16:00 (Day/London Open),True,ONLINE_CAPTURED,29451.15,30290.32925,2022-03-29 00:00:00,30290.32925,STOP_LOSS_TOUCH,LOSS,-306.21,839.17925,251.75378,2.849,0.855
XAUUSD_BASE_581,XAUUSD,SHORT,2022-03-28 23:00:00,2022-03-29 06:00:00,6,00:00–09:00 (Overnight/Asia),False,OFFLINE_MISSED,1886.61,1897.79975,2022-03-30 13:00:00,1882.86,THESIS_EXIT,LOSS,-11.19,3.75,3.35693,0.199,0.178
BTCUSD_BASE_582,BTCUSD,LONG,2022-03-30 10:00:00,2022-03-30 17:00:00,17,17:00–22:00 (Evening/NY Overlap),True,ONLINE_CAPTURED,31247.31,30254.1405,2022-04-01 04:00:00,31132.62,THESIS_EXIT,LOSS,-52.64,114.69,297.95085,0.367,0.954
BTCUSD_BASE_584,BTCUSD,SHORT,2022-04-01 14:00:00,2022-04-01 21:00:00,21,17:00–22:00 (Evening/NY Overlap),True,ONLINE_CAPTURED,31327.67,32358.75425,2022-04-01 19:00:00,31866.53,THESIS_EXIT,LOSS,-201.1,538.86,309.32527,1.72,0.987
XAUUSD_BASE_583,XAUUSD,SHORT,2022-03-31 11:00:00,2022-03-31 18:00:00,18,17:00–22:00 (Evening/NY Overlap),True,ONLINE_CAPTURED,1875.39,1889.8775,2022-04-04 02:00:00,1863.63,THESIS_EXIT,LOSS,-8.38,11.76,4.34625,0.627,0.232
XAUUSD_BASE_585,XAUUSD,LONG,2022-04-04 14:00:00,2022-04-04 21:00:00,21,17:00–22:00 (Evening/NY Overlap),True,ONLINE_CAPTURED,1861.36,1848.3725,2022-04-04 16:00:00,1852.05,THESIS_EXIT,LOSS,-15.76,9.31,3.89625,0.5,0.209
XAUUSD_BASE_586,XAUUSD,SHORT,2022-04-05 09:00:00,2022-04-05 16:00:00,16,16:00–17:00 (Dinner Break),False,OFFLINE_MISSED,1852.01,1864.77125,2022-04-05 15:00:00,1861.6,THESIS_EXIT,LOSS,-15.86,9.59,3.82838,0.518,0.207
BTCUSD_BASE_587,BTCUSD,LONG,2022-04-08 03:00:00,2022-04-08 10:00:00,10,09:00–16:00 (Day/London Open),True,ONLINE_CAPTURED,29678.39,28944.5335,2022-04-08 09:00:00,29240.94,THESIS_EXIT,LOSS,-165.61,437.45,220.15695,1.474,0.742
USDJPY_BASE_588,USDJPY,LONG,2022-04-08 07:00:00,2022-04-08 14:00:00,14,09:00–16:00 (Day/London Open),True,ONLINE_CAPTURED,121.31,120.35,2022-04-11 09:00:00,120.8,THESIS_EXIT,LOSS,-23.98,0.51,0.288,0.42,0.237
BTCUSD_BASE_589,BTCUSD,LONG,2022-04-11 09:00:00,2022-04-11 16:00:00,16,16:00–17:00 (Dinner Break),False,OFFLINE_MISSED,30906.91,30156.8795,2022-04-11 19:00:00,30156.8795,STOP_LOSS_TOUCH,LOSS,-275.01,750.0305,225.00915,2.427,0.728
US500_BASE_590,US500,LONG,2022-04-11 12:00:00,2022-04-11 19:00:00,19,17:00–22:00 (Evening/NY Overlap),True,ONLINE_CAPTURED,3718.23,3675.897,2022-04-12 12:00:00,3675.897,STOP_LOSS_TOUCH,LOSS,-27.32,42.333,12.6999,1.139,0.342
GBPUSD_BASE_591,GBPUSD,LONG,2022-04-12 09:00:00,2022-04-12 16:00:00,16,16:00–17:00 (Dinner Break),False,OFFLINE_MISSED,1.20185,1.19235,2022-04-12 16:00:00,1.19235,STOP_LOSS_TOUCH,LOSS,-345.0,0.0095,0.00285,0.79,0.237
US500_BASE_592,US500,SHORT,2022-04-12 23:00:00,2022-04-13 06:00:00,6,00:00–09:00 (Overnight/Asia),False,OFFLINE_MISSED,3696.06,3738.04325,2022-04-13 08:00:00,3710.39,THESIS_EXIT,LOSS,-17.52,14.33,12.59497,0.388,0.341
USDJPY_BASE_594,USDJPY,LONG,2022-04-14 10:00:00,2022-04-14 17:00:00,17,17:00–22:00 (Evening/NY Overlap),True,ONLINE_CAPTURED,122.68,121.70575,2022-04-15 12:00:00,122.38,THESIS_EXIT,LOSS,-19.25,0.3,0.29227,0.245,0.238
BTCUSD_BASE_593,BTCUSD,SHORT,2022-04-13 02:00:00,2022-04-13 09:00:00,9,09:00–16:00 (Day/London Open),True,ONLINE_CAPTURED,29773.8,30545.96275,2022-04-17 09:00:00,27703.37,THESIS_EXIT,WIN,712.15,308.8651,2070.43,1.037,6.954
BTCUSD_BASE_595,BTCUSD,LONG,2022-04-18 00:00:00,2022-04-18 07:00:00,7,00:00–09:00 (Overnight/Asia),False,OFFLINE_MISSED,27327.35,26458.403,2022-04-18 22:00:00,26866.35,THESIS_EXIT,LOSS,-173.85,461.0,260.6841,1.687,0.954
USDJPY_BASE_596,USDJPY,SHORT,2022-04-18 15:00:00,2022-04-18 22:00:00,22,22:00–24:00 (Late Night NY Close),False,OFFLINE_MISSED,121.2,122.535,2022-04-19 10:00:00,121.69,THESIS_EXIT,LOSS,-23.52,0.49,0.4005,0.404,0.33
XAUUSD_BASE_597,XAUUSD,LONG,2022-04-19 14:00:00,2022-04-19 21:00:00,21,17:00–22:00 (Evening/NY Overlap),True,ONLINE_CAPTURED,1924.39,1912.16975,2022-04-20 05:00:00,1919.54,THESIS_EXIT,LOSS,-14.2,4.85,3.66608,0.252,0.191
US500_BASE_598,US500,SHORT,2022-04-19 19:00:00,2022-04-20 02:00:00,2,00:00–09:00 (Overnight/Asia),False,OFFLINE_MISSED,3611.42,3651.432,2022-04-20 09:00:00,3645.07,THESIS_EXIT,LOSS,-24.28,33.65,12.0036,0.932,0.332
USDJPY_BASE_599,USDJPY,LONG,2022-04-20 06:00:00,2022-04-20 13:00:00,13,09:00–16:00 (Day/London Open),True,ONLINE_CAPTURED,121.72,120.80725,2022-04-20 10:00:00,121.12,THESIS_EXIT,LOSS,-26.0,0.6,0.27383,0.493,0.225
GBPUSD_BASE_600,GBPUSD,SHORT,2022-04-20 14:00:00,2022-04-20 21:00:00,21,17:00–22:00 (Evening/NY Overlap),True,ONLINE_CAPTURED,1.19509,1.20484,2022-04-21 09:00:00,1.19952,THESIS_EXIT,LOSS,-167.55,0.00443,0.00292,0.371,0.245
US500_BASE_601,US500,LONG,2022-04-21 15:00:00,2022-04-21 22:00:00,22,22:00–24:00 (Late Night NY Close),False,OFFLINE_MISSED,3665.84,3623.903,2022-04-22 08:00:00,3623.903,STOP_LOSS_TOUCH,LOSS,-27.18,41.937,12.5811,1.144,0.343
USDJPY_BASE_602,USDJPY,LONG,2022-04-22 08:00:00,2022-04-22 15:00:00,15,09:00–16:00 (Day/London Open),True,ONLINE_CAPTURED,122.25,121.24225,2022-04-22 12:00:00,121.46,THESIS_EXIT,LOSS,-30.28,0.79,0.30233,0.646,0.247
US500_BASE_603,US500,SHORT,2022-04-22 14:00:00,2022-04-22 21:00:00,21,17:00–22:00 (Evening/NY Overlap),True,ONLINE_CAPTURED,3627.58,3675.23025,2022-04-26 12:00:00,3578.9,THESIS_EXIT,WIN,4.54,19.0601,48.68,0.525,1.342
USDJPY_BASE_604,USDJPY,SHORT,2022-04-22 20:00:00,2022-04-23 03:00:00,3,00:00–09:00 (Overnight/Asia),False,OFFLINE_MISSED,121.83,122.9875,2022-04-27 13:00:00,119.95,THESIS_EXIT,WIN,29.8,0.463,1.88,0.38,1.543
US500_BASE_605,US500,SHORT,2022-04-27 14:00:00,2022-04-27 21:00:00,21,17:00–22:00 (Evening/NY Overlap),True,ONLINE_CAPTURED,3491.53,3544.74875,2022-04-27 19:00:00,3518.24,THESIS_EXIT,LOSS,-21.85,26.71,15.96562,0.765,0.457
USDJPY_BASE_607,USDJPY,LONG,2022-04-28 09:00:00,2022-04-28 16:00:00,16,16:00–17:00 (Dinner Break),False,OFFLINE_MISSED,119.81,118.7805,2022-04-28 14:00:00,118.7805,STOP_LOSS_TOUCH,LOSS,-35.66,1.0295,0.30885,0.859,0.258
XAUUSD_BASE_606,XAUUSD,LONG,2022-04-28 04:00:00,2022-04-28 11:00:00,11,09:00–16:00 (Day/London Open),True,ONLINE_CAPTURED,1939.34,1929.5195,2022-04-29 08:00:00,1931.06,THESIS_EXIT,LOSS,-15.4,8.28,2.94615,0.427,0.152
BTCUSD_BASE_608,BTCUSD,SHORT,2022-04-30 03:00:00,2022-04-30 10:00:00,10,09:00–16:00 (Day/London Open),True,ONLINE_CAPTURED,31614.92,32381.2015,2022-05-01 11:00:00,31946.04,THESIS_EXIT,LOSS,-128.39,331.12,229.88445,1.047,0.727
XAUUSD_BASE_609,XAUUSD,SHORT,2022-05-02 13:00:00,2022-05-02 20:00:00,20,17:00–22:00 (Evening/NY Overlap),True,ONLINE_CAPTURED,1927.77,1938.568,2022-05-02 16:00:00,1938.568,STOP_LOSS_TOUCH,LOSS,-16.28,10.798,3.2394,0.56,0.168
USDJPY_BASE_611,USDJPY,LONG,2022-05-03 13:00:00,2022-05-03 20:00:00,20,17:00–22:00 (Evening/NY Overlap),True,ONLINE_CAPTURED,122.68,121.59975,2022-05-05 09:00:00,122.58,THESIS_EXIT,LOSS,-14.75,0.1,0.32408,0.082,0.264
USDJPY_BASE_612,USDJPY,SHORT,2022-05-05 15:00:00,2022-05-05 22:00:00,22,22:00–24:00 (Late Night NY Close),False,OFFLINE_MISSED,122.94,124.31925,2022-05-06 03:00:00,123.91,THESIS_EXIT,LOSS,-34.32,0.97,0.41377,0.789,0.337
USDJPY_BASE_613,USDJPY,LONG,2022-05-09 08:00:00,2022-05-09 15:00:00,15,09:00–16:00 (Day/London Open),True,ONLINE_CAPTURED,124.42,123.512,2022-05-09 10:00:00,123.9,THESIS_EXIT,LOSS,-24.2,0.52,0.2724,0.418,0.219
US500_BASE_614,US500,LONG,2022-05-09 15:00:00,2022-05-09 22:00:00,22,22:00–24:00 (Late Night NY Close),False,OFFLINE_MISSED,3734.41,3685.846,2022-05-10 20:00:00,3723.99,THESIS_EXIT,LOSS,-16.15,10.42,14.5692,0.279,0.39
USDJPY_BASE_615,USDJPY,SHORT,2022-05-11 04:00:00,2022-05-11 11:00:00,11,09:00–16:00 (Day/London Open),True,ONLINE_CAPTURED,122.27,123.3985,2022-05-11 09:00:00,123.04,THESIS_EXIT,LOSS,-29.83,0.77,0.33855,0.63,0.277
USDJPY_BASE_616,USDJPY,LONG,2022-05-11 18:00:00,2022-05-12 01:00:00,1,00:00–09:00 (Overnight/Asia),False,OFFLINE_MISSED,122.49,121.3535,2022-05-11 23:00:00,121.93,THESIS_EXIT,LOSS,-25.1,0.56,0.34095,0.457,0.278
BTCUSD_BASE_610,BTCUSD,LONG,2022-05-02 15:00:00,2022-05-02 22:00:00,22,22:00–24:00 (Late Night NY Close),False,OFFLINE_MISSED,32972.24,31976.9555,2022-05-13 09:00:00,40235.81,THESIS_EXIT,WIN,2529.75,398.1138,7263.57,1.207,22.029
BTCUSD_BASE_617,BTCUSD,LONG,2022-05-14 11:00:00,2022-05-14 18:00:00,18,17:00–22:00 (Evening/NY Overlap),True,ONLINE_CAPTURED,41867.01,41028.76725,2022-05-14 17:00:00,41320.97,THESIS_EXIT,LOSS,-203.61,546.04,251.47282,1.304,0.601
XAUUSD_BASE_619,XAUUSD,SHORT,2022-05-16 14:00:00,2022-05-16 21:00:00,21,17:00–22:00 (Evening/NY Overlap),True,ONLINE_CAPTURED,1823.01,1834.6795,2022-05-16 16:00:00,1834.6795,STOP_LOSS_TOUCH,LOSS,-16.58,11.6695,3.50085,0.64,0.192
USDJPY_BASE_620,USDJPY,SHORT,2022-05-17 03:00:00,2022-05-17 10:00:00,10,09:00–16:00 (Day/London Open),True,ONLINE_CAPTURED,121.63,122.7515,2022-05-17 13:00:00,122.41,THESIS_EXIT,LOSS,-30.05,0.78,0.33645,0.641,0.277
XAUUSD_BASE_621,XAUUSD,LONG,2022-05-18 05:00:00,2022-05-18 12:00:00,12,09:00–16:00 (Day/London Open),True,ONLINE_CAPTURED,1841.56,1831.74925,2022-05-18 23:00:00,1836.4,THESIS_EXIT,LOSS,-14.31,5.16,2.94323,0.28,0.16
BTCUSD_BASE_618,BTCUSD,SHORT,2022-05-15 12:00:00,2022-05-15 19:00:00,19,17:00–22:00 (Evening/NY Overlap),True,ONLINE_CAPTURED,40981.79,42064.93775,2022-05-19 08:00:00,39171.93,THESIS_EXIT,WIN,620.95,433.2591,1809.86,1.057,4.416
BTCUSD_BASE_623,BTCUSD,LONG,2022-05-19 17:00:00,2022-05-20 00:00:00,0,00:00–09:00 (Overnight/Asia),False,OFFLINE_MISSED,39022.27,38261.03775,2022-05-20 16:00:00,38261.03775,STOP_LOSS_TOUCH,LOSS,-278.93,761.23225,228.36968,1.951,0.585
GBPUSD_BASE_624,GBPUSD,SHORT,2022-05-20 18:00:00,2022-05-21 01:00:00,1,00:00–09:00 (Overnight/Asia),False,OFFLINE_MISSED,1.16978,1.17978,2022-05-23 03:00:00,1.1742,THESIS_EXIT,LOSS,-167.2,0.00442,0.003,0.378,0.256
XAUUSD_BASE_622,XAUUSD,SHORT,2022-05-19 07:00:00,2022-05-19 14:00:00,14,09:00–16:00 (Day/London Open),True,ONLINE_CAPTURED,1838.45,1849.0365,2022-05-24 15:00:00,1832.4,THESIS_EXIT,LOSS,-10.38,6.05,3.17595,0.329,0.173
GBPUSD_BASE_626,GBPUSD,SHORT,2022-05-24 17:00:00,2022-05-25 00:00:00,0,00:00–09:00 (Overnight/Asia),False,OFFLINE_MISSED,1.17458,1.18633,2022-05-27 00:00:00,1.17975,THESIS_EXIT,LOSS,-193.45,0.00517,0.00352,0.44,0.3
USDJPY_BASE_625,USDJPY,SHORT,2022-05-23 16:00:00,2022-05-23 23:00:00,23,22:00–24:00 (Late Night NY Close),False,OFFLINE_MISSED,121.23,122.469,2022-05-30 06:00:00,118.65,THESIS_EXIT,WIN,45.55,0.4956,2.58,0.409,2.128
BTCUSD_BASE_627,BTCUSD,LONG,2022-05-27 09:00:00,2022-05-27 16:00:00,16,16:00–17:00 (Dinner Break),False,OFFLINE_MISSED,38111.29,37299.41125,2022-05-30 06:00:00,38587.93,THESIS_EXIT,WIN,154.32,324.7515,476.64,0.852,1.251
XAUUSD_BASE_629,XAUUSD,LONG,2022-05-30 16:00:00,2022-05-30 23:00:00,23,22:00–24:00 (Late Night NY Close),False,OFFLINE_MISSED,1829.05,1815.549,2022-06-01 10:00:00,1815.549,STOP_LOSS_TOUCH,LOSS,-17.23,13.501,4.0503,0.738,0.221
GBPUSD_BASE_628,GBPUSD,LONG,2022-05-30 06:00:00,2022-05-30 13:00:00,13,09:00–16:00 (Day/London Open),True,ONLINE_CAPTURED,1.18298,1.17398,2022-06-02 08:00:00,1.18883,THESIS_EXIT,WIN,192.25,0.0036,0.00585,0.304,0.495
GBPUSD_BASE_630,GBPUSD,SHORT,2022-06-02 12:00:00,2022-06-02 19:00:00,19,17:00–22:00 (Evening/NY Overlap),True,ONLINE_CAPTURED,1.19023,1.20023,2022-06-03 09:00:00,1.19576,THESIS_EXIT,LOSS,-206.05,0.00553,0.003,0.465,0.252
XAUUSD_BASE_631,XAUUSD,SHORT,2022-06-02 19:00:00,2022-06-03 02:00:00,2,00:00–09:00 (Overnight/Asia),False,OFFLINE_MISSED,1811.75,1823.6655,2022-06-03 11:00:00,1816.57,THESIS_EXIT,LOSS,-14.19,4.82,3.57465,0.266,0.197
BTCUSD_BASE_632,BTCUSD,LONG,2022-06-03 11:00:00,2022-06-03 18:00:00,18,17:00–22:00 (Evening/NY Overlap),True,ONLINE_CAPTURED,37733.1,36909.798,2022-06-07 14:00:00,39600.84,THESIS_EXIT,WIN,641.21,329.3208,1867.74,0.873,4.95
XAUUSD_BASE_634,XAUUSD,LONG,2022-06-08 04:00:00,2022-06-08 11:00:00,11,09:00–16:00 (Day/London Open),True,ONLINE_CAPTURED,1832.47,1820.575,2022-06-09 08:00:00,1826.98,THESIS_EXIT,LOSS,-14.42,5.49,3.5685,0.3,0.195
XAUUSD_BASE_635,XAUUSD,SHORT,2022-06-10 10:00:00,2022-06-10 17:00:00,17,17:00–22:00 (Evening/NY Overlap),True,ONLINE_CAPTURED,1824.04,1834.43175,2022-06-15 13:00:00,1790.1,THESIS_EXIT,LOSS,-0.62,33.94,3.11753,1.861,0.171
BTCUSD_BASE_636,BTCUSD,SHORT,2022-06-15 14:00:00,2022-06-15 21:00:00,21,17:00–22:00 (Evening/NY Overlap),True,ONLINE_CAPTURED,38450.72,39316.1045,2022-06-15 19:00:00,39129.18,THESIS_EXIT,LOSS,-249.96,678.46,259.61535,1.764,0.675
GBPUSD_BASE_637,GBPUSD,SHORT,2022-06-16 08:00:00,2022-06-16 15:00:00,15,09:00–16:00 (Day/London Open),True,ONLINE_CAPTURED,1.1982,1.20945,2022-06-20 09:00:00,1.19212,THESIS_EXIT,WIN,200.3,0.0045,0.00608,0.376,0.507
GBPUSD_BASE_638,GBPUSD,LONG,2022-06-20 16:00:00,2022-06-20 23:00:00,23,22:00–24:00 (Late Night NY Close),False,OFFLINE_MISSED,1.19073,1.18073,2022-06-21 20:00:00,1.18558,THESIS_EXIT,LOSS,-192.75,0.00515,0.003,0.433,0.252
US500_BASE_639,US500,SHORT,2022-06-21 20:00:00,2022-06-22 03:00:00,3,00:00–09:00 (Overnight/Asia),False,OFFLINE_MISSED,3508.66,3546.62275,2022-06-22 12:00:00,3546.62275,STOP_LOSS_TOUCH,LOSS,-25.79,37.96275,11.38883,1.082,0.325
BTCUSD_BASE_640,BTCUSD,SHORT,2022-06-22 14:00:00,2022-06-22 21:00:00,21,17:00–22:00 (Evening/NY Overlap),True,ONLINE_CAPTURED,41974.79,42948.618,2022-06-23 09:00:00,42405.51,THESIS_EXIT,LOSS,-163.25,430.72,292.1484,1.026,0.696
USDJPY_BASE_633,USDJPY,LONG,2022-06-06 04:00:00,2022-06-06 11:00:00,11,09:00–16:00 (Day/London Open),True,ONLINE_CAPTURED,119.65,118.6835,2022-06-24 05:00:00,132.6,THESIS_EXIT,WIN,278.87,0.3866,12.95,0.323,10.823
US500_BASE_641,US500,SHORT,2022-06-24 11:00:00,2022-06-24 18:00:00,18,17:00–22:00 (Evening/NY Overlap),True,ONLINE_CAPTURED,3504.95,3548.63375,2022-06-24 12:00:00,3548.63375,STOP_LOSS_TOUCH,LOSS,-27.79,43.68375,13.10513,1.246,0.374
BTCUSD_BASE_643,BTCUSD,LONG,2022-06-25 02:00:00,2022-06-25 09:00:00,9,09:00–16:00 (Day/London Open),True,ONLINE_CAPTURED,42720.46,41977.038,2022-06-29 16:00:00,46122.93,THESIS_EXIT,WIN,1178.36,297.3688,3402.47,0.696,7.964
XAUUSD_BASE_642,XAUUSD,SHORT,2022-06-24 13:00:00,2022-06-24 20:00:00,20,17:00–22:00 (Evening/NY Overlap),True,ONLINE_CAPTURED,1776.08,1790.95975,2022-06-30 15:00:00,1747.95,THESIS_EXIT,LOSS,-2.65,28.13,4.46393,1.584,0.251
BTCUSD_BASE_644,BTCUSD,LONG,2022-06-30 20:00:00,2022-07-01 03:00:00,3,00:00–09:00 (Overnight/Asia),False,OFFLINE_MISSED,46877.57,46027.3255,2022-07-01 14:00:00,46027.3255,STOP_LOSS_TOUCH,LOSS,-310.09,850.2445,255.07335,1.814,0.544
US500_BASE_646,US500,LONG,2022-07-01 20:00:00,2022-07-02 03:00:00,3,00:00–09:00 (Overnight/Asia),False,OFFLINE_MISSED,3512.88,3467.02525,2022-07-04 12:00:00,3500.38,THESIS_EXIT,LOSS,-16.88,12.5,13.75642,0.356,0.392
XAUUSD_BASE_645,XAUUSD,LONG,2022-07-01 12:00:00,2022-07-01 19:00:00,19,17:00–22:00 (Evening/NY Overlap),True,ONLINE_CAPTURED,1758.67,1747.18825,2022-07-04 12:00:00,1753.93,THESIS_EXIT,LOSS,-14.16,4.74,3.44452,0.27,0.196
BTCUSD_BASE_648,BTCUSD,SHORT,2022-07-05 15:00:00,2022-07-05 22:00:00,22,22:00–24:00 (Late Night NY Close),False,OFFLINE_MISSED,48076.37,49105.746,2022-07-06 08:00:00,48729.61,THESIS_EXIT,LOSS,-241.13,653.24,308.8128,1.359,0.642
GBPUSD_BASE_647,GBPUSD,LONG,2022-07-05 06:00:00,2022-07-05 13:00:00,13,09:00–16:00 (Day/London Open),True,ONLINE_CAPTURED,1.17979,1.17129,2022-07-06 14:00:00,1.17847,THESIS_EXIT,LOSS,-58.7,0.00132,0.00255,0.112,0.216
USDJPY_BASE_650,USDJPY,LONG,2022-07-07 07:00:00,2022-07-07 14:00:00,14,09:00–16:00 (Day/London Open),True,ONLINE_CAPTURED,133.33,132.40925,2022-07-07 13:00:00,132.40925,STOP_LOSS_TOUCH,LOSS,-33.22,0.92075,0.27622,0.691,0.207
XAUUSD_BASE_649,XAUUSD,SHORT,2022-07-06 13:00:00,2022-07-06 20:00:00,20,17:00–22:00 (Evening/NY Overlap),True,ONLINE_CAPTURED,1725.64,1737.30525,2022-07-07 15:00:00,1737.30525,STOP_LOSS_TOUCH,LOSS,-16.58,11.66525,3.49958,0.676,0.203
US500_BASE_652,US500,SHORT,2022-07-08 01:00:00,2022-07-08 08:00:00,8,00:00–09:00 (Overnight/Asia),False,OFFLINE_MISSED,3475.63,3516.78025,2022-07-08 15:00:00,3506.77,THESIS_EXIT,LOSS,-23.4,31.14,12.34508,0.896,0.355
BTCUSD_BASE_651,BTCUSD,SHORT,2022-07-07 14:00:00,2022-07-07 21:00:00,21,17:00–22:00 (Evening/NY Overlap),True,ONLINE_CAPTURED,47548.42,48421.882,2022-07-09 10:00:00,47588.43,THESIS_EXIT,LOSS,-26.5,40.01,262.0386,0.084,0.551
BTCUSD_BASE_654,BTCUSD,LONG,2022-07-11 00:00:00,2022-07-11 07:00:00,7,00:00–09:00 (Overnight/Asia),False,OFFLINE_MISSED,47828.17,46931.35225,2022-07-12 16:00:00,48102.38,THESIS_EXIT,WIN,83.47,358.7271,274.21,0.75,0.573
GBPUSD_BASE_655,GBPUSD,SHORT,2022-07-13 10:00:00,2022-07-13 17:00:00,17,17:00–22:00 (Evening/NY Overlap),True,ONLINE_CAPTURED,1.16947,1.17872,2022-07-13 11:00:00,1.17496,THESIS_EXIT,LOSS,-204.65,0.00549,0.00277,0.469,0.237
USDJPY_BASE_653,USDJPY,SHORT,2022-07-08 20:00:00,2022-07-09 03:00:00,3,00:00–09:00 (Overnight/Asia),False,OFFLINE_MISSED,132.34,133.323,2022-07-13 11:00:00,132.28,THESIS_EXIT,LOSS,-11.15,0.06,0.2949,0.045,0.223
XAUUSD_BASE_657,XAUUSD,SHORT,2022-07-14 06:00:00,2022-07-14 13:00:00,13,09:00–16:00 (Day/London Open),True,ONLINE_CAPTURED,1750.17,1759.4855,2022-07-14 11:00:00,1759.4855,STOP_LOSS_TOUCH,LOSS,-15.76,9.3155,2.79465,0.532,0.16
USDJPY_BASE_658,USDJPY,LONG,2022-07-14 12:00:00,2022-07-14 19:00:00,19,17:00–22:00 (Evening/NY Overlap),True,ONLINE_CAPTURED,132.23,131.07875,2022-07-14 14:00:00,131.6,THESIS_EXIT,LOSS,-26.67,0.63,0.34538,0.476,0.261
US500_BASE_659,US500,LONG,2022-07-15 00:00:00,2022-07-15 07:00:00,7,00:00–09:00 (Overnight/Asia),False,OFFLINE_MISSED,3577.55,3532.7475,2022-07-15 06:00:00,3556.96,THESIS_EXIT,LOSS,-19.71,20.59,13.44075,0.576,0.376
GBPUSD_BASE_656,GBPUSD,LONG,2022-07-14 05:00:00,2022-07-14 12:00:00,12,09:00–16:00 (Day/London Open),True,ONLINE_CAPTURED,1.17695,1.16745,2022-07-15 15:00:00,1.17506,THESIS_EXIT,LOSS,-78.65,0.00189,0.00285,0.161,0.242
XAUUSD_BASE_661,XAUUSD,SHORT,2022-07-15 19:00:00,2022-07-16 02:00:00,2,00:00–09:00 (Overnight/Asia),False,OFFLINE_MISSED,1746.47,1762.50075,2022-07-18 10:00:00,1751.7,THESIS_EXIT,LOSS,-14.33,5.23,4.80922,0.299,0.275
USDJPY_BASE_660,USDJPY,SHORT,2022-07-15 06:00:00,2022-07-15 13:00:00,13,09:00–16:00 (Day/London Open),True,ONLINE_CAPTURED,131.61,132.6475,2022-07-19 16:00:00,130.4,THESIS_EXIT,WIN,14.73,0.415,1.21,0.315,0.919
XAUUSD_BASE_662,XAUUSD,LONG,2022-07-18 20:00:00,2022-07-19 03:00:00,3,00:00–09:00 (Overnight/Asia),False,OFFLINE_MISSED,1748.2,1736.13625,2022-07-19 20:00:00,1741.64,THESIS_EXIT,LOSS,-14.8,6.56,3.61913,0.375,0.207
XAUUSD_BASE_663,XAUUSD,SHORT,2022-07-21 01:00:00,2022-07-21 08:00:00,8,00:00–09:00 (Overnight/Asia),False,OFFLINE_MISSED,1744.09,1753.0825,2022-07-21 09:00:00,1753.0825,STOP_LOSS_TOUCH,LOSS,-15.65,8.9925,2.69775,0.516,0.155
BTCUSD_BASE_665,BTCUSD,LONG,2022-07-22 14:00:00,2022-07-22 21:00:00,21,17:00–22:00 (Evening/NY Overlap),True,ONLINE_CAPTURED,49876.36,48743.04875,2022-07-23 16:00:00,49516.58,THESIS_EXIT,LOSS,-138.42,359.78,339.99337,0.721,0.682
BTCUSD_BASE_666,BTCUSD,SHORT,2022-07-24 13:00:00,2022-07-24 20:00:00,20,17:00–22:00 (Evening/NY Overlap),True,ONLINE_CAPTURED,49813.54,50751.5655,2022-07-26 03:00:00,50414.14,THESIS_EXIT,LOSS,-222.71,600.6,281.40765,1.206,0.565
US500_BASE_664,US500,LONG,2022-07-21 11:00:00,2022-07-21 18:00:00,18,17:00–22:00 (Evening/NY Overlap),True,ONLINE_CAPTURED,3707.28,3657.604,2022-07-26 13:00:00,3711.78,THESIS_EXIT,LOSS,-10.93,4.5,14.9028,0.121,0.402
XAUUSD_BASE_667,XAUUSD,SHORT,2022-07-26 16:00:00,2022-07-26 23:00:00,23,22:00–24:00 (Late Night NY Close),False,OFFLINE_MISSED,1731.39,1743.314,2022-07-27 00:00:00,1736.58,THESIS_EXIT,LOSS,-14.32,5.19,3.5772,0.3,0.207
USDJPY_BASE_669,USDJPY,LONG,2022-07-28 13:00:00,2022-07-28 20:00:00,20,17:00–22:00 (Evening/NY Overlap),True,ONLINE_CAPTURED,131.58,130.44525,2022-07-28 16:00:00,130.98,THESIS_EXIT,LOSS,-26.0,0.6,0.34042,0.456,0.259
US500_BASE_670,US500,SHORT,2022-07-29 00:00:00,2022-07-29 07:00:00,7,00:00–09:00 (Overnight/Asia),False,OFFLINE_MISSED,3821.62,3865.552,2022-07-29 12:00:00,3865.552,STOP_LOSS_TOUCH,LOSS,-27.88,43.932,13.1796,1.15,0.345
XAUUSD_BASE_668,XAUUSD,LONG,2022-07-27 09:00:00,2022-07-27 16:00:00,16,16:00–17:00 (Dinner Break),False,OFFLINE_MISSED,1739.6,1727.77675,2022-08-01 00:00:00,1748.32,THESIS_EXIT,LOSS,-9.45,8.72,3.54697,0.501,0.204
US500_BASE_672,US500,SHORT,2022-08-01 14:00:00,2022-08-01 21:00:00,21,17:00–22:00 (Evening/NY Overlap),True,ONLINE_CAPTURED,3861.25,3912.8905,2022-08-02 08:00:00,3900.52,THESIS_EXIT,LOSS,-26.24,39.27,15.49215,1.017,0.401
XAUUSD_BASE_671,XAUUSD,SHORT,2022-08-01 10:00:00,2022-08-01 17:00:00,17,17:00–22:00 (Evening/NY Overlap),True,ONLINE_CAPTURED,1751.82,1762.7315,2022-08-02 11:00:00,1756.96,THESIS_EXIT,LOSS,-14.3,5.14,3.27345,0.293,0.187
GBPUSD_BASE_673,GBPUSD,SHORT,2022-08-02 08:00:00,2022-08-02 15:00:00,15,09:00–16:00 (Day/London Open),True,ONLINE_CAPTURED,1.16679,1.17629,2022-08-08 08:00:00,1.14467,THESIS_EXIT,WIN,761.7,0.0038,0.02212,0.326,1.896
XAUUSD_BASE_674,XAUUSD,SHORT,2022-08-03 09:00:00,2022-08-03 16:00:00,16,16:00–17:00 (Dinner Break),False,OFFLINE_MISSED,1752.71,1765.082,2022-08-08 14:00:00,1743.18,THESIS_EXIT,LOSS,-9.16,9.53,3.7116,0.544,0.212
GBPUSD_BASE_676,GBPUSD,LONG,2022-08-08 23:00:00,2022-08-09 06:00:00,6,00:00–09:00 (Overnight/Asia),False,OFFLINE_MISSED,1.14595,1.1362,2022-08-09 09:00:00,1.1362,STOP_LOSS_TOUCH,LOSS,-353.75,0.00975,0.00292,0.851,0.255
USDJPY_BASE_675,USDJPY,SHORT,2022-08-08 19:00:00,2022-08-09 02:00:00,2,00:00–09:00 (Overnight/Asia),False,OFFLINE_MISSED,125.25,126.3125,2022-08-10 07:00:00,125.2,THESIS_EXIT,LOSS,-11.38,0.05,0.31875,0.04,0.254
XAUUSD_BASE_677,XAUUSD,LONG,2022-08-10 03:00:00,2022-08-10 10:00:00,10,09:00–16:00 (Day/London Open),True,ONLINE_CAPTURED,1762.18,1749.96825,2022-08-10 10:00:00,1754.58,THESIS_EXIT,LOSS,-15.16,7.6,3.66352,0.431,0.208
XAUUSD_BASE_679,XAUUSD,SHORT,2022-08-10 15:00:00,2022-08-10 22:00:00,22,22:00–24:00 (Late Night NY Close),False,OFFLINE_MISSED,1759.02,1773.73125,2022-08-11 12:00:00,1766.68,THESIS_EXIT,LOSS,-15.18,7.66,4.41338,0.435,0.251
XAUUSD_BASE_680,XAUUSD,LONG,2022-08-12 00:00:00,2022-08-12 07:00:00,7,00:00–09:00 (Overnight/Asia),False,OFFLINE_MISSED,1762.72,1746.403,2022-08-12 21:00:00,1754.96,THESIS_EXIT,LOSS,-15.22,7.76,4.8951,0.44,0.278
BTCUSD_BASE_681,BTCUSD,LONG,2022-08-12 23:00:00,2022-08-13 06:00:00,6,00:00–09:00 (Overnight/Asia),False,OFFLINE_MISSED,43767.27,42965.842,2022-08-13 17:00:00,43254.12,THESIS_EXIT,LOSS,-192.1,513.15,240.4284,1.172,0.549
BTCUSD_BASE_682,BTCUSD,SHORT,2022-08-14 10:00:00,2022-08-14 17:00:00,17,17:00–22:00 (Evening/NY Overlap),True,ONLINE_CAPTURED,43219.04,43984.406,2022-08-14 14:00:00,43984.406,STOP_LOSS_TOUCH,LOSS,-280.38,765.366,229.6098,1.771,0.531
GBPUSD_BASE_678,GBPUSD,SHORT,2022-08-10 12:00:00,2022-08-10 19:00:00,19,17:00–22:00 (Evening/NY Overlap),True,ONLINE_CAPTURED,1.13887,1.15062,2022-08-15 04:00:00,1.12673,THESIS_EXIT,WIN,412.4,0.0047,0.01214,0.413,1.066
BTCUSD_BASE_684,BTCUSD,LONG,2022-08-15 13:00:00,2022-08-15 20:00:00,20,17:00–22:00 (Evening/NY Overlap),True,ONLINE_CAPTURED,44258.42,43405.6425,2022-08-16 14:00:00,43405.6425,STOP_LOSS_TOUCH,LOSS,-310.97,852.7775,255.83325,1.927,0.578
USDJPY_BASE_683,USDJPY,SHORT,2022-08-15 06:00:00,2022-08-15 13:00:00,13,09:00–16:00 (Day/London Open),True,ONLINE_CAPTURED,124.57,125.469,2022-08-19 05:00:00,123.1,THESIS_EXIT,WIN,20.57,0.3596,1.47,0.289,1.18
GBPUSD_BASE_685,GBPUSD,LONG,2022-08-17 12:00:00,2022-08-17 19:00:00,19,17:00–22:00 (Evening/NY Overlap),True,ONLINE_CAPTURED,1.15309,1.14309,2022-08-19 11:00:00,1.14309,STOP_LOSS_TOUCH,LOSS,-362.5,0.01,0.003,0.867,0.26
US500_BASE_687,US500,LONG,2022-08-22 12:00:00,2022-08-22 19:00:00,19,17:00–22:00 (Evening/NY Overlap),True,ONLINE_CAPTURED,4167.58,4117.5105,2022-08-23 15:00:00,4117.5105,STOP_LOSS_TOUCH,LOSS,-30.02,50.0695,15.02085,1.201,0.36
USDJPY_BASE_686,USDJPY,LONG,2022-08-19 08:00:00,2022-08-19 15:00:00,15,09:00–16:00 (Day/London Open),True,ONLINE_CAPTURED,122.63,121.35425,2022-08-24 11:00:00,123.69,THESIS_EXIT,WIN,11.35,0.5103,1.06,0.416,0.864
US500_BASE_688,US500,SHORT,2022-08-23 22:00:00,2022-08-24 05:00:00,5,00:00–09:00 (Overnight/Asia),False,OFFLINE_MISSED,4165.22,4215.89125,2022-08-24 12:00:00,4187.32,THESIS_EXIT,LOSS,-20.23,22.1,15.20138,0.531,0.365
XAUUSD_BASE_690,XAUUSD,LONG,2022-08-25 10:00:00,2022-08-25 17:00:00,17,17:00–22:00 (Evening/NY Overlap),True,ONLINE_CAPTURED,1770.94,1753.52425,2022-08-26 07:00:00,1761.01,THESIS_EXIT,LOSS,-15.98,9.93,5.22473,0.561,0.295
BTCUSD_BASE_689,BTCUSD,SHORT,2022-08-25 08:00:00,2022-08-25 15:00:00,15,09:00–16:00 (Day/London Open),True,ONLINE_CAPTURED,45962.57,46755.53225,2022-08-26 19:00:00,45032.96,THESIS_EXIT,WIN,312.86,317.1849,929.61,0.69,2.023
XAUUSD_BASE_692,XAUUSD,SHORT,2022-08-29 16:00:00,2022-08-29 23:00:00,23,22:00–24:00 (Late Night NY Close),False,OFFLINE_MISSED,1763.89,1776.67125,2022-08-31 10:00:00,1755.25,THESIS_EXIT,LOSS,-9.48,8.64,3.83437,0.49,0.217
USDJPY_BASE_693,USDJPY,SHORT,2022-08-31 19:00:00,2022-09-01 02:00:00,2,00:00–09:00 (Overnight/Asia),False,OFFLINE_MISSED,122.38,123.579,2022-09-01 03:00:00,122.92,THESIS_EXIT,LOSS,-24.65,0.54,0.3597,0.441,0.294
US500_BASE_691,US500,SHORT,2022-08-26 12:00:00,2022-08-26 19:00:00,19,17:00–22:00 (Evening/NY Overlap),True,ONLINE_CAPTURED,4227.72,4270.1215,2022-09-02 13:00:00,3972.73,THESIS_EXIT,WIN,76.75,16.9606,254.99,0.401,6.031
XAUUSD_BASE_694,XAUUSD,LONG,2022-09-01 10:00:00,2022-09-01 17:00:00,17,17:00–22:00 (Evening/NY Overlap),True,ONLINE_CAPTURED,1758.27,1747.617,2022-09-02 15:00:00,1757.0,THESIS_EXIT,LOSS,-12.94,1.27,3.1959,0.072,0.182
XAUUSD_BASE_695,XAUUSD,SHORT,2022-09-06 00:00:00,2022-09-06 07:00:00,7,00:00–09:00 (Overnight/Asia),False,OFFLINE_MISSED,1749.71,1763.177,2022-09-06 14:00:00,1760.5,THESIS_EXIT,LOSS,-16.28,10.79,4.0401,0.617,0.231
US500_BASE_697,US500,SHORT,2022-09-07 04:00:00,2022-09-07 11:00:00,11,09:00–16:00 (Day/London Open),True,ONLINE_CAPTURED,4049.43,4086.674,2022-09-09 10:00:00,4028.07,THESIS_EXIT,LOSS,-5.02,21.36,11.1732,0.527,0.276
USDJPY_BASE_698,USDJPY,SHORT,2022-09-09 11:00:00,2022-09-09 18:00:00,18,17:00–22:00 (Evening/NY Overlap),True,ONLINE_CAPTURED,124.9,126.05725,2022-09-12 10:00:00,125.59,THESIS_EXIT,LOSS,-28.02,0.69,0.34718,0.552,0.278
US500_BASE_699,US500,LONG,2022-09-12 10:00:00,2022-09-12 17:00:00,17,17:00–22:00 (Evening/NY Overlap),True,ONLINE_CAPTURED,4039.9,3996.92475,2022-09-21 02:00:00,4277.58,THESIS_EXIT,WIN,70.69,17.1901,237.68,0.426,5.883
US500_BASE_700,US500,SHORT,2022-09-21 10:00:00,2022-09-21 17:00:00,17,17:00–22:00 (Evening/NY Overlap),True,ONLINE_CAPTURED,4289.77,4336.135,2022-09-21 20:00:00,4324.08,THESIS_EXIT,LOSS,-24.51,34.31,13.9095,0.8,0.324
GBPUSD_BASE_696,GBPUSD,SHORT,2022-09-07 01:00:00,2022-09-07 08:00:00,8,00:00–09:00 (Overnight/Asia),False,OFFLINE_MISSED,1.21976,1.23076,2022-09-22 05:00:00,1.16693,THESIS_EXIT,WIN,1836.55,0.0044,0.05283,0.361,4.331
US500_BASE_701,US500,LONG,2022-09-22 09:00:00,2022-09-22 16:00:00,16,16:00–17:00 (Dinner Break),False,OFFLINE_MISSED,4339.86,4299.093,2022-09-23 11:00:00,4328.45,THESIS_EXIT,LOSS,-16.49,11.41,12.2301,0.263,0.282
BTCUSD_BASE_703,BTCUSD,SHORT,2022-09-24 21:00:00,2022-09-25 04:00:00,4,00:00–09:00 (Overnight/Asia),False,OFFLINE_MISSED,52465.07,53179.414,2022-09-25 09:00:00,53179.414,STOP_LOSS_TOUCH,LOSS,-262.52,714.344,214.3032,1.362,0.408
US500_BASE_704,US500,SHORT,2022-09-26 07:00:00,2022-09-26 14:00:00,14,09:00–16:00 (Day/London Open),True,ONLINE_CAPTURED,4307.94,4358.54475,2022-09-26 12:00:00,4345.3,THESIS_EXIT,LOSS,-25.58,37.36,15.18143,0.867,0.352
USDJPY_BASE_702,USDJPY,LONG,2022-09-23 11:00:00,2022-09-23 18:00:00,18,17:00–22:00 (Evening/NY Overlap),True,ONLINE_CAPTURED,127.72,126.46275,2022-09-27 05:00:00,128.2,THESIS_EXIT,LOSS,-1.7,0.48,0.37717,0.376,0.295
BTCUSD_BASE_705,BTCUSD,SHORT,2022-09-27 06:00:00,2022-09-27 13:00:00,13,09:00–16:00 (Day/London Open),True,ONLINE_CAPTURED,51169.23,52043.771,2022-09-27 12:00:00,51675.36,THESIS_EXIT,LOSS,-189.65,506.13,262.3623,0.989,0.513
XAUUSD_BASE_706,XAUUSD,SHORT,2022-09-28 05:00:00,2022-09-28 12:00:00,12,09:00–16:00 (Day/London Open),True,ONLINE_CAPTURED,1707.57,1716.97825,2022-09-28 15:00:00,1716.97825,STOP_LOSS_TOUCH,LOSS,-15.79,9.40825,2.82247,0.551,0.165
USDJPY_BASE_708,USDJPY,LONG,2022-09-29 08:00:00,2022-09-29 15:00:00,15,09:00–16:00 (Day/London Open),True,ONLINE_CAPTURED,129.53,128.53025,2022-09-29 11:00:00,128.53025,STOP_LOSS_TOUCH,LOSS,-34.99,0.99975,0.29993,0.772,0.232
BTCUSD_BASE_709,BTCUSD,SHORT,2022-09-29 12:00:00,2022-09-29 19:00:00,19,17:00–22:00 (Evening/NY Overlap),True,ONLINE_CAPTURED,50699.12,51552.75325,2022-09-30 01:00:00,51160.52,THESIS_EXIT,LOSS,-173.99,461.4,256.08997,0.91,0.505
US500_BASE_707,US500,SHORT,2022-09-29 08:00:00,2022-09-29 15:00:00,15,09:00–16:00 (Day/London Open),True,ONLINE_CAPTURED,4328.24,4366.20675,2022-09-30 03:00:00,4334.04,THESIS_EXIT,LOSS,-14.53,5.8,11.39002,0.134,0.263
XAUUSD_BASE_711,XAUUSD,LONG,2022-09-30 15:00:00,2022-09-30 22:00:00,22,22:00–24:00 (Late Night NY Close),False,OFFLINE_MISSED,1740.43,1727.891,2022-09-30 21:00:00,1732.84,THESIS_EXIT,LOSS,-15.16,7.59,3.7617,0.436,0.216
BTCUSD_BASE_712,BTCUSD,LONG,2022-10-01 03:00:00,2022-10-01 10:00:00,10,09:00–16:00 (Day/London Open),True,ONLINE_CAPTURED,51575.94,50678.2625,2022-10-01 08:00:00,50678.2625,STOP_LOSS_TOUCH,LOSS,-326.69,897.6775,269.30325,1.74,0.522
BTCUSD_BASE_713,BTCUSD,LONG,2022-10-03 06:00:00,2022-10-03 13:00:00,13,09:00–16:00 (Day/London Open),True,ONLINE_CAPTURED,52268.59,51414.29825,2022-10-03 14:00:00,51414.29825,STOP_LOSS_TOUCH,LOSS,-311.5,854.29175,256.28752,1.634,0.49
GBPUSD_BASE_714,GBPUSD,LONG,2022-10-03 20:00:00,2022-10-04 03:00:00,3,00:00–09:00 (Overnight/Asia),False,OFFLINE_MISSED,1.1775,1.16925,2022-10-04 22:00:00,1.17432,THESIS_EXIT,LOSS,-123.8,0.00318,0.00248,0.27,0.21
US500_BASE_710,US500,LONG,2022-09-30 12:00:00,2022-09-30 19:00:00,19,17:00–22:00 (Evening/NY Overlap),True,ONLINE_CAPTURED,4324.98,4285.78125,2022-10-06 13:00:00,4367.68,THESIS_EXIT,WIN,2.45,15.6795,42.7,0.363,0.987
BTCUSD_BASE_715,BTCUSD,LONG,2022-10-06 12:00:00,2022-10-06 19:00:00,19,17:00–22:00 (Evening/NY Overlap),True,ONLINE_CAPTURED,50789.17,49849.765,2022-10-07 17:00:00,50700.13,THESIS_EXIT,LOSS,-43.66,89.04,281.8215,0.175,0.555
BTCUSD_BASE_716,BTCUSD,LONG,2022-10-08 22:00:00,2022-10-09 05:00:00,5,00:00–09:00 (Overnight/Asia),False,OFFLINE_MISSED,51642.28,50605.39725,2022-10-09 13:00:00,51062.03,THESIS_EXIT,LOSS,-215.59,580.25,311.06482,1.124,0.602
BTCUSD_BASE_718,BTCUSD,SHORT,2022-10-11 06:00:00,2022-10-11 13:00:00,13,09:00–16:00 (Day/London Open),True,ONLINE_CAPTURED,50332.74,51081.642,2022-10-13 13:00:00,49484.95,THESIS_EXIT,WIN,284.23,299.5608,847.79,0.595,1.684
GBPUSD_BASE_717,GBPUSD,LONG,2022-10-10 03:00:00,2022-10-10 10:00:00,10,09:00–16:00 (Day/London Open),True,ONLINE_CAPTURED,1.17298,1.16373,2022-10-14 13:00:00,1.19468,THESIS_EXIT,WIN,747.0,0.0037,0.0217,0.315,1.85
BTCUSD_BASE_720,BTCUSD,LONG,2022-10-14 16:00:00,2022-10-14 23:00:00,23,22:00–24:00 (Late Night NY Close),False,OFFLINE_MISSED,50227.32,49145.659,2022-10-16 20:00:00,49863.86,THESIS_EXIT,LOSS,-139.71,363.46,324.4983,0.724,0.646
USDJPY_BASE_719,USDJPY,SHORT,2022-10-14 15:00:00,2022-10-14 22:00:00,22,22:00–24:00 (Late Night NY Close),False,OFFLINE_MISSED,135.92,136.97525,2022-10-17 16:00:00,136.18,THESIS_EXIT,LOSS,-18.35,0.26,0.31658,0.191,0.233
BTCUSD_BASE_722,BTCUSD,SHORT,2022-10-19 05:00:00,2022-10-19 12:00:00,12,09:00–16:00 (Day/London Open),True,ONLINE_CAPTURED,48294.42,49181.133,2022-10-19 10:00:00,48740.97,THESIS_EXIT,LOSS,-168.79,446.55,266.0139,0.925,0.551
US500_BASE_721,US500,LONG,2022-10-17 01:00:00,2022-10-17 08:00:00,8,00:00–09:00 (Overnight/Asia),False,OFFLINE_MISSED,4396.22,4353.7175,2022-10-19 16:00:00,4426.62,THESIS_EXIT,LOSS,-1.86,30.4,12.75075,0.692,0.29
XAUUSD_BASE_724,XAUUSD,LONG,2022-10-20 08:00:00,2022-10-20 15:00:00,15,09:00–16:00 (Day/London Open),True,ONLINE_CAPTURED,1677.4,1666.95775,2022-10-24 03:00:00,1685.11,THESIS_EXIT,LOSS,-9.8,7.71,3.13268,0.46,0.187
GBPUSD_BASE_723,GBPUSD,SHORT,2022-10-19 11:00:00,2022-10-19 18:00:00,18,17:00–22:00 (Evening/NY Overlap),True,ONLINE_CAPTURED,1.16315,1.17365,2022-10-25 09:00:00,1.11504,THESIS_EXIT,WIN,1671.35,0.0042,0.04811,0.361,4.136
US500_BASE_726,US500,LONG,2022-10-25 12:00:00,2022-10-25 19:00:00,19,17:00–22:00 (Evening/NY Overlap),True,ONLINE_CAPTURED,4451.07,4411.14225,2022-10-25 15:00:00,4427.97,THESIS_EXIT,LOSS,-20.58,23.1,11.97832,0.519,0.269
XAUUSD_BASE_725,XAUUSD,SHORT,2022-10-25 07:00:00,2022-10-25 14:00:00,14,09:00–16:00 (Day/London Open),True,ONLINE_CAPTURED,1686.82,1697.53325,2022-10-26 22:00:00,1686.76,THESIS_EXIT,LOSS,-12.48,0.06,3.21398,0.004,0.191
GBPUSD_BASE_727,GBPUSD,LONG,2022-10-25 18:00:00,2022-10-26 01:00:00,1,00:00–09:00 (Overnight/Asia),False,OFFLINE_MISSED,1.11214,1.10089,2022-10-27 13:00:00,1.1222,THESIS_EXIT,WIN,339.6,0.0045,0.01006,0.405,0.905
GBPUSD_BASE_729,GBPUSD,SHORT,2022-10-28 03:00:00,2022-10-28 10:00:00,10,09:00–16:00 (Day/London Open),True,ONLINE_CAPTURED,1.12373,1.13323,2022-10-31 22:00:00,1.1213,THESIS_EXIT,WIN,72.55,0.0038,0.00243,0.338,0.216
USDJPY_BASE_728,USDJPY,LONG,2022-10-27 20:00:00,2022-10-28 03:00:00,3,00:00–09:00 (Overnight/Asia),False,OFFLINE_MISSED,143.03,142.09825,2022-11-01 04:00:00,144.24,THESIS_EXIT,WIN,14.73,0.3727,1.21,0.261,0.846
GBPUSD_BASE_730,GBPUSD,LONG,2022-11-01 08:00:00,2022-11-01 15:00:00,15,09:00–16:00 (Day/London Open),True,ONLINE_CAPTURED,1.11979,1.11004,2022-11-03 12:00:00,1.11953,THESIS_EXIT,LOSS,-21.6,0.00026,0.00292,0.023,0.261
USDJPY_BASE_731,USDJPY,SHORT,2022-11-02 13:00:00,2022-11-02 20:00:00,20,17:00–22:00 (Evening/NY Overlap),True,ONLINE_CAPTURED,143.27,144.4005,2022-11-06 23:00:00,143.13,THESIS_EXIT,LOSS,-9.35,0.14,0.33915,0.098,0.237
USDJPY_BASE_733,USDJPY,LONG,2022-11-07 12:00:00,2022-11-07 19:00:00,19,17:00–22:00 (Evening/NY Overlap),True,ONLINE_CAPTURED,142.86,141.629,2022-11-08 08:00:00,142.09,THESIS_EXIT,LOSS,-29.83,0.77,0.3693,0.539,0.259
XAUUSD_BASE_734,XAUUSD,SHORT,2022-11-08 15:00:00,2022-11-08 22:00:00,22,22:00–24:00 (Late Night NY Close),False,OFFLINE_MISSED,1708.07,1720.552,2022-11-09 11:00:00,1714.9,THESIS_EXIT,LOSS,-14.89,6.83,3.7446,0.4,0.219
GBPUSD_BASE_732,GBPUSD,SHORT,2022-11-04 10:00:00,2022-11-04 17:00:00,17,17:00–22:00 (Evening/NY Overlap),True,ONLINE_CAPTURED,1.11119,1.11944,2022-11-11 00:00:00,1.09624,THESIS_EXIT,WIN,510.75,0.0033,0.01495,0.297,1.345
XAUUSD_BASE_735,XAUUSD,LONG,2022-11-09 16:00:00,2022-11-09 23:00:00,23,22:00–24:00 (Late Night NY Close),False,OFFLINE_MISSED,1712.42,1697.5375,2022-11-16 13:00:00,1722.01,THESIS_EXIT,LOSS,-9.14,9.59,4.46475,0.56,0.261
US500_BASE_736,US500,LONG,2022-11-11 16:00:00,2022-11-11 23:00:00,23,22:00–24:00 (Late Night NY Close),False,OFFLINE_MISSED,4332.91,4287.13025,2022-11-17 04:00:00,4366.03,THESIS_EXIT,LOSS,-0.91,33.12,13.73392,0.764,0.317
GBPUSD_BASE_737,GBPUSD,SHORT,2022-11-16 16:00:00,2022-11-16 23:00:00,23,22:00–24:00 (Late Night NY Close),False,OFFLINE_MISSED,1.09625,1.10875,2022-11-17 12:00:00,1.09776,THESIS_EXIT,LOSS,-65.35,0.00151,0.00375,0.138,0.342
BTCUSD_BASE_738,BTCUSD,SHORT,2022-11-17 11:00:00,2022-11-17 18:00:00,18,17:00–22:00 (Evening/NY Overlap),True,ONLINE_CAPTURED,41811.44,42734.71075,2022-11-18 08:00:00,42096.69,THESIS_EXIT,LOSS,-112.34,285.25,276.98123,0.682,0.662
XAUUSD_BASE_739,XAUUSD,SHORT,2022-11-17 19:00:00,2022-11-18 02:00:00,2,00:00–09:00 (Overnight/Asia),False,OFFLINE_MISSED,1724.95,1737.52275,2022-11-18 09:00:00,1734.1,THESIS_EXIT,LOSS,-15.7,9.15,3.77183,0.53,0.219
BTCUSD_BASE_740,BTCUSD,LONG,2022-11-20 16:00:00,2022-11-20 23:00:00,23,22:00–24:00 (Late Night NY Close),False,OFFLINE_MISSED,44242.07,43394.77075,2022-11-20 20:00:00,43798.84,THESIS_EXIT,LOSS,-167.63,443.23,254.18977,1.002,0.575
XAUUSD_BASE_741,XAUUSD,SHORT,2022-11-21 07:00:00,2022-11-21 14:00:00,14,09:00–16:00 (Day/London Open),True,ONLINE_CAPTURED,1714.29,1726.6505,2022-11-23 10:00:00,1707.56,THESIS_EXIT,LOSS,-10.14,6.73,3.70815,0.393,0.216
US500_BASE_742,US500,LONG,2022-11-22 02:00:00,2022-11-22 09:00:00,9,09:00–16:00 (Day/London Open),True,ONLINE_CAPTURED,4387.14,4350.12325,2022-11-24 09:00:00,4416.97,THESIS_EXIT,LOSS,-2.06,29.83,11.10502,0.68,0.253
US500_BASE_744,US500,SHORT,2022-11-25 08:00:00,2022-11-25 15:00:00,15,09:00–16:00 (Day/London Open),True,ONLINE_CAPTURED,4387.63,4431.819,2022-11-28 08:00:00,4403.8,THESIS_EXIT,LOSS,-18.16,16.17,13.2567,0.369,0.302
XAUUSD_BASE_745,XAUUSD,LONG,2022-11-28 12:00:00,2022-11-28 19:00:00,19,17:00–22:00 (Evening/NY Overlap),True,ONLINE_CAPTURED,1705.4,1695.57825,2022-11-28 14:00:00,1697.37,THESIS_EXIT,LOSS,-15.31,8.03,2.94653,0.471,0.173
BTCUSD_BASE_746,BTCUSD,LONG,2022-11-28 17:00:00,2022-11-29 00:00:00,0,00:00–09:00 (Overnight/Asia),False,OFFLINE_MISSED,41217.85,40380.65825,2022-11-29 07:00:00,40615.69,THESIS_EXIT,LOSS,-223.26,602.16,251.15752,1.461,0.609
USDJPY_BASE_743,USDJPY,LONG,2022-11-23 22:00:00,2022-11-24 05:00:00,5,00:00–09:00 (Overnight/Asia),False,OFFLINE_MISSED,141.17,140.108,2022-11-29 19:00:00,141.77,THESIS_EXIT,WIN,1.0,0.4248,0.6,0.301,0.425
USDJPY_BASE_748,USDJPY,SHORT,2022-11-30 14:00:00,2022-11-30 21:00:00,21,17:00–22:00 (Evening/NY Overlap),True,ONLINE_CAPTURED,141.58,142.842,2022-12-02 07:00:00,142.14,THESIS_EXIT,LOSS,-25.1,0.56,0.3786,0.396,0.267
US500_BASE_749,US500,LONG,2022-12-04 23:00:00,2022-12-05 06:00:00,6,00:00–09:00 (Overnight/Asia),False,OFFLINE_MISSED,4405.02,4367.7735,2022-12-05 15:00:00,4388.78,THESIS_EXIT,LOSS,-18.18,16.24,11.17395,0.369,0.254
XAUUSD_BASE_747,XAUUSD,LONG,2022-11-29 14:00:00,2022-11-29 21:00:00,21,17:00–22:00 (Evening/NY Overlap),True,ONLINE_CAPTURED,1701.41,1683.43375,2022-12-06 16:00:00,1735.95,THESIS_EXIT,LOSS,-0.41,34.54,5.39287,2.03,0.317
USDJPY_BASE_750,USDJPY,LONG,2022-12-06 07:00:00,2022-12-06 14:00:00,14,09:00–16:00 (Day/London Open),True,ONLINE_CAPTURED,142.95,141.90075,2022-12-06 22:00:00,142.31,THESIS_EXIT,LOSS,-26.9,0.64,0.31478,0.448,0.22
GBPUSD_BASE_751,GBPUSD,LONG,2022-12-06 16:00:00,2022-12-06 23:00:00,23,22:00–24:00 (Late Night NY Close),False,OFFLINE_MISSED,1.08624,1.07549,2022-12-08 09:00:00,1.08347,THESIS_EXIT,LOSS,-109.45,0.00277,0.00323,0.255,0.297
GBPUSD_BASE_753,GBPUSD,SHORT,2022-12-08 22:00:00,2022-12-09 05:00:00,5,00:00–09:00 (Overnight/Asia),False,OFFLINE_MISSED,1.08781,1.09706,2022-12-09 20:00:00,1.09218,THESIS_EXIT,LOSS,-165.45,0.00437,0.00277,0.402,0.255
BTCUSD_BASE_754,BTCUSD,SHORT,2022-12-10 09:00:00,2022-12-10 16:00:00,16,16:00–17:00 (Dinner Break),False,OFFLINE_MISSED,36027.28,36841.2255,2022-12-12 11:00:00,35971.9,THESIS_EXIT,WIN,6.88,325.5782,55.38,0.904,0.154
XAUUSD_BASE_755,XAUUSD,LONG,2022-12-12 12:00:00,2022-12-12 19:00:00,19,17:00–22:00 (Evening/NY Overlap),True,ONLINE_CAPTURED,1771.88,1759.28225,2022-12-12 13:00:00,1759.28225,STOP_LOSS_TOUCH,LOSS,-16.91,12.59775,3.77932,0.711,0.213
GBPUSD_BASE_756,GBPUSD,SHORT,2022-12-12 20:00:00,2022-12-13 03:00:00,3,00:00–09:00 (Overnight/Asia),False,OFFLINE_MISSED,1.08561,1.09636,2022-12-13 03:00:00,1.09192,THESIS_EXIT,LOSS,-233.35,0.00631,0.00323,0.581,0.297
US500_BASE_752,US500,SHORT,2022-12-07 04:00:00,2022-12-07 11:00:00,11,09:00–16:00 (Day/London Open),True,ONLINE_CAPTURED,4389.3,4424.21075,2022-12-14 09:00:00,4264.71,THESIS_EXIT,WIN,31.11,13.9643,124.59,0.318,2.838
XAUUSD_BASE_757,XAUUSD,SHORT,2022-12-13 11:00:00,2022-12-13 18:00:00,18,17:00–22:00 (Evening/NY Overlap),True,ONLINE_CAPTURED,1766.87,1779.136,2022-12-14 09:00:00,1775.41,THESIS_EXIT,LOSS,-15.49,8.54,3.6798,0.483,0.208
US500_BASE_759,US500,LONG,2022-12-15 02:00:00,2022-12-15 09:00:00,9,09:00–16:00 (Day/London Open),True,ONLINE_CAPTURED,4240.81,4197.46625,2022-12-15 07:00:00,4216.28,THESIS_EXIT,LOSS,-21.09,24.53,13.00312,0.578,0.307
BTCUSD_BASE_758,BTCUSD,LONG,2022-12-14 21:00:00,2022-12-15 04:00:00,4,00:00–09:00 (Overnight/Asia),False,OFFLINE_MISSED,34356.23,33470.83075,2022-12-15 16:00:00,34210.04,THESIS_EXIT,LOSS,-63.67,146.19,265.61978,0.426,0.773
US500_BASE_761,US500,SHORT,2022-12-15 22:00:00,2022-12-16 05:00:00,5,00:00–09:00 (Overnight/Asia),False,OFFLINE_MISSED,4215.24,4261.3155,2022-12-16 07:00:00,4248.54,THESIS_EXIT,LOSS,-24.16,33.3,13.82265,0.79,0.328
USDJPY_BASE_760,USDJPY,SHORT,2022-12-15 08:00:00,2022-12-15 15:00:00,15,09:00–16:00 (Day/London Open),True,ONLINE_CAPTURED,139.68,140.6885,2022-12-18 23:00:00,139.33,THESIS_EXIT,LOSS,-4.63,0.35,0.30255,0.251,0.217
XAUUSD_BASE_763,XAUUSD,SHORT,2022-12-19 02:00:00,2022-12-19 09:00:00,9,09:00–16:00 (Day/London Open),True,ONLINE_CAPTURED,1774.11,1786.40375,2022-12-20 09:00:00,1782.41,THESIS_EXIT,LOSS,-15.41,8.3,3.68813,0.468,0.208
BTCUSD_BASE_762,BTCUSD,SHORT,2022-12-16 17:00:00,2022-12-17 00:00:00,0,00:00–09:00 (Overnight/Asia),False,OFFLINE_MISSED,33752.19,34649.75175,2022-12-20 11:00:00,29741.42,THESIS_EXIT,WIN,1391.27,359.0247,4010.77,1.064,11.883
BTCUSD_BASE_765,BTCUSD,LONG,2022-12-21 02:00:00,2022-12-21 09:00:00,9,09:00–16:00 (Day/London Open),True,ONLINE_CAPTURED,29968.37,29130.56725,2022-12-21 07:00:00,29464.44,THESIS_EXIT,LOSS,-188.88,503.93,251.34082,1.682,0.839
XAUUSD_BASE_766,XAUUSD,LONG,2022-12-22 04:00:00,2022-12-22 11:00:00,11,09:00–16:00 (Day/London Open),True,ONLINE_CAPTURED,1798.45,1787.3735,2022-12-23 02:00:00,1790.43,THESIS_EXIT,LOSS,-15.31,8.02,3.32295,0.446,0.185
USDJPY_BASE_764,USDJPY,SHORT,2022-12-20 19:00:00,2022-12-21 02:00:00,2,00:00–09:00 (Overnight/Asia),False,OFFLINE_MISSED,138.88,139.93275,2022-12-23 08:00:00,138.76,THESIS_EXIT,LOSS,-9.8,0.12,0.31583,0.086,0.227
XAUUSD_BASE_767,XAUUSD,SHORT,2022-12-23 11:00:00,2022-12-23 18:00:00,18,17:00–22:00 (Evening/NY Overlap),True,ONLINE_CAPTURED,1792.83,1807.29425,2022-12-23 13:00:00,1803.77,THESIS_EXIT,LOSS,-16.33,10.94,4.33927,0.61,0.242
GBPUSD_BASE_768,GBPUSD,SHORT,2022-12-23 12:00:00,2022-12-23 19:00:00,19,17:00–22:00 (Evening/NY Overlap),True,ONLINE_CAPTURED,1.11556,1.12581,2022-12-26 15:00:00,1.11508,THESIS_EXIT,WIN,4.3,0.0041,0.00048,0.368,0.043
BTCUSD_BASE_769,BTCUSD,SHORT,2022-12-25 08:00:00,2022-12-25 15:00:00,15,09:00–16:00 (Day/London Open),True,ONLINE_CAPTURED,29166.77,29896.462,2022-12-27 01:00:00,29274.46,THESIS_EXIT,LOSS,-50.19,107.69,218.9076,0.369,0.751
US500_BASE_771,US500,SHORT,2022-12-28 00:00:00,2022-12-28 07:00:00,7,00:00–09:00 (Overnight/Asia),False,OFFLINE_MISSED,4278.32,4322.57475,2022-12-28 08:00:00,4299.3,THESIS_EXIT,LOSS,-19.84,20.98,13.27643,0.49,0.31
GBPUSD_BASE_770,GBPUSD,LONG,2022-12-27 12:00:00,2022-12-27 19:00:00,19,17:00–22:00 (Evening/NY Overlap),True,ONLINE_CAPTURED,1.11602,1.10302,2022-12-28 12:00:00,1.11342,THESIS_EXIT,LOSS,-103.5,0.0026,0.0039,0.233,0.349
USDJPY_BASE_773,USDJPY,SHORT,2022-12-29 02:00:00,2022-12-29 09:00:00,9,09:00–16:00 (Day/London Open),True,ONLINE_CAPTURED,138.62,139.7745,2022-12-29 10:00:00,139.41,THESIS_EXIT,LOSS,-30.27,0.79,0.34635,0.57,0.25
BTCUSD_BASE_772,BTCUSD,LONG,2022-12-29 02:00:00,2022-12-29 09:00:00,9,09:00–16:00 (Day/London Open),True,ONLINE_CAPTURED,28890.17,27922.45725,2022-12-29 13:00:00,27922.45725,STOP_LOSS_TOUCH,LOSS,-351.2,967.71275,290.31382,3.35,1.005
XAUUSD_BASE_774,XAUUSD,SHORT,2022-12-29 16:00:00,2022-12-29 23:00:00,23,22:00–24:00 (Late Night NY Close),False,OFFLINE_MISSED,1801.12,1814.66775,2023-01-02 23:00:00,1802.95,THESIS_EXIT,LOSS,-13.14,1.83,4.06432,0.102,0.226
USDJPY_BASE_776,USDJPY,SHORT,2023-01-04 02:00:00,2023-01-04 09:00:00,9,09:00–16:00 (Day/London Open),True,ONLINE_CAPTURED,139.97,141.012,2023-01-04 08:00:00,141.012,STOP_LOSS_TOUCH,LOSS,-35.95,1.042,0.3126,0.744,0.223
US500_BASE_775,US500,SHORT,2022-12-30 10:00:00,2022-12-30 17:00:00,17,17:00–22:00 (Evening/NY Overlap),True,ONLINE_CAPTURED,4260.94,4305.4465,2023-01-04 11:00:00,4225.57,THESIS_EXIT,LOSS,-0.12,35.37,13.35195,0.83,0.313
BTCUSD_BASE_777,BTCUSD,LONG,2023-01-04 09:00:00,2023-01-04 16:00:00,16,16:00–17:00 (Dinner Break),False,OFFLINE_MISSED,34121.36,33274.9205,2023-01-05 08:00:00,33274.9205,STOP_LOSS_TOUCH,LOSS,-308.75,846.4395,253.93185,2.481,0.744
USDJPY_BASE_778,USDJPY,LONG,2023-01-04 13:00:00,2023-01-04 20:00:00,20,17:00–22:00 (Evening/NY Overlap),True,ONLINE_CAPTURED,140.28,138.9985,2023-01-05 13:00:00,139.63,THESIS_EXIT,LOSS,-27.13,0.65,0.38445,0.463,0.274
BTCUSD_BASE_780,BTCUSD,SHORT,2023-01-07 15:00:00,2023-01-07 22:00:00,22,22:00–24:00 (Late Night NY Close),False,OFFLINE_MISSED,34125.11,35164.49575,2023-01-08 11:00:00,34481.35,THESIS_EXIT,LOSS,-137.18,356.24,311.81573,1.044,0.914
XAUUSD_BASE_779,XAUUSD,LONG,2023-01-05 15:00:00,2023-01-05 22:00:00,22,22:00–24:00 (Late Night NY Close),False,OFFLINE_MISSED,1828.27,1816.6775,2023-01-09 14:00:00,1830.1,THESIS_EXIT,LOSS,-11.86,1.83,3.47775,0.1,0.19
BTCUSD_BASE_781,BTCUSD,SHORT,2023-01-09 09:00:00,2023-01-09 16:00:00,16,16:00–17:00 (Dinner Break),False,OFFLINE_MISSED,33368.97,34267.60575,2023-01-11 12:00:00,32803.26,THESIS_EXIT,WIN,185.5,359.4543,565.71,1.077,1.695
USDJPY_BASE_782,USDJPY,LONG,2023-01-10 09:00:00,2023-01-10 16:00:00,16,16:00–17:00 (Dinner Break),False,OFFLINE_MISSED,137.3,136.18,2023-01-11 18:00:00,137.2,THESIS_EXIT,LOSS,-14.75,0.1,0.336,0.073,0.245
BTCUSD_BASE_783,BTCUSD,LONG,2023-01-12 03:00:00,2023-01-12 10:00:00,10,09:00–16:00 (Day/London Open),True,ONLINE_CAPTURED,32517.33,31863.93125,2023-01-12 12:00:00,32214.77,THESIS_EXIT,LOSS,-118.4,302.56,196.01963,0.93,0.603
BTCUSD_BASE_785,BTCUSD,LONG,2023-01-13 23:00:00,2023-01-14 06:00:00,6,00:00–09:00 (Overnight/Asia),False,OFFLINE_MISSED,31957.02,31153.13,2023-01-14 14:00:00,31153.13,STOP_LOSS_TOUCH,LOSS,-293.86,803.89,241.167,2.516,0.755
US500_BASE_786,US500,SHORT,2023-01-16 08:00:00,2023-01-16 15:00:00,15,09:00–16:00 (Day/London Open),True,ONLINE_CAPTURED,4226.16,4262.73925,2023-01-16 11:00:00,4262.73925,STOP_LOSS_TOUCH,LOSS,-25.3,36.57925,10.97377,0.866,0.26
GBPUSD_BASE_784,GBPUSD,SHORT,2023-01-12 08:00:00,2023-01-12 15:00:00,15,09:00–16:00 (Day/London Open),True,ONLINE_CAPTURED,1.14005,1.14905,2023-01-17 12:00:00,1.13501,THESIS_EXIT,WIN,163.9,0.0036,0.00504,0.316,0.442
USDJPY_BASE_788,USDJPY,LONG,2023-01-18 09:00:00,2023-01-18 16:00:00,16,16:00–17:00 (Dinner Break),False,OFFLINE_MISSED,138.12,137.1985,2023-01-18 12:00:00,137.56,THESIS_EXIT,LOSS,-25.1,0.56,0.27645,0.405,0.2
US500_BASE_787,US500,LONG,2023-01-16 13:00:00,2023-01-16 20:00:00,20,17:00–22:00 (Evening/NY Overlap),True,ONLINE_CAPTURED,4247.73,4202.78975,2023-01-18 17:00:00,4267.38,THESIS_EXIT,LOSS,-5.62,19.65,13.48207,0.463,0.317
US500_BASE_790,US500,SHORT,2023-01-19 06:00:00,2023-01-19 13:00:00,13,09:00–16:00 (Day/London Open),True,ONLINE_CAPTURED,4266.78,4308.53525,2023-01-19 12:00:00,4308.53525,STOP_LOSS_TOUCH,LOSS,-27.11,41.75525,12.52658,0.979,0.294
USDJPY_BASE_789,USDJPY,SHORT,2023-01-19 05:00:00,2023-01-19 12:00:00,12,09:00–16:00 (Day/London Open),True,ONLINE_CAPTURED,137.52,138.5755,2023-01-20 03:00:00,138.26,THESIS_EXIT,LOSS,-29.15,0.74,0.31665,0.538,0.23
GBPUSD_BASE_792,GBPUSD,SHORT,2023-01-20 05:00:00,2023-01-20 12:00:00,12,09:00–16:00 (Day/London Open),True,ONLINE_CAPTURED,1.13318,1.14193,2023-01-20 12:00:00,1.14193,STOP_LOSS_TOUCH,LOSS,-318.75,0.00875,0.00263,0.772,0.232
US500_BASE_793,US500,SHORT,2023-01-20 13:00:00,2023-01-20 20:00:00,20,17:00–22:00 (Evening/NY Overlap),True,ONLINE_CAPTURED,4270.91,4312.17775,2023-01-20 15:00:00,4312.17775,STOP_LOSS_TOUCH,LOSS,-26.94,41.26775,12.38032,0.966,0.29
XAUUSD_BASE_791,XAUUSD,SHORT,2023-01-19 12:00:00,2023-01-19 19:00:00,19,17:00–22:00 (Evening/NY Overlap),True,ONLINE_CAPTURED,1856.12,1867.5545,2023-01-20 16:00:00,1860.42,THESIS_EXIT,LOSS,-14.01,4.3,3.43035,0.232,0.185
BTCUSD_BASE_794,BTCUSD,LONG,2023-01-21 17:00:00,2023-01-22 00:00:00,0,00:00–09:00 (Overnight/Asia),False,OFFLINE_MISSED,28816.07,27807.9925,2023-01-23 08:00:00,28921.7,THESIS_EXIT,WIN,24.47,403.231,105.63,1.399,0.367
BTCUSD_BASE_795,BTCUSD,SHORT,2023-01-23 16:00:00,2023-01-23 23:00:00,23,22:00–24:00 (Late Night NY Close),False,OFFLINE_MISSED,28998.77,30167.4175,2023-01-24 02:00:00,29600.67,THESIS_EXIT,LOSS,-223.16,601.9,350.59425,2.076,1.209
USDJPY_BASE_796,USDJPY,SHORT,2023-01-23 16:00:00,2023-01-23 23:00:00,23,22:00–24:00 (Late Night NY Close),False,OFFLINE_MISSED,137.38,138.40925,2023-01-24 11:00:00,137.67,THESIS_EXIT,LOSS,-19.02,0.29,0.30877,0.211,0.225
BTCUSD_BASE_797,BTCUSD,LONG,2023-01-24 20:00:00,2023-01-25 03:00:00,3,00:00–09:00 (Overnight/Asia),False,OFFLINE_MISSED,29828.66,28996.2725,2023-01-25 12:00:00,28996.2725,STOP_LOSS_TOUCH,LOSS,-303.84,832.3875,249.71625,2.791,0.837
US500_BASE_798,US500,LONG,2023-01-25 15:00:00,2023-01-25 22:00:00,22,22:00–24:00 (Late Night NY Close),False,OFFLINE_MISSED,4304.44,4259.381,2023-01-26 07:00:00,4259.381,STOP_LOSS_TOUCH,LOSS,-28.27,45.059,13.5177,1.047,0.314
BTCUSD_BASE_799,BTCUSD,LONG,2023-01-27 21:00:00,2023-01-28 04:00:00,4,00:00–09:00 (Overnight/Asia),False,OFFLINE_MISSED,27795.53,26976.9515,2023-01-28 13:00:00,27304.43,THESIS_EXIT,LOSS,-184.38,491.1,245.57355,1.767,0.884
USDJPY_BASE_801,USDJPY,SHORT,2023-01-29 22:00:00,2023-01-30 05:00:00,5,00:00–09:00 (Overnight/Asia),False,OFFLINE_MISSED,135.56,136.66725,2023-01-31 03:00:00,135.89,THESIS_EXIT,LOSS,-19.92,0.33,0.33217,0.243,0.245
BTCUSD_BASE_800,BTCUSD,LONG,2023-01-29 19:00:00,2023-01-30 02:00:00,2,00:00–09:00 (Overnight/Asia),False,OFFLINE_MISSED,27425.24,26454.77425,2023-02-01 12:00:00,28461.43,THESIS_EXIT,WIN,350.17,388.1863,1036.19,1.415,3.778
XAUUSD_BASE_803,XAUUSD,LONG,2023-02-01 19:00:00,2023-02-02 02:00:00,2,00:00–09:00 (Overnight/Asia),False,OFFLINE_MISSED,1882.31,1872.4505,2023-02-02 12:00:00,1872.4505,STOP_LOSS_TOUCH,LOSS,-15.95,9.8595,2.95785,0.524,0.157
USDJPY_BASE_802,USDJPY,LONG,2023-01-31 15:00:00,2023-01-31 22:00:00,22,22:00–24:00 (Late Night NY Close),False,OFFLINE_MISSED,136.38,135.06025,2023-02-02 12:00:00,136.04,THESIS_EXIT,LOSS,-20.15,0.34,0.39592,0.249,0.29
XAUUSD_BASE_804,XAUUSD,SHORT,2023-02-02 20:00:00,2023-02-03 03:00:00,3,00:00–09:00 (Overnight/Asia),False,OFFLINE_MISSED,1877.58,1887.54225,2023-02-03 07:00:00,1887.54225,STOP_LOSS_TOUCH,LOSS,-15.99,9.96225,2.98868,0.531,0.159
BTCUSD_BASE_805,BTCUSD,LONG,2023-02-03 15:00:00,2023-02-03 22:00:00,22,22:00–24:00 (Late Night NY Close),False,OFFLINE_MISSED,28239.88,27315.95375,2023-02-04 10:00:00,27757.23,THESIS_EXIT,LOSS,-181.43,482.65,277.17788,1.709,0.982
BTCUSD_BASE_806,BTCUSD,SHORT,2023-02-06 12:00:00,2023-02-06 19:00:00,19,17:00–22:00 (Evening/NY Overlap),True,ONLINE_CAPTURED,25839.24,26710.457,2023-02-10 14:00:00,24983.13,THESIS_EXIT,WIN,287.14,348.4868,856.11,1.349,3.313
BTCUSD_BASE_808,BTCUSD,SHORT,2023-02-12 16:00:00,2023-02-12 23:00:00,23,22:00–24:00 (Late Night NY Close),False,OFFLINE_MISSED,23200.24,24333.57,2023-02-14 13:00:00,22755.31,THESIS_EXIT,WIN,143.23,453.332,444.93,1.954,1.918
USDJPY_BASE_807,USDJPY,LONG,2023-02-06 17:00:00,2023-02-07 00:00:00,0,00:00–09:00 (Overnight/Asia),False,OFFLINE_MISSED,134.09,132.9795,2023-02-15 18:00:00,137.42,THESIS_EXIT,WIN,62.42,0.4442,3.33,0.331,2.483
US500_BASE_810,US500,LONG,2023-02-16 05:00:00,2023-02-16 12:00:00,12,09:00–16:00 (Day/London Open),True,ONLINE_CAPTURED,4340.62,4291.27775,2023-02-17 22:00:00,4351.82,THESIS_EXIT,LOSS,-8.58,11.2,14.80267,0.258,0.341
XAUUSD_BASE_809,XAUUSD,SHORT,2023-02-15 16:00:00,2023-02-15 23:00:00,23,22:00–24:00 (Late Night NY Close),False,OFFLINE_MISSED,1825.25,1835.60325,2023-02-20 12:00:00,1817.66,THESIS_EXIT,LOSS,-9.84,7.59,3.10597,0.416,0.17
BTCUSD_BASE_811,BTCUSD,SHORT,2023-02-18 13:00:00,2023-02-18 20:00:00,20,17:00–22:00 (Evening/NY Overlap),True,ONLINE_CAPTURED,18843.63,19831.9565,2023-02-20 16:00:00,17899.57,THESIS_EXIT,WIN,317.92,395.3306,944.06,2.098,5.01
US500_BASE_813,US500,SHORT,2023-02-20 18:00:00,2023-02-21 01:00:00,1,00:00–09:00 (Overnight/Asia),False,OFFLINE_MISSED,4359.43,4402.55175,2023-02-21 00:00:00,4381.19,THESIS_EXIT,LOSS,-20.12,21.76,12.93653,0.499,0.297
XAUUSD_BASE_812,XAUUSD,LONG,2023-02-20 16:00:00,2023-02-20 23:00:00,23,22:00–24:00 (Late Night NY Close),False,OFFLINE_MISSED,1817.05,1804.93025,2023-02-22 15:00:00,1810.29,THESIS_EXIT,LOSS,-14.87,6.76,3.63593,0.372,0.2
BTCUSD_BASE_815,BTCUSD,SHORT,2023-02-23 04:00:00,2023-02-23 11:00:00,11,09:00–16:00 (Day/London Open),True,ONLINE_CAPTURED,16939.23,17769.94175,2023-02-23 15:00:00,17451.23,THESIS_EXIT,LOSS,-191.7,512.0,249.21352,3.023,1.471
USDJPY_BASE_814,USDJPY,SHORT,2023-02-21 14:00:00,2023-02-21 21:00:00,21,17:00–22:00 (Evening/NY Overlap),True,ONLINE_CAPTURED,136.17,137.21375,2023-02-27 07:00:00,135.23,THESIS_EXIT,WIN,8.65,0.4175,0.94,0.307,0.69
XAUUSD_BASE_816,XAUUSD,SHORT,2023-02-23 16:00:00,2023-02-23 23:00:00,23,22:00–24:00 (Late Night NY Close),False,OFFLINE_MISSED,1809.57,1822.54525,2023-03-01 08:00:00,1797.42,THESIS_EXIT,LOSS,-8.25,12.15,3.89257,0.671,0.215
BTCUSD_BASE_817,BTCUSD,LONG,2023-02-27 15:00:00,2023-02-27 22:00:00,22,22:00–24:00 (Late Night NY Close),False,OFFLINE_MISSED,20765.66,19714.85,2023-03-02 16:00:00,23236.76,THESIS_EXIT,WIN,852.38,420.324,2471.1,2.024,11.9
GBPUSD_BASE_819,GBPUSD,SHORT,2023-03-02 19:00:00,2023-03-03 02:00:00,2,00:00–09:00 (Overnight/Asia),False,OFFLINE_MISSED,1.17044,1.17994,2023-03-06 12:00:00,1.17456,THESIS_EXIT,LOSS,-156.7,0.00412,0.00285,0.352,0.243
XAUUSD_BASE_820,XAUUSD,SHORT,2023-03-06 16:00:00,2023-03-06 23:00:00,23,22:00–24:00 (Late Night NY Close),False,OFFLINE_MISSED,1852.6,1863.4855,2023-03-07 01:00:00,1858.0,THESIS_EXIT,LOSS,-14.39,5.4,3.26565,0.291,0.176
USDJPY_BASE_821,USDJPY,SHORT,2023-03-07 07:00:00,2023-03-07 14:00:00,14,09:00–16:00 (Day/London Open),True,ONLINE_CAPTURED,132.6,133.4905,2023-03-07 14:00:00,133.4905,STOP_LOSS_TOUCH,LOSS,-32.54,0.8905,0.26715,0.672,0.201
US500_BASE_818,US500,LONG,2023-03-02 12:00:00,2023-03-02 19:00:00,19,17:00–22:00 (Evening/NY Overlap),True,ONLINE_CAPTURED,4354.63,4308.35825,2023-03-09 10:00:00,4448.23,THESIS_EXIT,WIN,20.26,18.5087,93.6,0.425,2.149
USDJPY_BASE_822,USDJPY,SHORT,2023-03-08 22:00:00,2023-03-09 05:00:00,5,00:00–09:00 (Overnight/Asia),False,OFFLINE_MISSED,132.32,133.5515,2023-03-10 12:00:00,132.73,THESIS_EXIT,LOSS,-21.72,0.41,0.36945,0.31,0.279
XAUUSD_BASE_823,XAUUSD,LONG,2023-03-10 15:00:00,2023-03-10 22:00:00,22,22:00–24:00 (Late Night NY Close),False,OFFLINE_MISSED,1876.88,1863.436,2023-03-13 08:00:00,1868.54,THESIS_EXIT,LOSS,-15.42,8.34,4.0332,0.444,0.215
US500_BASE_825,US500,SHORT,2023-03-14 07:00:00,2023-03-14 14:00:00,14,09:00–16:00 (Day/London Open),True,ONLINE_CAPTURED,4428.77,4465.38975,2023-03-14 10:00:00,4465.38975,STOP_LOSS_TOUCH,LOSS,-25.32,36.61975,10.98592,0.827,0.248
XAUUSD_BASE_824,XAUUSD,SHORT,2023-03-14 07:00:00,2023-03-14 14:00:00,14,09:00–16:00 (Day/London Open),True,ONLINE_CAPTURED,1859.25,1873.025,2023-03-15 07:00:00,1867.36,THESIS_EXIT,LOSS,-15.34,8.11,4.1325,0.436,0.222
USDJPY_BASE_826,USDJPY,LONG,2023-03-15 04:00:00,2023-03-15 11:00:00,11,09:00–16:00 (Day/London Open),True,ONLINE_CAPTURED,133.25,132.35175,2023-03-15 23:00:00,132.89,THESIS_EXIT,LOSS,-20.6,0.36,0.26947,0.27,0.202
XAUUSD_BASE_828,XAUUSD,LONG,2023-03-16 07:00:00,2023-03-16 14:00:00,14,09:00–16:00 (Day/London Open),True,ONLINE_CAPTURED,1867.85,1858.87275,2023-03-16 09:00:00,1862.52,THESIS_EXIT,LOSS,-14.37,5.33,2.69317,0.285,0.144
GBPUSD_BASE_827,GBPUSD,SHORT,2023-03-15 17:00:00,2023-03-16 00:00:00,0,00:00–09:00 (Overnight/Asia),False,OFFLINE_MISSED,1.17093,1.18168,2023-03-16 19:00:00,1.1758,THESIS_EXIT,LOSS,-182.95,0.00487,0.00323,0.416,0.275
XAUUSD_BASE_829,XAUUSD,SHORT,2023-03-17 00:00:00,2023-03-17 07:00:00,7,00:00–09:00 (Overnight/Asia),False,OFFLINE_MISSED,1859.63,1871.41425,2023-03-17 07:00:00,1867.76,THESIS_EXIT,LOSS,-15.35,8.13,3.53527,0.437,0.19
USDJPY_BASE_830,USDJPY,LONG,2023-03-17 10:00:00,2023-03-17 17:00:00,17,17:00–22:00 (Evening/NY Overlap),True,ONLINE_CAPTURED,134.12,133.026,2023-03-20 15:00:00,133.9,THESIS_EXIT,LOSS,-17.45,0.22,0.3282,0.164,0.245
GBPUSD_BASE_832,GBPUSD,LONG,2023-03-21 16:00:00,2023-03-21 23:00:00,23,22:00–24:00 (Late Night NY Close),False,OFFLINE_MISSED,1.1647,1.1497,2023-03-22 01:00:00,1.15857,THESIS_EXIT,LOSS,-227.05,0.00613,0.0045,0.526,0.386
BTCUSD_BASE_833,BTCUSD,LONG,2023-03-23 01:00:00,2023-03-23 08:00:00,8,00:00–09:00 (Overnight/Asia),False,OFFLINE_MISSED,37656.57,36798.95125,2023-03-23 08:00:00,37275.36,THESIS_EXIT,LOSS,-145.92,381.21,257.28563,1.012,0.683
US500_BASE_831,US500,SHORT,2023-03-17 13:00:00,2023-03-17 20:00:00,20,17:00–22:00 (Evening/NY Overlap),True,ONLINE_CAPTURED,4431.63,4480.40525,2023-03-24 00:00:00,4315.72,THESIS_EXIT,WIN,28.07,19.5101,115.91,0.44,2.616
USDJPY_BASE_834,USDJPY,LONG,2023-03-23 23:00:00,2023-03-24 06:00:00,6,00:00–09:00 (Overnight/Asia),False,OFFLINE_MISSED,132.98,131.882,2023-03-24 12:00:00,131.882,STOP_LOSS_TOUCH,LOSS,-37.21,1.098,0.3294,0.826,0.248
BTCUSD_BASE_835,BTCUSD,SHORT,2023-03-24 05:00:00,2023-03-24 12:00:00,12,09:00–16:00 (Day/London Open),True,ONLINE_CAPTURED,36975.68,37860.40075,2023-03-25 12:00:00,37860.40075,STOP_LOSS_TOUCH,LOSS,-322.15,884.72075,265.41623,2.393,0.718
US500_BASE_837,US500,LONG,2023-03-27 02:00:00,2023-03-27 09:00:00,9,09:00–16:00 (Day/London Open),True,ONLINE_CAPTURED,4340.96,4297.3465,2023-03-28 13:00:00,4344.37,THESIS_EXIT,LOSS,-11.31,3.41,13.08405,0.079,0.301
US500_BASE_838,US500,SHORT,2023-03-28 17:00:00,2023-03-29 00:00:00,0,00:00–09:00 (Overnight/Asia),False,OFFLINE_MISSED,4371.7,4431.13025,2023-03-29 12:00:00,4398.33,THESIS_EXIT,LOSS,-21.82,26.63,17.82908,0.609,0.408
BTCUSD_BASE_836,BTCUSD,LONG,2023-03-26 11:00:00,2023-03-26 18:00:00,18,17:00–22:00 (Evening/NY Overlap),True,ONLINE_CAPTURED,37143.01,36111.71375,2023-03-29 15:00:00,38701.82,THESIS_EXIT,WIN,533.08,412.5185,1558.81,1.111,4.197
XAUUSD_BASE_840,XAUUSD,SHORT,2023-03-30 09:00:00,2023-03-30 16:00:00,16,16:00–17:00 (Dinner Break),False,OFFLINE_MISSED,1912.5,1922.18775,2023-03-30 14:00:00,1922.18775,STOP_LOSS_TOUCH,LOSS,-15.89,9.68775,2.90633,0.507,0.152
USDJPY_BASE_839,USDJPY,SHORT,2023-03-29 19:00:00,2023-03-30 02:00:00,2,00:00–09:00 (Overnight/Asia),False,OFFLINE_MISSED,130.04,131.1145,2023-03-31 04:00:00,129.87,THESIS_EXIT,LOSS,-8.68,0.17,0.32235,0.131,0.248
GBPUSD_BASE_841,GBPUSD,SHORT,2023-03-31 04:00:00,2023-03-31 11:00:00,11,09:00–16:00 (Day/London Open),True,ONLINE_CAPTURED,1.14174,1.15024,2023-03-31 11:00:00,1.1472,THESIS_EXIT,LOSS,-203.6,0.00546,0.00255,0.478,0.223
XAUUSD_BASE_842,XAUUSD,SHORT,2023-03-31 06:00:00,2023-03-31 13:00:00,13,09:00–16:00 (Day/London Open),True,ONLINE_CAPTURED,1911.39,1921.531,2023-03-31 15:00:00,1921.531,STOP_LOSS_TOUCH,LOSS,-16.05,10.141,3.0423,0.531,0.159
BTCUSD_BASE_843,BTCUSD,SHORT,2023-03-31 23:00:00,2023-04-01 06:00:00,6,00:00–09:00 (Overnight/Asia),False,OFFLINE_MISSED,39529.34,40537.01075,2023-04-03 00:00:00,38641.96,THESIS_EXIT,WIN,298.08,403.0683,887.38,1.02,2.245
BTCUSD_BASE_844,BTCUSD,LONG,2023-04-03 11:00:00,2023-04-03 18:00:00,18,17:00–22:00 (Evening/NY Overlap),True,ONLINE_CAPTURED,38631.82,37822.713,2023-04-07 22:00:00,39929.27,THESIS_EXIT,WIN,441.61,323.6428,1297.45,0.838,3.359
BTCUSD_BASE_846,BTCUSD,SHORT,2023-04-09 03:00:00,2023-04-09 10:00:00,10,09:00–16:00 (Day/London Open),True,ONLINE_CAPTURED,39144.18,40050.6755,2023-04-10 07:00:00,39412.6,THESIS_EXIT,LOSS,-106.45,268.42,271.94865,0.686,0.695
BTCUSD_BASE_847,BTCUSD,LONG,2023-04-10 17:00:00,2023-04-11 00:00:00,0,00:00–09:00 (Overnight/Asia),False,OFFLINE_MISSED,39147.04,38033.1665,2023-04-11 12:00:00,38388.29,THESIS_EXIT,LOSS,-278.06,758.75,334.16205,1.938,0.854
XAUUSD_BASE_845,XAUUSD,LONG,2023-04-03 17:00:00,2023-04-04 00:00:00,0,00:00–09:00 (Overnight/Asia),False,OFFLINE_MISSED,1921.07,1911.82325,2023-04-12 07:00:00,1958.75,THESIS_EXIT,WIN,0.69,3.6987,37.68,0.193,1.961
BTCUSD_BASE_848,BTCUSD,SHORT,2023-04-13 07:00:00,2023-04-13 14:00:00,14,09:00–16:00 (Day/London Open),True,ONLINE_CAPTURED,38349.48,39136.431,2023-04-13 12:00:00,38959.99,THESIS_EXIT,LOSS,-226.18,610.51,236.0853,1.592,0.616
USDJPY_BASE_849,USDJPY,LONG,2023-04-14 07:00:00,2023-04-14 14:00:00,14,09:00–16:00 (Day/London Open),True,ONLINE_CAPTURED,124.65,123.54775,2023-04-14 19:00:00,123.86,THESIS_EXIT,LOSS,-30.28,0.79,0.33067,0.634,0.265
BTCUSD_BASE_851,BTCUSD,LONG,2023-04-15 01:00:00,2023-04-15 08:00:00,8,00:00–09:00 (Overnight/Asia),False,OFFLINE_MISSED,39815.09,38977.05775,2023-04-15 20:00:00,39224.58,THESIS_EXIT,LOSS,-219.18,590.51,251.40967,1.483,0.631
XAUUSD_BASE_850,XAUUSD,SHORT,2023-04-14 15:00:00,2023-04-14 22:00:00,22,22:00–24:00 (Late Night NY Close),False,OFFLINE_MISSED,1945.52,1959.22125,2023-04-17 00:00:00,1954.38,THESIS_EXIT,LOSS,-15.6,8.86,4.11038,0.455,0.211
USDJPY_BASE_852,USDJPY,SHORT,2023-04-17 05:00:00,2023-04-17 12:00:00,12,09:00–16:00 (Day/London Open),True,ONLINE_CAPTURED,124.08,125.0035,2023-04-17 16:00:00,125.0035,STOP_LOSS_TOUCH,LOSS,-33.28,0.9235,0.27705,0.744,0.223
US500_BASE_853,US500,LONG,2023-04-17 15:00:00,2023-04-17 22:00:00,22,22:00–24:00 (Late Night NY Close),False,OFFLINE_MISSED,4247.64,4197.40325,2023-04-18 15:00:00,4211.79,THESIS_EXIT,LOSS,-25.05,35.85,15.07103,0.844,0.355
US500_BASE_854,US500,LONG,2023-04-19 22:00:00,2023-04-20 05:00:00,5,00:00–09:00 (Overnight/Asia),False,OFFLINE_MISSED,4217.92,4172.718,2023-04-20 12:00:00,4188.18,THESIS_EXIT,LOSS,-22.91,29.74,13.5606,0.705,0.321
BTCUSD_BASE_855,BTCUSD,LONG,2023-04-21 14:00:00,2023-04-21 21:00:00,21,17:00–22:00 (Evening/NY Overlap),True,ONLINE_CAPTURED,39833.67,39005.6865,2023-04-22 10:00:00,39726.28,THESIS_EXIT,LOSS,-50.09,107.39,248.39505,0.27,0.624
BTCUSD_BASE_856,BTCUSD,SHORT,2023-04-23 11:00:00,2023-04-23 18:00:00,18,17:00–22:00 (Evening/NY Overlap),True,ONLINE_CAPTURED,39299.22,40094.3535,2023-04-24 02:00:00,39839.43,THESIS_EXIT,LOSS,-201.57,540.21,238.54005,1.375,0.607
US500_BASE_858,US500,SHORT,2023-04-24 07:00:00,2023-04-24 14:00:00,14,09:00–16:00 (Day/London Open),True,ONLINE_CAPTURED,4193.65,4233.89225,2023-04-24 13:00:00,4219.83,THESIS_EXIT,LOSS,-21.66,26.18,12.07268,0.624,0.288
XAUUSD_BASE_857,XAUUSD,LONG,2023-04-23 22:00:00,2023-04-24 05:00:00,5,00:00–09:00 (Overnight/Asia),False,OFFLINE_MISSED,1989.11,1980.151,2023-04-24 16:00:00,1980.151,STOP_LOSS_TOUCH,LOSS,-15.64,8.959,2.6877,0.45,0.135
USDJPY_BASE_859,USDJPY,LONG,2023-04-24 14:00:00,2023-04-24 21:00:00,21,17:00–22:00 (Evening/NY Overlap),True,ONLINE_CAPTURED,125.69,124.55025,2023-04-25 04:00:00,125.05,THESIS_EXIT,LOSS,-26.9,0.64,0.34193,0.509,0.272
XAUUSD_BASE_861,XAUUSD,SHORT,2023-04-25 12:00:00,2023-04-25 19:00:00,19,17:00–22:00 (Evening/NY Overlap),True,ONLINE_CAPTURED,1976.26,1987.11075,2023-04-25 15:00:00,1987.11075,STOP_LOSS_TOUCH,LOSS,-16.3,10.85075,3.25523,0.549,0.165
BTCUSD_BASE_860,BTCUSD,SHORT,2023-04-25 06:00:00,2023-04-25 13:00:00,13,09:00–16:00 (Day/London Open),True,ONLINE_CAPTURED,38949.94,39657.80325,2023-04-25 15:00:00,39382.85,THESIS_EXIT,LOSS,-164.02,432.91,212.35898,1.111,0.545
USDJPY_BASE_862,USDJPY,LONG,2023-04-27 02:00:00,2023-04-27 09:00:00,9,09:00–16:00 (Day/London Open),True,ONLINE_CAPTURED,123.74,122.76375,2023-04-27 08:00:00,123.02,THESIS_EXIT,LOSS,-28.7,0.72,0.29287,0.582,0.237
USDJPY_BASE_864,USDJPY,SHORT,2023-04-27 16:00:00,2023-04-27 23:00:00,23,22:00–24:00 (Late Night NY Close),False,OFFLINE_MISSED,123.34,124.65225,2023-05-01 08:00:00,122.4,THESIS_EXIT,WIN,8.65,0.5249,0.94,0.426,0.762
US500_BASE_863,US500,SHORT,2023-04-27 12:00:00,2023-04-27 19:00:00,19,17:00–22:00 (Evening/NY Overlap),True,ONLINE_CAPTURED,4167.32,4204.34,2023-05-01 08:00:00,4165.61,THESIS_EXIT,LOSS,-11.9,1.71,11.106,0.041,0.267
GBPUSD_BASE_865,GBPUSD,SHORT,2023-05-03 02:00:00,2023-05-03 09:00:00,9,09:00–16:00 (Day/London Open),True,ONLINE_CAPTURED,1.11235,1.1211,2023-05-03 09:00:00,1.11895,THESIS_EXIT,LOSS,-243.5,0.0066,0.00263,0.593,0.236
BTCUSD_BASE_867,BTCUSD,SHORT,2023-05-03 09:00:00,2023-05-03 16:00:00,16,16:00–17:00 (Dinner Break),False,OFFLINE_MISSED,38627.31,39454.583,2023-05-03 14:00:00,39073.77,THESIS_EXIT,LOSS,-168.76,446.46,248.1819,1.156,0.643
XAUUSD_BASE_866,XAUUSD,SHORT,2023-05-03 08:00:00,2023-05-03 15:00:00,15,09:00–16:00 (Day/London Open),True,ONLINE_CAPTURED,1973.73,1986.69075,2023-05-05 14:00:00,1976.47,THESIS_EXIT,LOSS,-13.46,2.74,3.88822,0.139,0.197
BTCUSD_BASE_868,BTCUSD,LONG,2023-05-03 19:00:00,2023-05-04 02:00:00,2,00:00–09:00 (Overnight/Asia),False,OFFLINE_MISSED,38804.08,37883.6995,2023-05-08 14:00:00,42124.98,THESIS_EXIT,WIN,1149.82,368.1522,3320.9,0.949,8.558
BTCUSD_BASE_870,BTCUSD,SHORT,2023-05-09 06:00:00,2023-05-09 13:00:00,13,09:00–16:00 (Day/London Open),True,ONLINE_CAPTURED,42266.36,42921.143,2023-05-09 09:00:00,42582.95,THESIS_EXIT,LOSS,-123.31,316.59,196.4349,0.749,0.465
USDJPY_BASE_869,USDJPY,LONG,2023-05-08 05:00:00,2023-05-08 12:00:00,12,09:00–16:00 (Day/London Open),True,ONLINE_CAPTURED,121.06,120.05075,2023-05-09 12:00:00,121.04,THESIS_EXIT,LOSS,-12.95,0.02,0.30277,0.017,0.25
GBPUSD_BASE_872,GBPUSD,LONG,2023-05-10 07:00:00,2023-05-10 14:00:00,14,09:00–16:00 (Day/London Open),True,ONLINE_CAPTURED,1.1146,1.10485,2023-05-10 15:00:00,1.10485,STOP_LOSS_TOUCH,LOSS,-353.75,0.00975,0.00292,0.875,0.262
XAUUSD_BASE_873,XAUUSD,SHORT,2023-05-11 07:00:00,2023-05-11 14:00:00,14,09:00–16:00 (Day/London Open),True,ONLINE_CAPTURED,1961.37,1972.38425,2023-05-11 13:00:00,1969.13,THESIS_EXIT,LOSS,-15.22,7.76,3.30427,0.396,0.168
USDJPY_BASE_871,USDJPY,SHORT,2023-05-10 00:00:00,2023-05-10 07:00:00,7,00:00–09:00 (Overnight/Asia),False,OFFLINE_MISSED,121.19,122.12875,2023-05-15 09:00:00,118.93,THESIS_EXIT,WIN,38.35,0.3755,2.26,0.31,1.865
BTCUSD_BASE_874,BTCUSD,LONG,2023-05-12 03:00:00,2023-05-12 10:00:00,10,09:00–16:00 (Day/London Open),True,ONLINE_CAPTURED,43437.02,42716.20475,2023-05-15 23:00:00,44675.13,THESIS_EXIT,WIN,420.84,288.3261,1238.11,0.664,2.85
US500_BASE_876,US500,LONG,2023-05-17 10:00:00,2023-05-17 17:00:00,17,17:00–22:00 (Evening/NY Overlap),True,ONLINE_CAPTURED,3996.72,3953.946,2023-05-17 13:00:00,3953.946,STOP_LOSS_TOUCH,LOSS,-27.47,42.774,12.8322,1.07,0.321
USDJPY_BASE_875,USDJPY,LONG,2023-05-16 22:00:00,2023-05-17 05:00:00,5,00:00–09:00 (Overnight/Asia),False,OFFLINE_MISSED,119.26,118.27925,2023-05-17 17:00:00,118.96,THESIS_EXIT,LOSS,-19.25,0.3,0.29423,0.252,0.247
BTCUSD_BASE_877,BTCUSD,LONG,2023-05-17 19:00:00,2023-05-18 02:00:00,2,00:00–09:00 (Overnight/Asia),False,OFFLINE_MISSED,44281.29,43260.247,2023-05-18 05:00:00,43805.41,THESIS_EXIT,LOSS,-179.06,475.88,306.3129,1.075,0.692
USDJPY_BASE_878,USDJPY,SHORT,2023-05-18 05:00:00,2023-05-18 12:00:00,12,09:00–16:00 (Day/London Open),True,ONLINE_CAPTURED,119.09,119.88375,2023-05-23 02:00:00,118.08,THESIS_EXIT,WIN,10.23,0.3175,1.01,0.267,0.848
XAUUSD_BASE_880,XAUUSD,LONG,2023-05-23 03:00:00,2023-05-23 10:00:00,10,09:00–16:00 (Day/London Open),True,ONLINE_CAPTURED,1957.73,1949.34625,2023-05-23 07:00:00,1953.5,THESIS_EXIT,LOSS,-13.98,4.23,2.51512,0.216,0.128
GBPUSD_BASE_879,GBPUSD,SHORT,2023-05-18 08:00:00,2023-05-18 15:00:00,15,09:00–16:00 (Day/London Open),True,ONLINE_CAPTURED,1.10019,1.11094,2023-05-23 15:00:00,1.07683,THESIS_EXIT,WIN,805.1,0.0043,0.02336,0.391,2.123
XAUUSD_BASE_881,XAUUSD,SHORT,2023-05-23 12:00:00,2023-05-23 19:00:00,19,17:00–22:00 (Evening/NY Overlap),True,ONLINE_CAPTURED,1955.24,1964.86625,2023-05-23 16:00:00,1961.22,THESIS_EXIT,LOSS,-14.59,5.98,2.88788,0.306,0.148
BTCUSD_BASE_882,BTCUSD,SHORT,2023-05-23 15:00:00,2023-05-23 22:00:00,22,22:00–24:00 (Late Night NY Close),False,OFFLINE_MISSED,48158.06,49095.565,2023-05-23 18:00:00,48643.91,THESIS_EXIT,LOSS,-182.55,485.85,281.2515,1.009,0.584
XAUUSD_BASE_884,XAUUSD,LONG,2023-05-24 12:00:00,2023-05-24 19:00:00,19,17:00–22:00 (Evening/NY Overlap),True,ONLINE_CAPTURED,1961.73,1952.215,2023-05-24 15:00:00,1952.215,STOP_LOSS_TOUCH,LOSS,-15.83,9.515,2.8545,0.485,0.146
BTCUSD_BASE_885,BTCUSD,SHORT,2023-05-25 07:00:00,2023-05-25 14:00:00,14,09:00–16:00 (Day/London Open),True,ONLINE_CAPTURED,47591.59,48326.06875,2023-05-27 17:00:00,47178.93,THESIS_EXIT,WIN,131.93,293.7915,412.66,0.617,0.867
BTCUSD_BASE_886,BTCUSD,LONG,2023-05-28 17:00:00,2023-05-29 00:00:00,0,00:00–09:00 (Overnight/Asia),False,OFFLINE_MISSED,47998.79,46952.49925,2023-05-29 04:00:00,47431.91,THESIS_EXIT,LOSS,-210.91,566.88,313.88723,1.181,0.654
US500_BASE_887,US500,SHORT,2023-05-29 16:00:00,2023-05-29 23:00:00,23,22:00–24:00 (Late Night NY Close),False,OFFLINE_MISSED,4240.68,4305.95675,2023-05-30 08:00:00,4270.51,THESIS_EXIT,LOSS,-22.94,29.83,19.58302,0.703,0.462
XAUUSD_BASE_888,XAUUSD,SHORT,2023-05-30 12:00:00,2023-05-30 19:00:00,19,17:00–22:00 (Evening/NY Overlap),True,ONLINE_CAPTURED,1935.38,1945.44625,2023-05-30 22:00:00,1940.45,THESIS_EXIT,LOSS,-14.27,5.07,3.01988,0.262,0.156
US500_BASE_889,US500,LONG,2023-05-31 07:00:00,2023-05-31 14:00:00,14,09:00–16:00 (Day/London Open),True,ONLINE_CAPTURED,4274.93,4231.47175,2023-05-31 10:00:00,4231.47175,STOP_LOSS_TOUCH,LOSS,-27.71,43.45825,13.03747,1.017,0.305
US500_BASE_890,US500,SHORT,2023-05-31 23:00:00,2023-06-01 06:00:00,6,00:00–09:00 (Overnight/Asia),False,OFFLINE_MISSED,4247.09,4295.422,2023-06-05 09:00:00,4260.18,THESIS_EXIT,LOSS,-17.08,13.09,14.4996,0.308,0.341
BTCUSD_BASE_891,BTCUSD,LONG,2023-06-05 09:00:00,2023-06-05 16:00:00,16,16:00–17:00 (Dinner Break),False,OFFLINE_MISSED,45559.19,44760.021,2023-06-07 13:00:00,45835.29,THESIS_EXIT,WIN,84.13,319.6676,276.1,0.702,0.606
GBPUSD_BASE_883,GBPUSD,LONG,2023-05-24 07:00:00,2023-05-24 14:00:00,14,09:00–16:00 (Day/London Open),True,ONLINE_CAPTURED,1.07559,1.06659,2023-06-08 22:00:00,1.17187,THESIS_EXIT,WIN,3357.3,0.0036,0.09628,0.335,8.951
BTCUSD_BASE_893,BTCUSD,LONG,2023-06-09 11:00:00,2023-06-09 18:00:00,18,17:00–22:00 (Evening/NY Overlap),True,ONLINE_CAPTURED,47804.09,46833.724,2023-06-10 14:00:00,47908.74,THESIS_EXIT,WIN,24.13,388.1464,104.65,0.812,0.219
XAUUSD_BASE_892,XAUUSD,SHORT,2023-06-07 14:00:00,2023-06-07 21:00:00,21,17:00–22:00 (Evening/NY Overlap),True,ONLINE_CAPTURED,1921.67,1934.06,2023-06-12 14:00:00,1911.68,THESIS_EXIT,LOSS,-9.0,9.99,3.717,0.52,0.193
BTCUSD_BASE_894,BTCUSD,LONG,2023-06-12 07:00:00,2023-06-12 14:00:00,14,09:00–16:00 (Day/London Open),True,ONLINE_CAPTURED,48355.06,47495.7285,2023-06-13 08:00:00,48492.91,THESIS_EXIT,WIN,35.75,343.7326,137.85,0.711,0.285
USDJPY_BASE_895,USDJPY,SHORT,2023-06-12 22:00:00,2023-06-13 05:00:00,5,00:00–09:00 (Overnight/Asia),False,OFFLINE_MISSED,119.31,120.4915,2023-06-13 12:00:00,119.9,THESIS_EXIT,LOSS,-25.78,0.59,0.35445,0.495,0.297
US500_BASE_897,US500,LONG,2023-06-14 16:00:00,2023-06-14 23:00:00,23,22:00–24:00 (Late Night NY Close),False,OFFLINE_MISSED,4343.37,4300.994,2023-06-15 13:00:00,4313.42,THESIS_EXIT,LOSS,-22.98,29.95,12.7128,0.69,0.293
USDJPY_BASE_896,USDJPY,SHORT,2023-06-14 13:00:00,2023-06-14 20:00:00,20,17:00–22:00 (Evening/NY Overlap),True,ONLINE_CAPTURED,118.91,120.47,2023-06-21 13:00:00,116.21,THESIS_EXIT,WIN,48.25,0.624,2.7,0.525,2.271
GBPUSD_BASE_898,GBPUSD,SHORT,2023-06-15 15:00:00,2023-06-15 22:00:00,22,22:00–24:00 (Late Night NY Close),False,OFFLINE_MISSED,1.14975,1.1605,2023-06-22 10:00:00,1.13477,THESIS_EXIT,WIN,511.8,0.0043,0.01498,0.374,1.303
GBPUSD_BASE_899,GBPUSD,LONG,2023-06-22 13:00:00,2023-06-22 20:00:00,20,17:00–22:00 (Evening/NY Overlap),True,ONLINE_CAPTURED,1.13067,1.12267,2023-06-23 02:00:00,1.12755,THESIS_EXIT,LOSS,-121.7,0.00312,0.0024,0.276,0.212
XAUUSD_BASE_900,XAUUSD,SHORT,2023-06-22 22:00:00,2023-06-23 05:00:00,5,00:00–09:00 (Overnight/Asia),False,OFFLINE_MISSED,1901.94,1913.50375,2023-06-23 13:00:00,1905.36,THESIS_EXIT,LOSS,-13.7,3.42,3.46913,0.18,0.182
USDJPY_BASE_901,USDJPY,SHORT,2023-06-23 11:00:00,2023-06-23 18:00:00,18,17:00–22:00 (Evening/NY Overlap),True,ONLINE_CAPTURED,115.82,116.9125,2023-06-23 15:00:00,116.43,THESIS_EXIT,LOSS,-26.23,0.61,0.32775,0.527,0.283
BTCUSD_BASE_902,BTCUSD,SHORT,2023-06-24 11:00:00,2023-06-24 18:00:00,18,17:00–22:00 (Evening/NY Overlap),True,ONLINE_CAPTURED,50114.15,50812.3935,2023-06-24 13:00:00,50812.3935,STOP_LOSS_TOUCH,LOSS,-256.89,698.2435,209.47305,1.393,0.418
XAUUSD_BASE_904,XAUUSD,LONG,2023-06-26 11:00:00,2023-06-26 18:00:00,18,17:00–22:00 (Evening/NY Overlap),True,ONLINE_CAPTURED,1909.8,1901.976,2023-06-26 17:00:00,1901.976,STOP_LOSS_TOUCH,LOSS,-15.24,7.824,2.3472,0.41,0.123
BTCUSD_BASE_905,BTCUSD,SHORT,2023-06-26 19:00:00,2023-06-27 02:00:00,2,00:00–09:00 (Overnight/Asia),False,OFFLINE_MISSED,48695.09,49569.76775,2023-06-27 12:00:00,49222.95,THESIS_EXIT,LOSS,-197.25,527.86,262.40333,1.084,0.539
US500_BASE_903,US500,SHORT,2023-06-26 06:00:00,2023-06-26 13:00:00,13,09:00–16:00 (Day/London Open),True,ONLINE_CAPTURED,4186.67,4223.7075,2023-06-27 17:00:00,4170.55,THESIS_EXIT,LOSS,-6.86,16.12,11.11125,0.385,0.265
BTCUSD_BASE_906,BTCUSD,LONG,2023-06-28 02:00:00,2023-06-28 09:00:00,9,09:00–16:00 (Day/London Open),True,ONLINE_CAPTURED,49215.21,48184.79775,2023-06-28 13:00:00,48428.44,THESIS_EXIT,LOSS,-287.87,786.77,309.12368,1.599,0.628
US500_BASE_907,US500,LONG,2023-06-28 07:00:00,2023-06-28 14:00:00,14,09:00–16:00 (Day/London Open),True,ONLINE_CAPTURED,4164.26,4121.072,2023-06-30 14:00:00,4184.27,THESIS_EXIT,LOSS,-5.5,20.01,12.9564,0.481,0.311
XAUUSD_BASE_908,XAUUSD,SHORT,2023-06-29 01:00:00,2023-06-29 08:00:00,8,00:00–09:00 (Overnight/Asia),False,OFFLINE_MISSED,1892.14,1900.32375,2023-07-04 05:00:00,1877.16,THESIS_EXIT,LOSS,-7.26,14.98,2.45512,0.792,0.13
GBPUSD_BASE_909,GBPUSD,LONG,2023-07-04 18:00:00,2023-07-05 01:00:00,1,00:00–09:00 (Overnight/Asia),False,OFFLINE_MISSED,1.11856,1.11006,2023-07-10 06:00:00,1.14209,THESIS_EXIT,WIN,811.05,0.0034,0.02353,0.304,2.104
USDJPY_BASE_911,USDJPY,LONG,2023-07-10 12:00:00,2023-07-10 19:00:00,19,17:00–22:00 (Evening/NY Overlap),True,ONLINE_CAPTURED,122.12,120.93,2023-07-10 19:00:00,121.33,THESIS_EXIT,LOSS,-30.28,0.79,0.357,0.647,0.292
BTCUSD_BASE_912,BTCUSD,LONG,2023-07-10 22:00:00,2023-07-11 05:00:00,5,00:00–09:00 (Overnight/Asia),False,OFFLINE_MISSED,49952.09,48988.45425,2023-07-11 07:00:00,49489.89,THESIS_EXIT,LOSS,-174.27,462.2,289.09073,0.925,0.579
XAUUSD_BASE_910,XAUUSD,LONG,2023-07-04 22:00:00,2023-07-05 05:00:00,5,00:00–09:00 (Overnight/Asia),False,OFFLINE_MISSED,1880.65,1871.97625,2023-07-11 13:00:00,1909.82,THESIS_EXIT,LOSS,-2.29,29.17,2.60212,1.551,0.138
BTCUSD_BASE_913,BTCUSD,SHORT,2023-07-11 11:00:00,2023-07-11 18:00:00,18,17:00–22:00 (Evening/NY Overlap),True,ONLINE_CAPTURED,49761.79,50598.40525,2023-07-11 14:00:00,50333.41,THESIS_EXIT,LOSS,-212.57,571.62,250.98458,1.149,0.504
USDJPY_BASE_915,USDJPY,SHORT,2023-07-11 16:00:00,2023-07-11 23:00:00,23,22:00–24:00 (Late Night NY Close),False,OFFLINE_MISSED,121.57,122.62825,2023-07-12 13:00:00,122.21,THESIS_EXIT,LOSS,-26.9,0.64,0.31748,0.526,0.261
GBPUSD_BASE_914,GBPUSD,LONG,2023-07-11 14:00:00,2023-07-11 21:00:00,21,17:00–22:00 (Evening/NY Overlap),True,ONLINE_CAPTURED,1.15291,1.14141,2023-07-13 22:00:00,1.15287,THESIS_EXIT,LOSS,-13.9,4e-05,0.00345,0.003,0.299
XAUUSD_BASE_916,XAUUSD,SHORT,2023-07-13 09:00:00,2023-07-13 16:00:00,16,16:00–17:00 (Dinner Break),False,OFFLINE_MISSED,1908.46,1919.75775,2023-07-14 12:00:00,1913.0,THESIS_EXIT,LOSS,-14.09,4.54,3.38932,0.238,0.178
BTCUSD_BASE_918,BTCUSD,SHORT,2023-07-15 00:00:00,2023-07-15 07:00:00,7,00:00–09:00 (Overnight/Asia),False,OFFLINE_MISSED,50745.25,51620.05075,2023-07-15 04:00:00,51300.27,THESIS_EXIT,LOSS,-206.76,555.02,262.44023,1.094,0.517
BTCUSD_BASE_919,BTCUSD,LONG,2023-07-17 14:00:00,2023-07-17 21:00:00,21,17:00–22:00 (Evening/NY Overlap),True,ONLINE_CAPTURED,51585.49,50776.271,2023-07-18 01:00:00,51211.27,THESIS_EXIT,LOSS,-143.48,374.22,242.7657,0.725,0.471
USDJPY_BASE_917,USDJPY,LONG,2023-07-14 08:00:00,2023-07-14 15:00:00,15,09:00–16:00 (Day/London Open),True,ONLINE_CAPTURED,123.24,122.16375,2023-07-20 05:00:00,125.72,THESIS_EXIT,WIN,43.3,0.4305,2.48,0.349,2.012
US500_BASE_920,US500,SHORT,2023-07-18 19:00:00,2023-07-19 02:00:00,2,00:00–09:00 (Overnight/Asia),False,OFFLINE_MISSED,4283.88,4324.248,2023-07-20 15:00:00,4246.27,THESIS_EXIT,WIN,0.66,16.1472,37.61,0.377,0.878
XAUUSD_BASE_921,XAUUSD,SHORT,2023-07-21 07:00:00,2023-07-21 14:00:00,14,09:00–16:00 (Day/London Open),True,ONLINE_CAPTURED,1892.42,1900.60975,2023-07-21 12:00:00,1900.60975,STOP_LOSS_TOUCH,LOSS,-15.37,8.18975,2.45693,0.433,0.13
US500_BASE_922,US500,SHORT,2023-07-24 16:00:00,2023-07-24 23:00:00,23,22:00–24:00 (Late Night NY Close),False,OFFLINE_MISSED,4256.43,4311.97375,2023-07-25 06:00:00,4295.29,THESIS_EXIT,LOSS,-26.1,38.86,16.66312,0.913,0.391
GBPUSD_BASE_924,GBPUSD,LONG,2023-07-26 10:00:00,2023-07-26 17:00:00,17,17:00–22:00 (Evening/NY Overlap),True,ONLINE_CAPTURED,1.1303,1.12105,2023-07-26 15:00:00,1.12105,STOP_LOSS_TOUCH,LOSS,-336.25,0.00925,0.00277,0.818,0.246
US500_BASE_925,US500,LONG,2023-07-27 13:00:00,2023-07-27 20:00:00,20,17:00–22:00 (Evening/NY Overlap),True,ONLINE_CAPTURED,4400.03,4353.46025,2023-07-28 08:00:00,4353.46025,STOP_LOSS_TOUCH,LOSS,-28.8,46.56975,13.97092,1.058,0.318
USDJPY_BASE_923,USDJPY,LONG,2023-07-25 03:00:00,2023-07-25 10:00:00,10,09:00–16:00 (Day/London Open),True,ONLINE_CAPTURED,129.45,128.57675,2023-07-28 13:00:00,130.66,THESIS_EXIT,WIN,14.73,0.3493,1.21,0.27,0.935
BTCUSD_BASE_927,BTCUSD,SHORT,2023-07-29 04:00:00,2023-07-29 11:00:00,11,09:00–16:00 (Day/London Open),True,ONLINE_CAPTURED,49314.51,50098.03375,2023-07-29 16:00:00,50098.03375,STOP_LOSS_TOUCH,LOSS,-286.73,783.52375,235.05713,1.589,0.477
XAUUSD_BASE_926,XAUUSD,LONG,2023-07-28 21:00:00,2023-07-29 04:00:00,4,00:00–09:00 (Overnight/Asia),False,OFFLINE_MISSED,1948.82,1936.0185,2023-07-31 05:00:00,1941.06,THESIS_EXIT,LOSS,-15.22,7.76,3.84045,0.398,0.197
GBPUSD_BASE_928,GBPUSD,SHORT,2023-07-31 14:00:00,2023-07-31 21:00:00,21,17:00–22:00 (Evening/NY Overlap),True,ONLINE_CAPTURED,1.11584,1.12584,2023-08-01 09:00:00,1.12584,STOP_LOSS_TOUCH,LOSS,-362.5,0.01,0.003,0.896,0.269
BTCUSD_BASE_929,BTCUSD,SHORT,2023-07-31 19:00:00,2023-08-01 02:00:00,2,00:00–09:00 (Overnight/Asia),False,OFFLINE_MISSED,48316.7,49272.31575,2023-08-01 12:00:00,48961.93,THESIS_EXIT,LOSS,-238.33,645.23,286.68472,1.335,0.593
BTCUSD_BASE_930,BTCUSD,LONG,2023-08-02 11:00:00,2023-08-02 18:00:00,18,17:00–22:00 (Evening/NY Overlap),True,ONLINE_CAPTURED,49598.17,48719.37475,2023-08-02 14:00:00,48719.37475,STOP_LOSS_TOUCH,LOSS,-320.08,878.79525,263.63858,1.772,0.532
XAUUSD_BASE_931,XAUUSD,LONG,2023-08-03 05:00:00,2023-08-03 12:00:00,12,09:00–16:00 (Day/London Open),True,ONLINE_CAPTURED,1971.54,1962.22275,2023-08-03 14:00:00,1962.22275,STOP_LOSS_TOUCH,LOSS,-15.76,9.31725,2.79518,0.473,0.142
US500_BASE_932,US500,SHORT,2023-08-03 07:00:00,2023-08-03 14:00:00,14,09:00–16:00 (Day/London Open),True,ONLINE_CAPTURED,4238.62,4281.48,2023-08-03 20:00:00,4261.94,THESIS_EXIT,LOSS,-20.66,23.32,12.858,0.55,0.303
BTCUSD_BASE_933,BTCUSD,LONG,2023-08-04 10:00:00,2023-08-04 17:00:00,17,17:00–22:00 (Evening/NY Overlap),True,ONLINE_CAPTURED,49704.46,48868.573,2023-08-05 13:00:00,48868.573,STOP_LOSS_TOUCH,LOSS,-305.06,835.887,250.7661,1.682,0.505
US500_BASE_934,US500,LONG,2023-08-08 09:00:00,2023-08-08 16:00:00,16,16:00–17:00 (Dinner Break),False,OFFLINE_MISSED,4335.85,4290.744,2023-08-10 16:00:00,4353.98,THESIS_EXIT,LOSS,-6.15,18.13,13.5318,0.418,0.312
US500_BASE_936,US500,SHORT,2023-08-11 15:00:00,2023-08-11 22:00:00,22,22:00–24:00 (Late Night NY Close),False,OFFLINE_MISSED,4349.31,4396.77175,2023-08-14 01:00:00,4377.61,THESIS_EXIT,LOSS,-22.4,28.3,14.23853,0.651,0.327
USDJPY_BASE_937,USDJPY,LONG,2023-08-14 16:00:00,2023-08-14 23:00:00,23,22:00–24:00 (Late Night NY Close),False,OFFLINE_MISSED,129.84,128.60925,2023-08-15 05:00:00,128.92,THESIS_EXIT,LOSS,-33.2,0.92,0.36923,0.709,0.284
USDJPY_BASE_938,USDJPY,SHORT,2023-08-15 15:00:00,2023-08-15 22:00:00,22,22:00–24:00 (Late Night NY Close),False,OFFLINE_MISSED,129.11,130.313,2023-08-16 08:00:00,129.59,THESIS_EXIT,LOSS,-23.3,0.48,0.3609,0.372,0.28
XAUUSD_BASE_935,XAUUSD,LONG,2023-08-08 11:00:00,2023-08-08 18:00:00,18,17:00–22:00 (Evening/NY Overlap),True,ONLINE_CAPTURED,1977.11,1966.965,2023-08-16 12:00:00,2001.21,THESIS_EXIT,LOSS,-4.06,24.1,3.0435,1.219,0.154
US500_BASE_940,US500,LONG,2023-08-17 00:00:00,2023-08-17 07:00:00,7,00:00–09:00 (Overnight/Asia),False,OFFLINE_MISSED,4333.83,4292.8325,2023-08-17 06:00:00,4292.8325,STOP_LOSS_TOUCH,LOSS,-26.85,40.9975,12.29925,0.946,0.284
GBPUSD_BASE_939,GBPUSD,SHORT,2023-08-16 13:00:00,2023-08-16 20:00:00,20,17:00–22:00 (Evening/NY Overlap),True,ONLINE_CAPTURED,1.0665,1.07675,2023-08-17 10:00:00,1.07473,THESIS_EXIT,LOSS,-300.55,0.00823,0.00308,0.772,0.288
XAUUSD_BASE_941,XAUUSD,SHORT,2023-08-18 03:00:00,2023-08-18 10:00:00,10,09:00–16:00 (Day/London Open),True,ONLINE_CAPTURED,1994.74,2003.972,2023-08-18 09:00:00,2003.972,STOP_LOSS_TOUCH,LOSS,-15.73,9.232,2.7696,0.463,0.139
US500_BASE_942,US500,SHORT,2023-08-18 08:00:00,2023-08-18 15:00:00,15,09:00–16:00 (Day/London Open),True,ONLINE_CAPTURED,4274.38,4304.226,2023-08-18 12:00:00,4304.226,STOP_LOSS_TOUCH,LOSS,-22.95,29.846,8.9538,0.698,0.209
BTCUSD_BASE_943,BTCUSD,SHORT,2023-08-18 13:00:00,2023-08-18 20:00:00,20,17:00–22:00 (Evening/NY Overlap),True,ONLINE_CAPTURED,48763.98,49671.0945,2023-08-19 13:00:00,48691.82,THESIS_EXIT,WIN,12.76,362.8458,72.16,0.744,0.148
GBPUSD_BASE_944,GBPUSD,LONG,2023-08-20 23:00:00,2023-08-21 06:00:00,6,00:00–09:00 (Overnight/Asia),False,OFFLINE_MISSED,1.07387,1.06487,2023-08-22 15:00:00,1.07705,THESIS_EXIT,WIN,98.8,0.0036,0.00318,0.335,0.296
XAUUSD_BASE_945,XAUUSD,LONG,2023-08-21 00:00:00,2023-08-21 07:00:00,7,00:00–09:00 (Overnight/Asia),False,OFFLINE_MISSED,2003.28,1993.01525,2023-08-23 22:00:00,2013.72,THESIS_EXIT,LOSS,-8.85,10.44,3.07943,0.521,0.154
GBPUSD_BASE_946,GBPUSD,SHORT,2023-08-23 07:00:00,2023-08-23 14:00:00,14,09:00–16:00 (Day/London Open),True,ONLINE_CAPTURED,1.08045,1.0897,2023-08-25 07:00:00,1.0798,THESIS_EXIT,WIN,10.25,0.0037,0.00065,0.342,0.06
US500_BASE_947,US500,LONG,2023-08-25 08:00:00,2023-08-25 15:00:00,15,09:00–16:00 (Day/London Open),True,ONLINE_CAPTURED,4272.04,4228.769,2023-08-28 02:00:00,4244.22,THESIS_EXIT,LOSS,-22.24,27.82,12.9813,0.651,0.304
GBPUSD_BASE_949,GBPUSD,LONG,2023-08-28 07:00:00,2023-08-28 14:00:00,14,09:00–16:00 (Day/London Open),True,ONLINE_CAPTURED,1.08668,1.07818,2023-08-29 06:00:00,1.08846,THESIS_EXIT,WIN,49.8,0.0034,0.00178,0.313,0.164
USDJPY_BASE_948,USDJPY,LONG,2023-08-25 08:00:00,2023-08-25 15:00:00,15,09:00–16:00 (Day/London Open),True,ONLINE_CAPTURED,127.86,126.785,2023-08-29 22:00:00,129.0,THESIS_EXIT,WIN,13.15,0.43,1.14,0.336,0.892
XAUUSD_BASE_951,XAUUSD,LONG,2023-08-30 13:00:00,2023-08-30 20:00:00,20,17:00–22:00 (Evening/NY Overlap),True,ONLINE_CAPTURED,1992.5,1979.9515,2023-08-30 22:00:00,1984.13,THESIS_EXIT,LOSS,-15.43,8.37,3.76455,0.42,0.189
BTCUSD_BASE_952,BTCUSD,SHORT,2023-09-01 08:00:00,2023-09-01 15:00:00,15,09:00–16:00 (Day/London Open),True,ONLINE_CAPTURED,51271.86,52164.53725,2023-09-02 13:00:00,51753.91,THESIS_EXIT,LOSS,-181.22,482.05,267.80318,0.94,0.522
BTCUSD_BASE_953,BTCUSD,LONG,2023-09-03 08:00:00,2023-09-03 15:00:00,15,09:00–16:00 (Day/London Open),True,ONLINE_CAPTURED,51676.78,50921.309,2023-09-04 12:00:00,51414.34,THESIS_EXIT,LOSS,-104.35,262.44,226.6413,0.508,0.439
USDJPY_BASE_954,USDJPY,LONG,2023-09-04 16:00:00,2023-09-04 23:00:00,23,22:00–24:00 (Late Night NY Close),False,OFFLINE_MISSED,130.45,129.223,2023-09-05 07:00:00,129.85,THESIS_EXIT,LOSS,-26.0,0.6,0.3681,0.46,0.282
XAUUSD_BASE_955,XAUUSD,LONG,2023-09-05 07:00:00,2023-09-05 14:00:00,14,09:00–16:00 (Day/London Open),True,ONLINE_CAPTURED,1996.44,1987.01975,2023-09-05 10:00:00,1987.01975,STOP_LOSS_TOUCH,LOSS,-15.8,9.42025,2.82607,0.472,0.142
USDJPY_BASE_956,USDJPY,LONG,2023-09-08 00:00:00,2023-09-08 07:00:00,7,00:00–09:00 (Overnight/Asia),False,OFFLINE_MISSED,131.83,130.81425,2023-09-08 15:00:00,130.81425,STOP_LOSS_TOUCH,LOSS,-35.35,1.01575,0.30472,0.77,0.231
BTCUSD_BASE_957,BTCUSD,SHORT,2023-09-10 06:00:00,2023-09-10 13:00:00,13,09:00–16:00 (Day/London Open),True,ONLINE_CAPTURED,52863.2,53557.41725,2023-09-10 22:00:00,53450.28,THESIS_EXIT,LOSS,-217.98,587.08,208.26518,1.111,0.394
XAUUSD_BASE_958,XAUUSD,SHORT,2023-09-10 22:00:00,2023-09-11 05:00:00,5,00:00–09:00 (Overnight/Asia),False,OFFLINE_MISSED,1975.77,1985.1305,2023-09-12 07:00:00,1980.81,THESIS_EXIT,LOSS,-14.26,5.04,2.80815,0.255,0.142
US500_BASE_950,US500,LONG,2023-08-30 11:00:00,2023-08-30 18:00:00,18,17:00–22:00 (Evening/NY Overlap),True,ONLINE_CAPTURED,4286.36,4241.2255,2023-09-12 19:00:00,4843.14,THESIS_EXIT,WIN,182.37,18.0538,556.78,0.421,12.99
BTCUSD_BASE_959,BTCUSD,SHORT,2023-09-13 15:00:00,2023-09-13 22:00:00,22,22:00–24:00 (Late Night NY Close),False,OFFLINE_MISSED,53951.92,54991.479,2023-09-17 11:00:00,52569.32,THESIS_EXIT,WIN,471.41,415.8236,1382.6,0.771,2.563
XAUUSD_BASE_960,XAUUSD,SHORT,2023-09-13 15:00:00,2023-09-13 22:00:00,22,22:00–24:00 (Late Night NY Close),False,OFFLINE_MISSED,1970.79,1981.28675,2023-09-18 07:00:00,1949.03,THESIS_EXIT,LOSS,-4.88,21.76,3.14903,1.104,0.16
XAUUSD_BASE_962,XAUUSD,LONG,2023-09-18 10:00:00,2023-09-18 17:00:00,17,17:00–22:00 (Evening/NY Overlap),True,ONLINE_CAPTURED,1945.65,1936.61,2023-09-19 00:00:00,1939.29,THESIS_EXIT,LOSS,-14.73,6.36,2.712,0.327,0.139
BTCUSD_BASE_961,BTCUSD,LONG,2023-09-18 05:00:00,2023-09-18 12:00:00,12,09:00–16:00 (Day/London Open),True,ONLINE_CAPTURED,52443.77,51662.793,2023-09-19 08:00:00,52256.37,THESIS_EXIT,LOSS,-78.09,187.4,234.2931,0.357,0.447
US500_BASE_963,US500,SHORT,2023-09-20 02:00:00,2023-09-20 09:00:00,9,09:00–16:00 (Day/London Open),True,ONLINE_CAPTURED,4754.93,4799.59725,2023-09-20 22:00:00,4790.1,THESIS_EXIT,LOSS,-24.81,35.17,13.40018,0.74,0.282
BTCUSD_BASE_964,BTCUSD,LONG,2023-09-21 21:00:00,2023-09-22 04:00:00,4,00:00–09:00 (Overnight/Asia),False,OFFLINE_MISSED,52606.62,51557.549,2023-09-22 11:00:00,52103.36,THESIS_EXIT,LOSS,-188.64,503.26,314.7213,0.957,0.598
US500_BASE_965,US500,LONG,2023-09-22 21:00:00,2023-09-23 04:00:00,4,00:00–09:00 (Overnight/Asia),False,OFFLINE_MISSED,4848.82,4812.86175,2023-09-28 10:00:00,4876.05,THESIS_EXIT,LOSS,-2.97,27.23,10.78747,0.562,0.222
BTCUSD_BASE_966,BTCUSD,SHORT,2023-09-23 15:00:00,2023-09-23 22:00:00,22,22:00–24:00 (Late Night NY Close),False,OFFLINE_MISSED,51222.24,52107.732,2023-09-29 14:00:00,49252.07,THESIS_EXIT,WIN,677.06,354.1968,1970.17,0.691,3.846
XAUUSD_BASE_967,XAUUSD,SHORT,2023-09-29 11:00:00,2023-09-29 18:00:00,18,17:00–22:00 (Evening/NY Overlap),True,ONLINE_CAPTURED,1896.77,1905.605,2023-10-03 10:00:00,1891.06,THESIS_EXIT,LOSS,-10.5,5.71,2.6505,0.301,0.14
BTCUSD_BASE_969,BTCUSD,LONG,2023-10-04 07:00:00,2023-10-04 14:00:00,14,09:00–16:00 (Day/London Open),True,ONLINE_CAPTURED,47169.98,46335.295,2023-10-05 11:00:00,47262.35,THESIS_EXIT,WIN,19.83,333.874,92.37,0.708,0.196
BTCUSD_BASE_970,BTCUSD,LONG,2023-10-07 15:00:00,2023-10-07 22:00:00,22,22:00–24:00 (Late Night NY Close),False,OFFLINE_MISSED,48178.71,47100.236,2023-10-08 06:00:00,47625.23,THESIS_EXIT,LOSS,-206.22,553.48,323.5422,1.149,0.672
XAUUSD_BASE_971,XAUUSD,LONG,2023-10-09 03:00:00,2023-10-09 10:00:00,10,09:00–16:00 (Day/London Open),True,ONLINE_CAPTURED,1903.08,1894.569,2023-10-10 13:00:00,1899.4,THESIS_EXIT,LOSS,-13.79,3.68,2.5533,0.193,0.134
BTCUSD_BASE_972,BTCUSD,SHORT,2023-10-12 03:00:00,2023-10-12 10:00:00,10,09:00–16:00 (Day/London Open),True,ONLINE_CAPTURED,47605.06,48512.0965,2023-10-12 10:00:00,48277.55,THESIS_EXIT,LOSS,-247.87,672.49,272.11095,1.413,0.572
US500_BASE_968,US500,SHORT,2023-09-29 14:00:00,2023-09-29 21:00:00,21,17:00–22:00 (Evening/NY Overlap),True,ONLINE_CAPTURED,4831.0,4871.366,2023-10-13 10:00:00,4505.65,THESIS_EXIT,WIN,101.37,16.1464,325.35,0.334,6.735
US500_BASE_974,US500,SHORT,2023-10-16 08:00:00,2023-10-16 15:00:00,15,09:00–16:00 (Day/London Open),True,ONLINE_CAPTURED,4455.64,4498.65575,2023-10-18 09:00:00,4450.55,THESIS_EXIT,LOSS,-10.72,5.09,12.90472,0.114,0.29
US500_BASE_975,US500,LONG,2023-10-18 15:00:00,2023-10-18 22:00:00,22,22:00–24:00 (Late Night NY Close),False,OFFLINE_MISSED,4439.09,4381.12475,2023-10-18 19:00:00,4396.95,THESIS_EXIT,LOSS,-27.25,42.14,17.38958,0.949,0.392
GBPUSD_BASE_973,GBPUSD,SHORT,2023-10-12 12:00:00,2023-10-12 19:00:00,19,17:00–22:00 (Evening/NY Overlap),True,ONLINE_CAPTURED,0.97643,0.98668,2023-10-19 17:00:00,0.95878,THESIS_EXIT,WIN,605.25,0.0041,0.01765,0.42,1.808
US500_BASE_976,US500,SHORT,2023-10-19 18:00:00,2023-10-20 01:00:00,1,00:00–09:00 (Overnight/Asia),False,OFFLINE_MISSED,4393.58,4432.919,2023-10-24 15:00:00,4353.31,THESIS_EXIT,WIN,1.59,15.7356,40.27,0.358,0.917
USDJPY_BASE_977,USDJPY,SHORT,2023-10-20 07:00:00,2023-10-20 14:00:00,14,09:00–16:00 (Day/London Open),True,ONLINE_CAPTURED,136.44,137.66025,2023-10-27 04:00:00,135.19,THESIS_EXIT,WIN,15.62,0.4881,1.25,0.358,0.916
XAUUSD_BASE_978,XAUUSD,SHORT,2023-10-25 13:00:00,2023-10-25 20:00:00,20,17:00–22:00 (Evening/NY Overlap),True,ONLINE_CAPTURED,1938.45,1949.35,2023-10-27 09:00:00,1940.01,THESIS_EXIT,LOSS,-13.05,1.56,3.27,0.08,0.169
USDJPY_BASE_979,USDJPY,LONG,2023-10-27 08:00:00,2023-10-27 15:00:00,15,09:00–16:00 (Day/London Open),True,ONLINE_CAPTURED,134.99,133.997,2023-10-30 00:00:00,134.74,THESIS_EXIT,LOSS,-18.12,0.25,0.2979,0.185,0.221
USDJPY_BASE_981,USDJPY,SHORT,2023-10-30 09:00:00,2023-10-30 16:00:00,16,16:00–17:00 (Dinner Break),False,OFFLINE_MISSED,134.48,135.32525,2023-10-31 07:00:00,134.85,THESIS_EXIT,LOSS,-20.83,0.37,0.25357,0.275,0.189
BTCUSD_BASE_980,BTCUSD,LONG,2023-10-28 07:00:00,2023-10-28 14:00:00,14,09:00–16:00 (Day/London Open),True,ONLINE_CAPTURED,48063.86,47246.0155,2023-10-31 12:00:00,49507.78,THESIS_EXIT,WIN,492.87,327.1378,1443.92,0.681,3.004
GBPUSD_BASE_982,GBPUSD,SHORT,2023-11-01 13:00:00,2023-11-01 20:00:00,20,17:00–22:00 (Evening/NY Overlap),True,ONLINE_CAPTURED,0.98353,0.99303,2023-11-03 15:00:00,0.98313,THESIS_EXIT,WIN,1.5,0.0038,0.0004,0.386,0.041
BTCUSD_BASE_983,BTCUSD,LONG,2023-11-01 15:00:00,2023-11-01 22:00:00,22,22:00–24:00 (Late Night NY Close),False,OFFLINE_MISSED,49976.41,49091.41325,2023-11-05 09:00:00,51748.42,THESIS_EXIT,WIN,607.7,353.9987,1772.01,0.708,3.546
XAUUSD_BASE_984,XAUUSD,SHORT,2023-11-06 12:00:00,2023-11-06 19:00:00,19,17:00–22:00 (Evening/NY Overlap),True,ONLINE_CAPTURED,1918.69,1929.8285,2023-11-07 04:00:00,1921.65,THESIS_EXIT,LOSS,-13.54,2.96,3.34155,0.154,0.174
XAUUSD_BASE_986,XAUUSD,LONG,2023-11-08 03:00:00,2023-11-08 10:00:00,10,09:00–16:00 (Day/London Open),True,ONLINE_CAPTURED,1924.42,1915.13625,2023-11-08 14:00:00,1915.13625,STOP_LOSS_TOUCH,LOSS,-15.75,9.28375,2.78513,0.482,0.145
USDJPY_BASE_987,USDJPY,SHORT,2023-11-09 12:00:00,2023-11-09 19:00:00,19,17:00–22:00 (Evening/NY Overlap),True,ONLINE_CAPTURED,132.97,133.94225,2023-11-10 00:00:00,133.6,THESIS_EXIT,LOSS,-26.67,0.63,0.29168,0.474,0.219
BTCUSD_BASE_985,BTCUSD,LONG,2023-11-07 08:00:00,2023-11-07 15:00:00,15,09:00–16:00 (Day/London Open),True,ONLINE_CAPTURED,53141.45,52143.765,2023-11-10 09:00:00,53625.82,THESIS_EXIT,WIN,157.03,399.074,484.37,0.751,0.911
XAUUSD_BASE_988,XAUUSD,LONG,2023-11-10 01:00:00,2023-11-10 08:00:00,8,00:00–09:00 (Overnight/Asia),False,OFFLINE_MISSED,1924.51,1915.81125,2023-11-10 14:00:00,1915.81125,STOP_LOSS_TOUCH,LOSS,-15.54,8.69875,2.60963,0.452,0.136
BTCUSD_BASE_989,BTCUSD,LONG,2023-11-11 21:00:00,2023-11-12 04:00:00,4,00:00–09:00 (Overnight/Asia),False,OFFLINE_MISSED,54494.13,53499.97175,2023-11-13 02:00:00,54694.98,THESIS_EXIT,WIN,57.8,397.6633,200.85,0.73,0.369
BTCUSD_BASE_990,BTCUSD,SHORT,2023-11-13 11:00:00,2023-11-13 18:00:00,18,17:00–22:00 (Evening/NY Overlap),True,ONLINE_CAPTURED,54978.12,55866.51925,2023-11-14 11:00:00,55356.06,THESIS_EXIT,LOSS,-144.78,377.94,266.51978,0.687,0.485
USDJPY_BASE_991,USDJPY,LONG,2023-11-13 16:00:00,2023-11-13 23:00:00,23,22:00–24:00 (Late Night NY Close),False,OFFLINE_MISSED,133.86,132.87225,2023-11-14 14:00:00,133.48,THESIS_EXIT,LOSS,-21.05,0.38,0.29633,0.284,0.221
USDJPY_BASE_993,USDJPY,SHORT,2023-11-15 08:00:00,2023-11-15 15:00:00,15,09:00–16:00 (Day/London Open),True,ONLINE_CAPTURED,133.5,134.36825,2023-11-15 12:00:00,134.36825,STOP_LOSS_TOUCH,LOSS,-32.04,0.86825,0.26047,0.65,0.195
US500_BASE_994,US500,SHORT,2023-11-16 07:00:00,2023-11-16 14:00:00,14,09:00–16:00 (Day/London Open),True,ONLINE_CAPTURED,4505.37,4546.4815,2023-11-16 09:00:00,4546.4815,STOP_LOSS_TOUCH,LOSS,-26.89,41.1115,12.33345,0.912,0.274
GBPUSD_BASE_992,GBPUSD,LONG,2023-11-14 22:00:00,2023-11-15 05:00:00,5,00:00–09:00 (Overnight/Asia),False,OFFLINE_MISSED,0.99534,0.98509,2023-11-17 06:00:00,1.00817,THESIS_EXIT,WIN,436.55,0.0041,0.01283,0.412,1.289
USDJPY_BASE_995,USDJPY,SHORT,2023-11-17 04:00:00,2023-11-17 11:00:00,11,09:00–16:00 (Day/London Open),True,ONLINE_CAPTURED,132.67,133.76475,2023-11-17 11:00:00,133.76475,STOP_LOSS_TOUCH,LOSS,-37.13,1.09475,0.32843,0.825,0.248
BTCUSD_BASE_996,BTCUSD,LONG,2023-11-18 11:00:00,2023-11-18 18:00:00,18,17:00–22:00 (Evening/NY Overlap),True,ONLINE_CAPTURED,58072.72,57244.3005,2023-11-18 13:00:00,57510.69,THESIS_EXIT,LOSS,-209.21,562.03,248.52585,0.968,0.428
BTCUSD_BASE_997,BTCUSD,SHORT,2023-11-19 00:00:00,2023-11-19 07:00:00,7,00:00–09:00 (Overnight/Asia),False,OFFLINE_MISSED,57839.1,58620.94425,2023-11-19 04:00:00,58302.24,THESIS_EXIT,LOSS,-174.6,463.14,234.55328,0.801,0.406
US500_BASE_999,US500,SHORT,2023-11-22 07:00:00,2023-11-22 14:00:00,14,09:00–16:00 (Day/London Open),True,ONLINE_CAPTURED,4574.37,4615.47625,2023-11-23 17:00:00,4555.78,THESIS_EXIT,LOSS,-5.99,18.59,12.33187,0.406,0.27
BTCUSD_BASE_998,BTCUSD,LONG,2023-11-20 16:00:00,2023-11-20 23:00:00,23,22:00–24:00 (Late Night NY Close),False,OFFLINE_MISSED,59891.41,58699.23725,2023-11-27 12:00:00,62929.29,THESIS_EXIT,WIN,1050.76,476.8691,3037.88,0.796,5.072
US500_BASE_1000,US500,LONG,2023-11-24 22:00:00,2023-11-25 05:00:00,5,00:00–09:00 (Overnight/Asia),False,OFFLINE_MISSED,4568.52,4519.2255,2023-11-30 07:00:00,4574.43,THESIS_EXIT,LOSS,-10.43,5.91,14.78835,0.129,0.324
XAUUSD_BASE_1001,XAUUSD,LONG,2023-11-27 18:00:00,2023-11-28 01:00:00,1,00:00–09:00 (Overnight/Asia),False,OFFLINE_MISSED,2013.35,1999.0155,2023-11-30 13:00:00,2015.89,THESIS_EXIT,LOSS,-11.61,2.54,4.30035,0.126,0.214
BTCUSD_BASE_1003,BTCUSD,LONG,2023-12-02 08:00:00,2023-12-02 15:00:00,15,09:00–16:00 (Day/London Open),True,ONLINE_CAPTURED,63065.21,62059.21525,2023-12-03 05:00:00,62352.36,THESIS_EXIT,LOSS,-262.0,712.85,301.79842,1.13,0.479
US500_BASE_1002,US500,SHORT,2023-12-01 07:00:00,2023-12-01 14:00:00,14,09:00–16:00 (Day/London Open),True,ONLINE_CAPTURED,4567.15,4607.4695,2023-12-04 07:00:00,4581.94,THESIS_EXIT,LOSS,-17.68,14.79,12.09585,0.324,0.265
XAUUSD_BASE_1004,XAUUSD,LONG,2023-12-04 09:00:00,2023-12-04 16:00:00,16,16:00–17:00 (Dinner Break),False,OFFLINE_MISSED,2042.0,2031.28425,2023-12-06 07:00:00,2035.56,THESIS_EXIT,LOSS,-14.75,6.44,3.21473,0.315,0.157
US500_BASE_1006,US500,SHORT,2023-12-06 09:00:00,2023-12-06 16:00:00,16,16:00–17:00 (Dinner Break),False,OFFLINE_MISSED,4489.77,4531.12225,2023-12-06 11:00:00,4531.12225,STOP_LOSS_TOUCH,LOSS,-26.97,41.35225,12.40567,0.921,0.276
USDJPY_BASE_1005,USDJPY,SHORT,2023-12-05 12:00:00,2023-12-05 19:00:00,19,17:00–22:00 (Evening/NY Overlap),True,ONLINE_CAPTURED,129.83,130.92325,2023-12-07 12:00:00,130.07,THESIS_EXIT,LOSS,-17.9,0.24,0.32798,0.185,0.253
GBPUSD_BASE_1007,GBPUSD,SHORT,2023-12-07 01:00:00,2023-12-07 08:00:00,8,00:00–09:00 (Overnight/Asia),False,OFFLINE_MISSED,1.02313,1.03213,2023-12-15 07:00:00,1.01465,THESIS_EXIT,WIN,284.3,0.0036,0.00848,0.352,0.829
US500_BASE_1009,US500,SHORT,2023-12-15 10:00:00,2023-12-15 17:00:00,17,17:00–22:00 (Evening/NY Overlap),True,ONLINE_CAPTURED,4397.41,4434.68625,2023-12-15 22:00:00,4412.26,THESIS_EXIT,LOSS,-17.7,14.85,11.18287,0.338,0.254
XAUUSD_BASE_1008,XAUUSD,SHORT,2023-12-07 19:00:00,2023-12-08 02:00:00,2,00:00–09:00 (Overnight/Asia),False,OFFLINE_MISSED,2044.95,2056.02025,2023-12-17 23:00:00,2016.39,THESIS_EXIT,LOSS,-2.5,28.56,3.32107,1.397,0.162
GBPUSD_BASE_1010,GBPUSD,LONG,2023-12-18 01:00:00,2023-12-18 08:00:00,8,00:00–09:00 (Overnight/Asia),False,OFFLINE_MISSED,1.01492,1.00392,2023-12-20 06:00:00,1.01218,THESIS_EXIT,LOSS,-108.4,0.00274,0.0033,0.27,0.325
BTCUSD_BASE_1011,BTCUSD,LONG,2023-12-18 02:00:00,2023-12-18 09:00:00,9,09:00–16:00 (Day/London Open),True,ONLINE_CAPTURED,67464.07,66648.198,2023-12-20 16:00:00,68119.84,THESIS_EXIT,WIN,217.02,326.3488,655.77,0.484,0.972
XAUUSD_BASE_1013,XAUUSD,LONG,2023-12-20 23:00:00,2023-12-21 06:00:00,6,00:00–09:00 (Overnight/Asia),False,OFFLINE_MISSED,2020.42,2008.44775,2023-12-21 05:00:00,2014.29,THESIS_EXIT,LOSS,-14.65,6.13,3.59168,0.303,0.178
US500_BASE_1012,US500,SHORT,2023-12-20 19:00:00,2023-12-21 02:00:00,2,00:00–09:00 (Overnight/Asia),False,OFFLINE_MISSED,4427.18,4472.0295,2023-12-21 08:00:00,4449.87,THESIS_EXIT,LOSS,-20.44,22.69,13.45485,0.513,0.304
US500_BASE_1014,US500,LONG,2023-12-22 12:00:00,2023-12-22 19:00:00,19,17:00–22:00 (Evening/NY Overlap),True,ONLINE_CAPTURED,4449.26,4404.30825,2023-12-22 13:00:00,4423.7,THESIS_EXIT,LOSS,-21.45,25.56,13.48553,0.574,0.303
BTCUSD_BASE_1015,BTCUSD,LONG,2023-12-23 11:00:00,2023-12-23 18:00:00,18,17:00–22:00 (Evening/NY Overlap),True,ONLINE_CAPTURED,71165.9,70404.048,2023-12-24 20:00:00,71071.32,THESIS_EXIT,LOSS,-45.6,94.58,228.5556,0.133,0.321
XAUUSD_BASE_1017,XAUUSD,LONG,2023-12-25 11:00:00,2023-12-25 18:00:00,18,17:00–22:00 (Evening/NY Overlap),True,ONLINE_CAPTURED,2046.44,2035.99025,2023-12-25 16:00:00,2035.99025,STOP_LOSS_TOUCH,LOSS,-16.16,10.44975,3.13492,0.511,0.153
USDJPY_BASE_1018,USDJPY,LONG,2023-12-27 02:00:00,2023-12-27 09:00:00,9,09:00–16:00 (Day/London Open),True,ONLINE_CAPTURED,128.83,127.8195,2023-12-27 11:00:00,127.8195,STOP_LOSS_TOUCH,LOSS,-35.24,1.0105,0.30315,0.784,0.235
GBPUSD_BASE_1016,GBPUSD,LONG,2023-12-25 10:00:00,2023-12-25 17:00:00,17,17:00–22:00 (Evening/NY Overlap),True,ONLINE_CAPTURED,1.02842,1.01942,2024-01-01 09:00:00,1.04237,THESIS_EXIT,WIN,475.75,0.0036,0.01395,0.35,1.356
US500_BASE_1020,US500,LONG,2024-01-01 10:00:00,2024-01-01 17:00:00,17,17:00–22:00 (Evening/NY Overlap),True,ONLINE_CAPTURED,4367.03,4325.39275,2024-01-02 05:00:00,4347.06,THESIS_EXIT,LOSS,-19.49,19.97,12.49117,0.457,0.286
USDJPY_BASE_1019,USDJPY,SHORT,2023-12-27 19:00:00,2023-12-28 02:00:00,2,00:00–09:00 (Overnight/Asia),False,OFFLINE_MISSED,128.24,129.34875,2024-01-04 03:00:00,125.86,THESIS_EXIT,WIN,41.05,0.4435,2.38,0.346,1.856
GBPUSD_BASE_1021,GBPUSD,SHORT,2024-01-02 20:00:00,2024-01-03 03:00:00,3,00:00–09:00 (Overnight/Asia),False,OFFLINE_MISSED,1.02954,1.03679,2024-01-04 16:00:00,1.02699,THESIS_EXIT,WIN,76.75,0.0029,0.00255,0.282,0.248
GBPUSD_BASE_1023,GBPUSD,LONG,2024-01-05 08:00:00,2024-01-05 15:00:00,15,09:00–16:00 (Day/London Open),True,ONLINE_CAPTURED,1.02732,1.01832,2024-01-05 11:00:00,1.02261,THESIS_EXIT,LOSS,-177.35,0.00471,0.0027,0.458,0.263
USDJPY_BASE_1022,USDJPY,LONG,2024-01-04 15:00:00,2024-01-04 22:00:00,22,22:00–24:00 (Late Night NY Close),False,OFFLINE_MISSED,125.85,124.5945,2024-01-05 12:00:00,126.2,THESIS_EXIT,LOSS,-4.62,0.35,0.37665,0.278,0.299
BTCUSD_BASE_1025,BTCUSD,LONG,2024-01-07 14:00:00,2024-01-07 21:00:00,21,17:00–22:00 (Evening/NY Overlap),True,ONLINE_CAPTURED,67081.72,66087.4405,2024-01-08 13:00:00,66655.34,THESIS_EXIT,LOSS,-161.73,426.38,298.28385,0.636,0.445
XAUUSD_BASE_1024,XAUUSD,LONG,2024-01-05 13:00:00,2024-01-05 20:00:00,20,17:00–22:00 (Evening/NY Overlap),True,ONLINE_CAPTURED,2075.16,2057.10075,2024-01-09 01:00:00,2074.44,THESIS_EXIT,LOSS,-12.75,0.72,5.41777,0.035,0.261
GBPUSD_BASE_1026,GBPUSD,LONG,2024-01-08 13:00:00,2024-01-08 20:00:00,20,17:00–22:00 (Evening/NY Overlap),True,ONLINE_CAPTURED,1.02441,1.01316,2024-01-09 13:00:00,1.01945,THESIS_EXIT,LOSS,-186.1,0.00496,0.00337,0.484,0.329
XAUUSD_BASE_1028,XAUUSD,LONG,2024-01-10 02:00:00,2024-01-10 09:00:00,9,09:00–16:00 (Day/London Open),True,ONLINE_CAPTURED,2090.03,2074.3645,2024-01-10 10:00:00,2083.76,THESIS_EXIT,LOSS,-14.69,6.27,4.69965,0.3,0.225
BTCUSD_BASE_1029,BTCUSD,LONG,2024-01-10 10:00:00,2024-01-10 17:00:00,17,17:00–22:00 (Evening/NY Overlap),True,ONLINE_CAPTURED,67754.84,67000.25275,2024-01-10 14:00:00,67000.25275,STOP_LOSS_TOUCH,LOSS,-276.61,754.58725,226.37617,1.114,0.334
US500_BASE_1027,US500,LONG,2024-01-09 08:00:00,2024-01-09 15:00:00,15,09:00–16:00 (Day/London Open),True,ONLINE_CAPTURED,4458.45,4415.354,2024-01-12 09:00:00,4459.6,THESIS_EXIT,LOSS,-12.1,1.15,12.9288,0.026,0.29
GBPUSD_BASE_1030,GBPUSD,SHORT,2024-01-10 14:00:00,2024-01-10 21:00:00,21,17:00–22:00 (Evening/NY Overlap),True,ONLINE_CAPTURED,1.01296,1.02546,2024-01-12 13:00:00,1.01147,THESIS_EXIT,WIN,39.65,0.005,0.00149,0.494,0.147
BTCUSD_BASE_1031,BTCUSD,SHORT,2024-01-12 09:00:00,2024-01-12 16:00:00,16,16:00–17:00 (Dinner Break),False,OFFLINE_MISSED,65622.35,66510.89,2024-01-12 13:00:00,66328.97,THESIS_EXIT,LOSS,-259.82,706.62,266.562,1.077,0.406
BTCUSD_BASE_1033,BTCUSD,SHORT,2024-01-14 16:00:00,2024-01-14 23:00:00,23,22:00–24:00 (Late Night NY Close),False,OFFLINE_MISSED,65655.44,66564.7815,2024-01-15 12:00:00,66564.7815,STOP_LOSS_TOUCH,LOSS,-330.77,909.3415,272.80245,1.385,0.416
USDJPY_BASE_1032,USDJPY,SHORT,2024-01-12 17:00:00,2024-01-13 00:00:00,0,00:00–09:00 (Overnight/Asia),False,OFFLINE_MISSED,122.11,123.25025,2024-01-15 20:00:00,122.19,THESIS_EXIT,LOSS,-14.3,0.08,0.34207,0.066,0.28
GBPUSD_BASE_1035,GBPUSD,SHORT,2024-01-16 14:00:00,2024-01-16 21:00:00,21,17:00–22:00 (Evening/NY Overlap),True,ONLINE_CAPTURED,1.00085,1.0141,2024-01-17 12:00:00,1.00586,THESIS_EXIT,LOSS,-187.85,0.00501,0.00397,0.501,0.397
XAUUSD_BASE_1034,XAUUSD,SHORT,2024-01-16 13:00:00,2024-01-16 20:00:00,20,17:00–22:00 (Evening/NY Overlap),True,ONLINE_CAPTURED,2068.02,2083.43325,2024-01-18 09:00:00,2066.59,THESIS_EXIT,LOSS,-12.0,1.43,4.62398,0.069,0.224
GBPUSD_BASE_1036,GBPUSD,LONG,2024-01-17 14:00:00,2024-01-17 21:00:00,21,17:00–22:00 (Evening/NY Overlap),True,ONLINE_CAPTURED,1.0051,0.9931,2024-01-19 03:00:00,1.00578,THESIS_EXIT,WIN,11.3,0.0048,0.00068,0.478,0.068
US500_BASE_1038,US500,LONG,2024-01-22 08:00:00,2024-01-22 15:00:00,15,09:00–16:00 (Day/London Open),True,ONLINE_CAPTURED,4609.02,4565.97025,2024-01-23 09:00:00,4590.09,THESIS_EXIT,LOSS,-19.13,18.93,12.91493,0.411,0.28
BTCUSD_BASE_1037,BTCUSD,LONG,2024-01-18 14:00:00,2024-01-18 21:00:00,21,17:00–22:00 (Evening/NY Overlap),True,ONLINE_CAPTURED,68033.31,67032.802,2024-01-23 13:00:00,69786.14,THESIS_EXIT,WIN,600.99,400.2032,1752.83,0.588,2.576
US500_BASE_1040,US500,SHORT,2024-01-23 20:00:00,2024-01-24 03:00:00,3,00:00–09:00 (Overnight/Asia),False,OFFLINE_MISSED,4592.01,4634.76275,2024-01-24 07:00:00,4634.76275,STOP_LOSS_TOUCH,LOSS,-27.46,42.75275,12.82582,0.931,0.279
GBPUSD_BASE_1039,GBPUSD,LONG,2024-01-23 18:00:00,2024-01-24 01:00:00,1,00:00–09:00 (Overnight/Asia),False,OFFLINE_MISSED,1.01437,1.00637,2024-01-24 22:00:00,1.01576,THESIS_EXIT,WIN,36.15,0.0032,0.00139,0.315,0.137
XAUUSD_BASE_1041,XAUUSD,LONG,2024-01-24 16:00:00,2024-01-24 23:00:00,23,22:00–24:00 (Late Night NY Close),False,OFFLINE_MISSED,2066.89,2050.5255,2024-01-25 08:00:00,2050.5255,STOP_LOSS_TOUCH,LOSS,-18.23,16.3645,4.90935,0.792,0.238
USDJPY_BASE_1043,USDJPY,LONG,2024-01-26 02:00:00,2024-01-26 09:00:00,9,09:00–16:00 (Day/London Open),True,ONLINE_CAPTURED,119.98,119.077,2024-01-29 22:00:00,120.78,THESIS_EXIT,WIN,5.5,0.3612,0.8,0.301,0.667
GBPUSD_BASE_1042,GBPUSD,SHORT,2024-01-25 09:00:00,2024-01-25 16:00:00,16,16:00–17:00 (Dinner Break),False,OFFLINE_MISSED,1.01712,1.02637,2024-01-31 09:00:00,1.0126,THESIS_EXIT,WIN,145.7,0.0037,0.00452,0.364,0.444
US500_BASE_1044,US500,LONG,2024-01-30 01:00:00,2024-01-30 08:00:00,8,00:00–09:00 (Overnight/Asia),False,OFFLINE_MISSED,4622.03,4574.27775,2024-01-31 12:00:00,4614.78,THESIS_EXIT,LOSS,-15.04,7.25,14.32567,0.157,0.31
US500_BASE_1046,US500,LONG,2024-02-01 22:00:00,2024-02-02 05:00:00,5,00:00–09:00 (Overnight/Asia),False,OFFLINE_MISSED,4625.35,4584.459,2024-02-02 05:00:00,4594.12,THESIS_EXIT,LOSS,-23.43,31.23,12.2673,0.675,0.265
XAUUSD_BASE_1045,XAUUSD,SHORT,2024-01-31 15:00:00,2024-01-31 22:00:00,22,22:00–24:00 (Late Night NY Close),False,OFFLINE_MISSED,2065.31,2086.22125,2024-02-05 08:00:00,2050.98,THESIS_EXIT,LOSS,-7.48,14.33,6.27338,0.694,0.304
BTCUSD_BASE_1047,BTCUSD,SHORT,2024-02-03 20:00:00,2024-02-04 03:00:00,3,00:00–09:00 (Overnight/Asia),False,OFFLINE_MISSED,67891.79,68630.556,2024-02-05 10:00:00,67776.65,THESIS_EXIT,WIN,27.8,295.5064,115.14,0.435,0.17
XAUUSD_BASE_1048,XAUUSD,LONG,2024-02-05 23:00:00,2024-02-06 06:00:00,6,00:00–09:00 (Overnight/Asia),False,OFFLINE_MISSED,2050.79,2033.3855,2024-02-06 07:00:00,2041.2,THESIS_EXIT,LOSS,-15.86,9.59,5.22135,0.468,0.255
XAUUSD_BASE_1050,XAUUSD,SHORT,2024-02-06 15:00:00,2024-02-06 22:00:00,22,22:00–24:00 (Late Night NY Close),False,OFFLINE_MISSED,2039.13,2057.166,2024-02-07 08:00:00,2049.32,THESIS_EXIT,LOSS,-16.07,10.19,5.4108,0.5,0.265
US500_BASE_1051,US500,LONG,2024-02-07 14:00:00,2024-02-07 21:00:00,21,17:00–22:00 (Evening/NY Overlap),True,ONLINE_CAPTURED,4476.4,4437.16625,2024-02-08 08:00:00,4457.1,THESIS_EXIT,LOSS,-19.25,19.3,11.77013,0.431,0.263
BTCUSD_BASE_1049,BTCUSD,LONG,2024-02-06 09:00:00,2024-02-06 16:00:00,16,16:00–17:00 (Dinner Break),False,OFFLINE_MISSED,68210.74,67251.85525,2024-02-08 09:00:00,68388.7,THESIS_EXIT,WIN,49.79,383.5539,177.96,0.562,0.261
GBPUSD_BASE_1052,GBPUSD,LONG,2024-02-08 12:00:00,2024-02-08 19:00:00,19,17:00–22:00 (Evening/NY Overlap),True,ONLINE_CAPTURED,1.02542,1.01442,2024-02-08 19:00:00,1.01952,THESIS_EXIT,LOSS,-219.0,0.0059,0.0033,0.575,0.322
BTCUSD_BASE_1053,BTCUSD,SHORT,2024-02-09 13:00:00,2024-02-09 20:00:00,20,17:00–22:00 (Evening/NY Overlap),True,ONLINE_CAPTURED,68084.81,69002.459,2024-02-11 07:00:00,68388.13,THESIS_EXIT,LOSS,-118.66,303.32,275.2947,0.446,0.404
USDJPY_BASE_1055,USDJPY,SHORT,2024-02-12 10:00:00,2024-02-12 17:00:00,17,17:00–22:00 (Evening/NY Overlap),True,ONLINE_CAPTURED,122.23,123.3655,2024-02-12 15:00:00,123.3655,STOP_LOSS_TOUCH,LOSS,-38.05,1.1355,0.34065,0.929,0.279
US500_BASE_1056,US500,LONG,2024-02-13 12:00:00,2024-02-13 19:00:00,19,17:00–22:00 (Evening/NY Overlap),True,ONLINE_CAPTURED,4610.68,4576.86675,2024-02-13 20:00:00,4576.86675,STOP_LOSS_TOUCH,LOSS,-24.33,33.81325,10.14398,0.733,0.22
BTCUSD_BASE_1054,BTCUSD,LONG,2024-02-11 19:00:00,2024-02-12 02:00:00,2,00:00–09:00 (Overnight/Asia),False,OFFLINE_MISSED,68146.96,67290.76375,2024-02-15 10:00:00,68401.13,THESIS_EXIT,WIN,76.46,342.4785,254.17,0.503,0.373
US500_BASE_1057,US500,LONG,2024-02-14 18:00:00,2024-02-15 01:00:00,1,00:00–09:00 (Overnight/Asia),False,OFFLINE_MISSED,4606.93,4560.37025,2024-02-15 11:00:00,4580.45,THESIS_EXIT,LOSS,-21.77,26.48,13.96793,0.575,0.303
USDJPY_BASE_1059,USDJPY,SHORT,2024-02-16 12:00:00,2024-02-16 19:00:00,19,17:00–22:00 (Evening/NY Overlap),True,ONLINE_CAPTURED,121.1,122.27525,2024-02-19 12:00:00,120.77,THESIS_EXIT,LOSS,-5.08,0.33,0.35258,0.273,0.291
GBPUSD_BASE_1058,GBPUSD,LONG,2024-02-15 17:00:00,2024-02-16 00:00:00,0,00:00–09:00 (Overnight/Asia),False,OFFLINE_MISSED,1.01807,1.00682,2024-02-21 07:00:00,1.0205,THESIS_EXIT,WIN,72.55,0.0045,0.00243,0.442,0.239
XAUUSD_BASE_1060,XAUUSD,LONG,2024-02-20 06:00:00,2024-02-20 13:00:00,13,09:00–16:00 (Day/London Open),True,ONLINE_CAPTURED,2088.44,2075.193,2024-02-21 09:00:00,2083.55,THESIS_EXIT,LOSS,-14.21,4.89,3.9741,0.234,0.19
XAUUSD_BASE_1061,XAUUSD,SHORT,2024-02-21 18:00:00,2024-02-22 01:00:00,1,00:00–09:00 (Overnight/Asia),False,OFFLINE_MISSED,2089.35,2107.6165,2024-02-22 08:00:00,2095.7,THESIS_EXIT,LOSS,-14.72,6.35,5.47995,0.304,0.262
BTCUSD_BASE_1063,BTCUSD,LONG,2024-02-22 09:00:00,2024-02-22 16:00:00,16,16:00–17:00 (Dinner Break),False,OFFLINE_MISSED,67081.02,66191.33225,2024-02-23 01:00:00,66713.71,THESIS_EXIT,LOSS,-141.06,367.31,266.90632,0.548,0.398
USDJPY_BASE_1062,USDJPY,SHORT,2024-02-22 05:00:00,2024-02-22 12:00:00,12,09:00–16:00 (Day/London Open),True,ONLINE_CAPTURED,119.0,119.82075,2024-02-23 10:00:00,119.38,THESIS_EXIT,LOSS,-21.05,0.38,0.24623,0.319,0.207
BTCUSD_BASE_1064,BTCUSD,SHORT,2024-02-24 13:00:00,2024-02-24 20:00:00,20,17:00–22:00 (Evening/NY Overlap),True,ONLINE_CAPTURED,66102.42,67096.52925,2024-02-25 14:00:00,66210.65,THESIS_EXIT,LOSS,-50.38,108.23,298.23277,0.164,0.451
USDJPY_BASE_1066,USDJPY,LONG,2024-02-27 03:00:00,2024-02-27 10:00:00,10,09:00–16:00 (Day/London Open),True,ONLINE_CAPTURED,120.33,119.129,2024-02-27 07:00:00,119.5,THESIS_EXIT,LOSS,-31.17,0.83,0.3603,0.69,0.299
XAUUSD_BASE_1067,XAUUSD,LONG,2024-02-27 07:00:00,2024-02-27 14:00:00,14,09:00–16:00 (Day/London Open),True,ONLINE_CAPTURED,2102.65,2089.75825,2024-02-27 08:00:00,2089.75825,STOP_LOSS_TOUCH,LOSS,-17.01,12.89175,3.86752,0.613,0.184
BTCUSD_BASE_1068,BTCUSD,LONG,2024-02-27 11:00:00,2024-02-27 18:00:00,18,17:00–22:00 (Evening/NY Overlap),True,ONLINE_CAPTURED,66948.65,66178.78875,2024-02-27 15:00:00,66178.78875,STOP_LOSS_TOUCH,LOSS,-281.95,769.86125,230.95838,1.15,0.345
US500_BASE_1065,US500,LONG,2024-02-26 23:00:00,2024-02-27 06:00:00,6,00:00–09:00 (Overnight/Asia),False,OFFLINE_MISSED,4583.16,4528.1765,2024-02-27 17:00:00,4551.16,THESIS_EXIT,LOSS,-23.7,32.0,16.49505,0.698,0.36
XAUUSD_BASE_1069,XAUUSD,SHORT,2024-02-28 06:00:00,2024-02-28 13:00:00,13,09:00–16:00 (Day/London Open),True,ONLINE_CAPTURED,2094.02,2110.309,2024-02-28 12:00:00,2110.309,STOP_LOSS_TOUCH,LOSS,-18.2,16.289,4.8867,0.778,0.233
BTCUSD_BASE_1070,BTCUSD,SHORT,2024-02-28 12:00:00,2024-02-28 19:00:00,19,17:00–22:00 (Evening/NY Overlap),True,ONLINE_CAPTURED,66208.26,67072.3585,2024-03-02 12:00:00,65965.08,THESIS_EXIT,WIN,72.61,345.6394,243.18,0.522,0.367
USDJPY_BASE_1071,USDJPY,SHORT,2024-02-28 14:00:00,2024-02-28 21:00:00,21,17:00–22:00 (Evening/NY Overlap),True,ONLINE_CAPTURED,119.15,120.10375,2024-03-04 09:00:00,119.74,THESIS_EXIT,LOSS,-25.77,0.59,0.28612,0.495,0.24
BTCUSD_BASE_1072,BTCUSD,SHORT,2024-03-04 00:00:00,2024-03-04 07:00:00,7,00:00–09:00 (Overnight/Asia),False,OFFLINE_MISSED,65430.15,66407.91775,2024-03-04 20:00:00,66407.91775,STOP_LOSS_TOUCH,LOSS,-354.72,977.76775,293.33033,1.494,0.448
BTCUSD_BASE_1074,BTCUSD,LONG,2024-03-06 16:00:00,2024-03-06 23:00:00,23,22:00–24:00 (Late Night NY Close),False,OFFLINE_MISSED,67865.12,66864.057,2024-03-07 04:00:00,67190.41,THESIS_EXIT,LOSS,-248.65,674.71,300.3189,0.994,0.443
USDJPY_BASE_1073,USDJPY,LONG,2024-03-06 13:00:00,2024-03-06 20:00:00,20,17:00–22:00 (Evening/NY Overlap),True,ONLINE_CAPTURED,120.87,119.6385,2024-03-07 10:00:00,120.17,THESIS_EXIT,LOSS,-28.25,0.7,0.36945,0.579,0.306
BTCUSD_BASE_1075,BTCUSD,SHORT,2024-03-07 14:00:00,2024-03-07 21:00:00,21,17:00–22:00 (Evening/NY Overlap),True,ONLINE_CAPTURED,67118.45,68207.1205,2024-03-08 07:00:00,67526.57,THESIS_EXIT,LOSS,-155.34,408.12,326.60115,0.608,0.487
BTCUSD_BASE_1076,BTCUSD,LONG,2024-03-08 20:00:00,2024-03-09 03:00:00,3,00:00–09:00 (Overnight/Asia),False,OFFLINE_MISSED,67461.95,66498.01475,2024-03-10 03:00:00,66963.32,THESIS_EXIT,LOSS,-187.02,498.63,289.18057,0.739,0.429
US500_BASE_1077,US500,LONG,2024-03-10 22:00:00,2024-03-11 05:00:00,5,00:00–09:00 (Overnight/Asia),False,OFFLINE_MISSED,4396.68,4355.65025,2024-03-11 02:00:00,4375.8,THESIS_EXIT,LOSS,-19.81,20.88,12.30892,0.475,0.28
USDJPY_BASE_1079,USDJPY,LONG,2024-03-11 19:00:00,2024-03-12 02:00:00,2,00:00–09:00 (Overnight/Asia),False,OFFLINE_MISSED,119.36,118.17,2024-03-12 13:00:00,118.68,THESIS_EXIT,LOSS,-27.8,0.68,0.357,0.57,0.299
GBPUSD_BASE_1078,GBPUSD,SHORT,2024-03-11 06:00:00,2024-03-11 13:00:00,13,09:00–16:00 (Day/London Open),True,ONLINE_CAPTURED,1.04407,1.05332,2024-03-13 19:00:00,1.02864,THESIS_EXIT,WIN,527.55,0.0037,0.01543,0.354,1.478
USDJPY_BASE_1081,USDJPY,SHORT,2024-03-14 08:00:00,2024-03-14 15:00:00,15,09:00–16:00 (Day/London Open),True,ONLINE_CAPTURED,119.78,120.734,2024-03-14 16:00:00,120.56,THESIS_EXIT,LOSS,-30.05,0.78,0.2862,0.651,0.239
BTCUSD_BASE_1080,BTCUSD,LONG,2024-03-13 14:00:00,2024-03-13 21:00:00,21,17:00–22:00 (Evening/NY Overlap),True,ONLINE_CAPTURED,69531.44,68243.141,2024-03-16 02:00:00,69590.64,THESIS_EXIT,WIN,8.22,515.3196,59.2,0.741,0.085
GBPUSD_BASE_1083,GBPUSD,LONG,2024-03-19 01:00:00,2024-03-19 08:00:00,8,00:00–09:00 (Overnight/Asia),False,OFFLINE_MISSED,1.03321,1.02371,2024-03-20 07:00:00,1.03012,THESIS_EXIT,LOSS,-120.65,0.00309,0.00285,0.299,0.276
USDJPY_BASE_1082,USDJPY,SHORT,2024-03-19 01:00:00,2024-03-19 08:00:00,8,00:00–09:00 (Overnight/Asia),False,OFFLINE_MISSED,118.66,119.80375,2024-03-21 13:00:00,118.14,THESIS_EXIT,LOSS,-0.8,0.52,0.34312,0.438,0.289
BTCUSD_BASE_1084,BTCUSD,LONG,2024-03-21 19:00:00,2024-03-22 02:00:00,2,00:00–09:00 (Overnight/Asia),False,OFFLINE_MISSED,72058.01,70908.18875,2024-03-23 06:00:00,71823.55,THESIS_EXIT,LOSS,-94.56,234.46,344.94637,0.325,0.479
BTCUSD_BASE_1086,BTCUSD,SHORT,2024-03-24 14:00:00,2024-03-24 21:00:00,21,17:00–22:00 (Evening/NY Overlap),True,ONLINE_CAPTURED,72085.15,73064.578,2024-03-27 03:00:00,70510.82,THESIS_EXIT,WIN,538.52,391.7712,1574.33,0.543,2.184
BTCUSD_BASE_1087,BTCUSD,LONG,2024-03-28 03:00:00,2024-03-28 10:00:00,10,09:00–16:00 (Day/London Open),True,ONLINE_CAPTURED,70782.83,69903.47575,2024-03-28 13:00:00,69903.47575,STOP_LOSS_TOUCH,LOSS,-320.27,879.35425,263.80628,1.242,0.373
BTCUSD_BASE_1088,BTCUSD,SHORT,2024-03-29 07:00:00,2024-03-29 14:00:00,14,09:00–16:00 (Day/London Open),True,ONLINE_CAPTURED,70031.11,70922.65775,2024-03-29 12:00:00,70562.86,THESIS_EXIT,LOSS,-198.61,531.75,267.46432,0.759,0.382
US500_BASE_1089,US500,LONG,2024-03-29 14:00:00,2024-03-29 21:00:00,21,17:00–22:00 (Evening/NY Overlap),True,ONLINE_CAPTURED,4478.1,4424.32275,2024-04-01 09:00:00,4452.32,THESIS_EXIT,LOSS,-21.52,25.78,16.13318,0.576,0.36
US500_BASE_1090,US500,SHORT,2024-04-01 14:00:00,2024-04-01 21:00:00,21,17:00–22:00 (Evening/NY Overlap),True,ONLINE_CAPTURED,4455.08,4499.5295,2024-04-02 01:00:00,4484.97,THESIS_EXIT,LOSS,-22.96,29.89,13.33485,0.671,0.299
USDJPY_BASE_1091,USDJPY,SHORT,2024-04-02 09:00:00,2024-04-02 16:00:00,16,16:00–17:00 (Dinner Break),False,OFFLINE_MISSED,116.51,117.538,2024-04-02 14:00:00,117.538,STOP_LOSS_TOUCH,LOSS,-35.63,1.028,0.3084,0.882,0.265
US500_BASE_1092,US500,LONG,2024-04-03 14:00:00,2024-04-03 21:00:00,21,17:00–22:00 (Evening/NY Overlap),True,ONLINE_CAPTURED,4522.91,4480.65525,2024-04-03 16:00:00,4480.65525,STOP_LOSS_TOUCH,LOSS,-27.29,42.25475,12.67643,0.934,0.28
GBPUSD_BASE_1093,GBPUSD,LONG,2024-04-04 18:00:00,2024-04-05 01:00:00,1,00:00–09:00 (Overnight/Asia),False,OFFLINE_MISSED,1.03988,1.03013,2024-04-05 09:00:00,1.03514,THESIS_EXIT,LOSS,-178.4,0.00474,0.00292,0.456,0.281
XAUUSD_BASE_1085,XAUUSD,LONG,2024-03-22 18:00:00,2024-03-23 01:00:00,1,00:00–09:00 (Overnight/Asia),False,OFFLINE_MISSED,2198.35,2179.99775,2024-04-05 12:00:00,2252.51,THESIS_EXIT,WIN,6.46,7.3409,54.16,0.334,2.464
USDJPY_BASE_1094,USDJPY,SHORT,2024-04-05 19:00:00,2024-04-06 02:00:00,2,00:00–09:00 (Overnight/Asia),False,OFFLINE_MISSED,115.88,117.09225,2024-04-08 08:00:00,116.48,THESIS_EXIT,LOSS,-26.0,0.6,0.36367,0.518,0.314
US500_BASE_1096,US500,LONG,2024-04-08 22:00:00,2024-04-09 05:00:00,5,00:00–09:00 (Overnight/Asia),False,OFFLINE_MISSED,4591.37,4546.00525,2024-04-09 02:00:00,4567.08,THESIS_EXIT,LOSS,-21.0,24.29,13.60942,0.529,0.296
GBPUSD_BASE_1095,GBPUSD,SHORT,2024-04-08 06:00:00,2024-04-08 13:00:00,13,09:00–16:00 (Day/London Open),True,ONLINE_CAPTURED,1.03382,1.04307,2024-04-11 14:00:00,1.02828,THESIS_EXIT,WIN,181.4,0.0037,0.00554,0.358,0.536
BTCUSD_BASE_1098,BTCUSD,SHORT,2024-04-12 09:00:00,2024-04-12 16:00:00,16,16:00–17:00 (Dinner Break),False,OFFLINE_MISSED,73256.94,74187.59875,2024-04-13 00:00:00,73854.08,THESIS_EXIT,LOSS,-221.5,597.14,279.19763,0.815,0.381
BTCUSD_BASE_1099,BTCUSD,LONG,2024-04-13 12:00:00,2024-04-13 19:00:00,19,17:00–22:00 (Evening/NY Overlap),True,ONLINE_CAPTURED,73860.47,72970.6295,2024-04-14 06:00:00,73464.2,THESIS_EXIT,LOSS,-151.19,396.27,266.95215,0.537,0.361
XAUUSD_BASE_1097,XAUUSD,LONG,2024-04-09 08:00:00,2024-04-09 15:00:00,15,09:00–16:00 (Day/London Open),True,ONLINE_CAPTURED,2272.74,2253.26125,2024-04-16 11:00:00,2325.37,THESIS_EXIT,WIN,5.92,7.7915,52.63,0.343,2.316
BTCUSD_BASE_1100,BTCUSD,SHORT,2024-04-15 19:00:00,2024-04-16 02:00:00,2,00:00–09:00 (Overnight/Asia),False,OFFLINE_MISSED,73699.53,74752.2675,2024-04-18 10:00:00,72552.73,THESIS_EXIT,WIN,388.88,421.095,1146.8,0.571,1.556
XAUUSD_BASE_1101,XAUUSD,LONG,2024-04-17 07:00:00,2024-04-17 14:00:00,14,09:00–16:00 (Day/London Open),True,ONLINE_CAPTURED,2342.83,2326.241,2024-04-19 01:00:00,2352.1,THESIS_EXIT,LOSS,-9.26,9.27,4.9767,0.396,0.212
US500_BASE_1102,US500,SHORT,2024-04-19 04:00:00,2024-04-19 11:00:00,11,09:00–16:00 (Day/London Open),True,ONLINE_CAPTURED,4611.13,4648.49675,2024-04-19 09:00:00,4639.16,THESIS_EXIT,LOSS,-22.31,28.03,11.21003,0.608,0.243
GBPUSD_BASE_1103,GBPUSD,SHORT,2024-04-19 07:00:00,2024-04-19 14:00:00,14,09:00–16:00 (Day/London Open),True,ONLINE_CAPTURED,1.01351,1.02276,2024-04-19 12:00:00,1.02071,THESIS_EXIT,LOSS,-264.5,0.0072,0.00277,0.71,0.274
USDJPY_BASE_1104,USDJPY,SHORT,2024-04-19 13:00:00,2024-04-19 20:00:00,20,17:00–22:00 (Evening/NY Overlap),True,ONLINE_CAPTURED,113.67,114.774,2024-04-19 16:00:00,114.774,STOP_LOSS_TOUCH,LOSS,-37.34,1.104,0.3312,0.971,0.291
BTCUSD_BASE_1105,BTCUSD,SHORT,2024-04-21 21:00:00,2024-04-22 04:00:00,4,00:00–09:00 (Overnight/Asia),False,OFFLINE_MISSED,72396.96,73168.64625,2024-04-22 05:00:00,73168.64625,STOP_LOSS_TOUCH,LOSS,-282.59,771.68625,231.50587,1.066,0.32
GBPUSD_BASE_1106,GBPUSD,SHORT,2024-04-22 06:00:00,2024-04-22 13:00:00,13,09:00–16:00 (Day/London Open),True,ONLINE_CAPTURED,1.00632,1.01582,2024-04-22 16:00:00,1.01356,THESIS_EXIT,LOSS,-265.9,0.00724,0.00285,0.719,0.283
US500_BASE_1107,US500,LONG,2024-04-22 15:00:00,2024-04-22 22:00:00,22,22:00–24:00 (Late Night NY Close),False,OFFLINE_MISSED,4665.4,4611.8415,2024-04-22 23:00:00,4629.64,THESIS_EXIT,LOSS,-25.02,35.76,16.06755,0.766,0.344
GBPUSD_BASE_1109,GBPUSD,LONG,2024-04-23 16:00:00,2024-04-23 23:00:00,23,22:00–24:00 (Late Night NY Close),False,OFFLINE_MISSED,1.01576,1.00326,2024-04-24 16:00:00,1.01205,THESIS_EXIT,LOSS,-142.35,0.00371,0.00375,0.365,0.369
XAUUSD_BASE_1108,XAUUSD,SHORT,2024-04-22 16:00:00,2024-04-22 23:00:00,23,22:00–24:00 (Late Night NY Close),False,OFFLINE_MISSED,2325.85,2349.2495,2024-04-25 14:00:00,2323.39,THESIS_EXIT,LOSS,-11.64,2.46,7.01985,0.106,0.302
BTCUSD_BASE_1111,BTCUSD,LONG,2024-04-26 15:00:00,2024-04-26 22:00:00,22,22:00–24:00 (Late Night NY Close),False,OFFLINE_MISSED,72702.28,71797.78175,2024-04-29 10:00:00,74367.69,THESIS_EXIT,WIN,570.39,361.7993,1665.41,0.498,2.291
XAUUSD_BASE_1110,XAUUSD,LONG,2024-04-26 13:00:00,2024-04-26 20:00:00,20,17:00–22:00 (Evening/NY Overlap),True,ONLINE_CAPTURED,2328.97,2313.96075,2024-04-29 23:00:00,2322.61,THESIS_EXIT,LOSS,-14.73,6.36,4.50278,0.273,0.193
USDJPY_BASE_1113,USDJPY,LONG,2024-04-30 08:00:00,2024-04-30 15:00:00,15,09:00–16:00 (Day/London Open),True,ONLINE_CAPTURED,114.72,113.8775,2024-04-30 09:00:00,114.07,THESIS_EXIT,LOSS,-27.13,0.65,0.25275,0.567,0.22
BTCUSD_BASE_1112,BTCUSD,SHORT,2024-04-29 19:00:00,2024-04-30 02:00:00,2,00:00–09:00 (Overnight/Asia),False,OFFLINE_MISSED,74658.64,75554.69975,2024-05-02 08:00:00,74818.0,THESIS_EXIT,LOSS,-68.28,159.36,268.81793,0.213,0.36
XAUUSD_BASE_1114,XAUUSD,LONG,2024-05-01 00:00:00,2024-05-01 07:00:00,7,00:00–09:00 (Overnight/Asia),False,OFFLINE_MISSED,2336.37,2321.02625,2024-05-02 08:00:00,2343.69,THESIS_EXIT,LOSS,-9.94,7.32,4.60312,0.313,0.197
BTCUSD_BASE_1116,BTCUSD,LONG,2024-05-05 13:00:00,2024-05-05 20:00:00,20,17:00–22:00 (Evening/NY Overlap),True,ONLINE_CAPTURED,77264.65,76440.44625,2024-05-06 04:00:00,76881.53,THESIS_EXIT,LOSS,-146.59,383.12,247.26113,0.496,0.32
GBPUSD_BASE_1115,GBPUSD,LONG,2024-05-03 01:00:00,2024-05-03 08:00:00,8,00:00–09:00 (Overnight/Asia),False,OFFLINE_MISSED,1.04135,1.02935,2024-05-07 10:00:00,1.0506,THESIS_EXIT,WIN,311.25,0.0048,0.00925,0.461,0.888
BTCUSD_BASE_1118,BTCUSD,SHORT,2024-05-07 21:00:00,2024-05-08 04:00:00,4,00:00–09:00 (Overnight/Asia),False,OFFLINE_MISSED,76938.89,77743.167,2024-05-08 07:00:00,77743.167,STOP_LOSS_TOUCH,LOSS,-294.0,804.277,241.2831,1.045,0.314
US500_BASE_1117,US500,LONG,2024-05-06 05:00:00,2024-05-06 12:00:00,12,09:00–16:00 (Day/London Open),True,ONLINE_CAPTURED,4682.57,4640.173,2024-05-08 23:00:00,4706.07,THESIS_EXIT,LOSS,-4.28,23.5,12.7191,0.502,0.272
XAUUSD_BASE_1120,XAUUSD,LONG,2024-05-09 04:00:00,2024-05-09 11:00:00,11,09:00–16:00 (Day/London Open),True,ONLINE_CAPTURED,2327.86,2314.84,2024-05-09 06:00:00,2319.43,THESIS_EXIT,LOSS,-15.45,8.43,3.906,0.362,0.168
GBPUSD_BASE_1119,GBPUSD,SHORT,2024-05-08 09:00:00,2024-05-08 16:00:00,16,16:00–17:00 (Dinner Break),False,OFFLINE_MISSED,1.04906,1.05681,2024-05-09 07:00:00,1.05332,THESIS_EXIT,LOSS,-161.6,0.00426,0.00232,0.406,0.222
US500_BASE_1121,US500,SHORT,2024-05-10 05:00:00,2024-05-10 12:00:00,12,09:00–16:00 (Day/London Open),True,ONLINE_CAPTURED,4678.2,4715.665,2024-05-10 09:00:00,4715.665,STOP_LOSS_TOUCH,LOSS,-25.61,37.465,11.2395,0.801,0.24
BTCUSD_BASE_1123,BTCUSD,LONG,2024-05-10 09:00:00,2024-05-10 16:00:00,16,16:00–17:00 (Dinner Break),False,OFFLINE_MISSED,79713.87,78852.058,2024-05-10 15:00:00,78852.058,STOP_LOSS_TOUCH,LOSS,-314.13,861.812,258.5436,1.081,0.324
XAUUSD_BASE_1122,XAUUSD,LONG,2024-05-10 09:00:00,2024-05-10 16:00:00,16,16:00–17:00 (Dinner Break),False,OFFLINE_MISSED,2340.74,2323.3235,2024-05-13 12:00:00,2334.42,THESIS_EXIT,LOSS,-14.71,6.32,5.22495,0.27,0.223
USDJPY_BASE_1124,USDJPY,LONG,2024-05-13 11:00:00,2024-05-13 18:00:00,18,17:00–22:00 (Evening/NY Overlap),True,ONLINE_CAPTURED,107.79,106.743,2024-05-13 23:00:00,106.743,STOP_LOSS_TOUCH,LOSS,-36.06,1.047,0.3141,0.971,0.291
US500_BASE_1125,US500,LONG,2024-05-13 19:00:00,2024-05-14 02:00:00,2,00:00–09:00 (Overnight/Asia),False,OFFLINE_MISSED,4692.18,4657.31425,2024-05-14 04:00:00,4671.83,THESIS_EXIT,LOSS,-19.62,20.35,10.45972,0.434,0.223
GBPUSD_BASE_1126,GBPUSD,SHORT,2024-05-14 16:00:00,2024-05-14 23:00:00,23,22:00–24:00 (Late Night NY Close),False,OFFLINE_MISSED,1.02616,1.03791,2024-05-15 22:00:00,1.02783,THESIS_EXIT,LOSS,-70.95,0.00167,0.00352,0.163,0.344
XAUUSD_BASE_1127,XAUUSD,LONG,2024-05-15 19:00:00,2024-05-16 02:00:00,2,00:00–09:00 (Overnight/Asia),False,OFFLINE_MISSED,2345.19,2326.25425,2024-05-15 23:00:00,2333.48,THESIS_EXIT,LOSS,-16.6,11.71,5.68073,0.499,0.242
BTCUSD_BASE_1129,BTCUSD,LONG,2024-05-16 14:00:00,2024-05-16 21:00:00,21,17:00–22:00 (Evening/NY Overlap),True,ONLINE_CAPTURED,80287.38,79387.9045,2024-05-17 14:00:00,79856.66,THESIS_EXIT,LOSS,-163.25,430.72,269.84265,0.536,0.336
USDJPY_BASE_1128,USDJPY,SHORT,2024-05-16 13:00:00,2024-05-16 20:00:00,20,17:00–22:00 (Evening/NY Overlap),True,ONLINE_CAPTURED,104.96,106.0935,2024-05-17 19:00:00,105.04,THESIS_EXIT,LOSS,-14.3,0.08,0.34005,0.076,0.324
XAUUSD_BASE_1131,XAUUSD,SHORT,2024-05-21 13:00:00,2024-05-21 20:00:00,20,17:00–22:00 (Evening/NY Overlap),True,ONLINE_CAPTURED,2322.65,2339.49075,2024-05-22 02:00:00,2333.49,THESIS_EXIT,LOSS,-16.29,10.84,5.05222,0.467,0.218
USDJPY_BASE_1130,USDJPY,LONG,2024-05-20 22:00:00,2024-05-21 05:00:00,5,00:00–09:00 (Overnight/Asia),False,OFFLINE_MISSED,106.2,105.14175,2024-05-22 15:00:00,106.16,THESIS_EXIT,LOSS,-13.4,0.04,0.31748,0.038,0.299
XAUUSD_BASE_1133,XAUUSD,SHORT,2024-05-23 06:00:00,2024-05-23 13:00:00,13,09:00–16:00 (Day/London Open),True,ONLINE_CAPTURED,2323.92,2336.89275,2024-05-23 14:00:00,2336.89275,STOP_LOSS_TOUCH,LOSS,-17.04,12.97275,3.89182,0.558,0.167
US500_BASE_1132,US500,LONG,2024-05-22 02:00:00,2024-05-22 09:00:00,9,09:00–16:00 (Day/London Open),True,ONLINE_CAPTURED,4723.45,4681.258,2024-05-24 10:00:00,4747.61,THESIS_EXIT,LOSS,-4.04,24.16,12.6576,0.511,0.268
USDJPY_BASE_1134,USDJPY,SHORT,2024-05-23 16:00:00,2024-05-23 23:00:00,23,22:00–24:00 (Late Night NY Close),False,OFFLINE_MISSED,106.33,107.495,2024-05-27 17:00:00,106.35,THESIS_EXIT,LOSS,-12.95,0.02,0.3495,0.019,0.329
XAUUSD_BASE_1136,XAUUSD,LONG,2024-05-28 09:00:00,2024-05-28 16:00:00,16,16:00–17:00 (Dinner Break),False,OFFLINE_MISSED,2359.11,2344.564,2024-05-28 11:00:00,2344.564,STOP_LOSS_TOUCH,LOSS,-17.59,14.546,4.3638,0.617,0.185
USDJPY_BASE_1137,USDJPY,LONG,2024-05-28 16:00:00,2024-05-28 23:00:00,23,22:00–24:00 (Late Night NY Close),False,OFFLINE_MISSED,107.28,105.99,2024-05-28 23:00:00,105.99,STOP_LOSS_TOUCH,LOSS,-41.53,1.29,0.387,1.202,0.361
BTCUSD_BASE_1135,BTCUSD,SHORT,2024-05-26 08:00:00,2024-05-26 15:00:00,15,09:00–16:00 (Day/London Open),True,ONLINE_CAPTURED,81683.18,82551.5435,2024-05-29 12:00:00,80793.12,THESIS_EXIT,WIN,299.02,347.3454,890.06,0.425,1.09
US500_BASE_1138,US500,SHORT,2024-05-29 01:00:00,2024-05-29 08:00:00,8,00:00–09:00 (Overnight/Asia),False,OFFLINE_MISSED,4768.31,4807.72975,2024-05-30 07:00:00,4777.74,THESIS_EXIT,LOSS,-15.8,9.43,11.82593,0.198,0.248
USDJPY_BASE_1139,USDJPY,SHORT,2024-05-29 16:00:00,2024-05-29 23:00:00,23,22:00–24:00 (Late Night NY Close),False,OFFLINE_MISSED,106.14,107.37475,2024-05-31 01:00:00,107.0,THESIS_EXIT,LOSS,-31.85,0.86,0.37043,0.81,0.349
BTCUSD_BASE_1140,BTCUSD,LONG,2024-05-30 11:00:00,2024-05-30 18:00:00,18,17:00–22:00 (Evening/NY Overlap),True,ONLINE_CAPTURED,81107.86,80069.152,2024-05-31 13:00:00,80806.42,THESIS_EXIT,LOSS,-118.0,301.44,311.6124,0.372,0.384
US500_BASE_1141,US500,LONG,2024-05-31 08:00:00,2024-05-31 15:00:00,15,09:00–16:00 (Day/London Open),True,ONLINE_CAPTURED,4797.17,4759.36025,2024-06-03 08:00:00,4786.77,THESIS_EXIT,LOSS,-16.14,10.4,11.34293,0.217,0.236
USDJPY_BASE_1142,USDJPY,LONG,2024-05-31 15:00:00,2024-05-31 22:00:00,22,22:00–24:00 (Late Night NY Close),False,OFFLINE_MISSED,107.21,106.35625,2024-06-03 15:00:00,106.35625,STOP_LOSS_TOUCH,LOSS,-31.71,0.85375,0.25613,0.796,0.239
BTCUSD_BASE_1143,BTCUSD,LONG,2024-06-03 13:00:00,2024-06-03 20:00:00,20,17:00–22:00 (Evening/NY Overlap),True,ONLINE_CAPTURED,82460.42,81446.57275,2024-06-03 22:00:00,81446.57275,STOP_LOSS_TOUCH,LOSS,-367.35,1013.84725,304.15418,1.229,0.369
USDJPY_BASE_1144,USDJPY,SHORT,2024-06-04 07:00:00,2024-06-04 14:00:00,14,09:00–16:00 (Day/London Open),True,ONLINE_CAPTURED,106.48,107.324,2024-06-04 14:00:00,107.324,STOP_LOSS_TOUCH,LOSS,-31.49,0.844,0.2532,0.793,0.238
XAUUSD_BASE_1145,XAUUSD,LONG,2024-06-04 16:00:00,2024-06-04 23:00:00,23,22:00–24:00 (Late Night NY Close),False,OFFLINE_MISSED,2331.35,2309.63475,2024-06-05 00:00:00,2318.17,THESIS_EXIT,LOSS,-17.11,13.18,6.51458,0.565,0.279
US500_BASE_1146,US500,SHORT,2024-06-04 18:00:00,2024-06-05 01:00:00,1,00:00–09:00 (Overnight/Asia),False,OFFLINE_MISSED,4764.45,4804.89525,2024-06-05 06:00:00,4780.41,THESIS_EXIT,LOSS,-18.09,15.96,12.13357,0.335,0.255
XAUUSD_BASE_1148,XAUUSD,SHORT,2024-06-05 12:00:00,2024-06-05 19:00:00,19,17:00–22:00 (Evening/NY Overlap),True,ONLINE_CAPTURED,2323.79,2338.44125,2024-06-07 13:00:00,2306.97,THESIS_EXIT,LOSS,-6.61,16.82,4.39537,0.724,0.189
US500_BASE_1149,US500,LONG,2024-06-07 14:00:00,2024-06-07 21:00:00,21,17:00–22:00 (Evening/NY Overlap),True,ONLINE_CAPTURED,4861.94,4813.5155,2024-06-07 21:00:00,4822.52,THESIS_EXIT,LOSS,-26.3,39.42,14.52735,0.811,0.299
BTCUSD_BASE_1150,BTCUSD,SHORT,2024-06-07 22:00:00,2024-06-08 05:00:00,5,00:00–09:00 (Overnight/Asia),False,OFFLINE_MISSED,82183.43,83128.76575,2024-06-08 23:00:00,82224.08,THESIS_EXIT,LOSS,-26.73,40.65,283.60072,0.049,0.345
BTCUSD_BASE_1151,BTCUSD,LONG,2024-06-09 06:00:00,2024-06-09 13:00:00,13,09:00–16:00 (Day/London Open),True,ONLINE_CAPTURED,81974.66,81170.66825,2024-06-10 07:00:00,81528.71,THESIS_EXIT,LOSS,-168.58,445.95,241.19753,0.544,0.294
GBPUSD_BASE_1152,GBPUSD,LONG,2024-06-10 12:00:00,2024-06-10 19:00:00,19,17:00–22:00 (Evening/NY Overlap),True,ONLINE_CAPTURED,1.06147,1.05322,2024-06-13 01:00:00,1.06815,THESIS_EXIT,WIN,221.3,0.0033,0.00668,0.311,0.629
USDJPY_BASE_1147,USDJPY,LONG,2024-06-05 04:00:00,2024-06-05 11:00:00,11,09:00–16:00 (Day/London Open),True,ONLINE_CAPTURED,106.98,105.99375,2024-06-13 19:00:00,110.38,THESIS_EXIT,WIN,64.0,0.3945,3.4,0.369,3.178
XAUUSD_BASE_1153,XAUUSD,SHORT,2024-06-14 05:00:00,2024-06-14 12:00:00,12,09:00–16:00 (Day/London Open),True,ONLINE_CAPTURED,2259.44,2277.339,2024-06-17 11:00:00,2259.36,THESIS_EXIT,LOSS,-12.47,0.08,5.3697,0.004,0.238
USDJPY_BASE_1155,USDJPY,SHORT,2024-06-18 12:00:00,2024-06-18 19:00:00,19,17:00–22:00 (Evening/NY Overlap),True,ONLINE_CAPTURED,107.46,108.45675,2024-06-18 14:00:00,108.45675,STOP_LOSS_TOUCH,LOSS,-34.93,0.99675,0.29903,0.928,0.278
XAUUSD_BASE_1156,XAUUSD,SHORT,2024-06-18 14:00:00,2024-06-18 21:00:00,21,17:00–22:00 (Evening/NY Overlap),True,ONLINE_CAPTURED,2253.82,2271.93175,2024-06-18 16:00:00,2266.93,THESIS_EXIT,LOSS,-17.09,13.11,5.43353,0.582,0.241
US500_BASE_1154,US500,SHORT,2024-06-14 18:00:00,2024-06-15 01:00:00,1,00:00–09:00 (Overnight/Asia),False,OFFLINE_MISSED,4768.55,4810.645,2024-06-20 10:00:00,4700.6,THESIS_EXIT,WIN,11.28,16.838,67.95,0.353,1.425
BTCUSD_BASE_1157,BTCUSD,LONG,2024-06-18 22:00:00,2024-06-19 05:00:00,5,00:00–09:00 (Overnight/Asia),False,OFFLINE_MISSED,83802.82,82666.97525,2024-06-24 14:00:00,86960.17,THESIS_EXIT,WIN,1092.57,454.3379,3157.35,0.542,3.768
XAUUSD_BASE_1158,XAUUSD,LONG,2024-06-20 11:00:00,2024-06-20 18:00:00,18,17:00–22:00 (Evening/NY Overlap),True,ONLINE_CAPTURED,2268.13,2251.3835,2024-06-25 16:00:00,2301.03,THESIS_EXIT,LOSS,-0.98,32.9,5.02395,1.451,0.222
USDJPY_BASE_1160,USDJPY,LONG,2024-06-25 19:00:00,2024-06-26 02:00:00,2,00:00–09:00 (Overnight/Asia),False,OFFLINE_MISSED,109.69,108.502,2024-06-26 11:00:00,109.13,THESIS_EXIT,LOSS,-25.1,0.56,0.3564,0.511,0.325
BTCUSD_BASE_1159,BTCUSD,SHORT,2024-06-24 21:00:00,2024-06-25 04:00:00,4,00:00–09:00 (Overnight/Asia),False,OFFLINE_MISSED,87061.86,87935.178,2024-06-26 14:00:00,87595.38,THESIS_EXIT,LOSS,-199.23,533.52,261.9954,0.613,0.301
XAUUSD_BASE_1161,XAUUSD,SHORT,2024-06-27 06:00:00,2024-06-27 13:00:00,13,09:00–16:00 (Day/London Open),True,ONLINE_CAPTURED,2297.67,2314.68775,2024-06-28 11:00:00,2305.93,THESIS_EXIT,LOSS,-15.39,8.26,5.10532,0.359,0.222
BTCUSD_BASE_1162,BTCUSD,LONG,2024-06-27 20:00:00,2024-06-28 03:00:00,3,00:00–09:00 (Overnight/Asia),False,OFFLINE_MISSED,88127.27,87137.97025,2024-06-29 07:00:00,87885.02,THESIS_EXIT,LOSS,-97.29,242.25,296.78993,0.275,0.337
BTCUSD_BASE_1164,BTCUSD,SHORT,2024-06-30 01:00:00,2024-06-30 08:00:00,8,00:00–09:00 (Overnight/Asia),False,OFFLINE_MISSED,88121.54,88867.38375,2024-07-01 00:00:00,88501.03,THESIS_EXIT,LOSS,-145.32,379.49,223.75312,0.431,0.254
US500_BASE_1163,US500,LONG,2024-06-28 14:00:00,2024-06-28 21:00:00,21,17:00–22:00 (Evening/NY Overlap),True,ONLINE_CAPTURED,4767.12,4703.5265,2024-07-01 05:00:00,4736.63,THESIS_EXIT,LOSS,-23.17,30.49,19.07805,0.64,0.4
BTCUSD_BASE_1165,BTCUSD,SHORT,2024-07-02 12:00:00,2024-07-02 19:00:00,19,17:00–22:00 (Evening/NY Overlap),True,ONLINE_CAPTURED,87839.24,88690.0315,2024-07-03 07:00:00,87991.85,THESIS_EXIT,LOSS,-65.91,152.61,255.23745,0.174,0.291
US500_BASE_1166,US500,LONG,2024-07-02 15:00:00,2024-07-02 22:00:00,22,22:00–24:00 (Late Night NY Close),False,OFFLINE_MISSED,4776.38,4725.6365,2024-07-03 14:00:00,4772.95,THESIS_EXIT,LOSS,-13.7,3.43,15.22305,0.072,0.319
USDJPY_BASE_1168,USDJPY,SHORT,2024-07-05 21:00:00,2024-07-06 04:00:00,4,00:00–09:00 (Overnight/Asia),False,OFFLINE_MISSED,110.58,111.62825,2024-07-08 06:00:00,111.17,THESIS_EXIT,LOSS,-25.78,0.59,0.31447,0.534,0.284
BTCUSD_BASE_1169,BTCUSD,LONG,2024-07-08 14:00:00,2024-07-08 21:00:00,21,17:00–22:00 (Evening/NY Overlap),True,ONLINE_CAPTURED,86964.61,86127.99375,2024-07-09 08:00:00,86945.26,THESIS_EXIT,LOSS,-19.27,19.35,250.98488,0.022,0.289
US500_BASE_1167,US500,LONG,2024-07-05 02:00:00,2024-07-05 09:00:00,9,09:00–16:00 (Day/London Open),True,ONLINE_CAPTURED,4768.59,4728.701,2024-07-09 12:00:00,4766.08,THESIS_EXIT,LOSS,-13.38,2.51,11.9667,0.053,0.251
USDJPY_BASE_1170,USDJPY,LONG,2024-07-10 07:00:00,2024-07-10 14:00:00,14,09:00–16:00 (Day/London Open),True,ONLINE_CAPTURED,110.49,109.562,2024-07-11 09:00:00,110.37,THESIS_EXIT,LOSS,-15.2,0.12,0.2784,0.109,0.252
BTCUSD_BASE_1171,BTCUSD,SHORT,2024-07-10 20:00:00,2024-07-11 03:00:00,3,00:00–09:00 (Overnight/Asia),False,OFFLINE_MISSED,86066.78,87005.9835,2024-07-12 06:00:00,86235.48,THESIS_EXIT,LOSS,-71.54,168.7,281.76105,0.196,0.327
US500_BASE_1172,US500,SHORT,2024-07-12 05:00:00,2024-07-12 12:00:00,12,09:00–16:00 (Day/London Open),True,ONLINE_CAPTURED,4766.7,4807.07425,2024-07-12 09:00:00,4807.07425,STOP_LOSS_TOUCH,LOSS,-26.63,40.37425,12.11227,0.847,0.254
USDJPY_BASE_1173,USDJPY,SHORT,2024-07-12 15:00:00,2024-07-12 22:00:00,22,22:00–24:00 (Late Night NY Close),False,OFFLINE_MISSED,109.43,110.51125,2024-07-15 09:00:00,110.15,THESIS_EXIT,LOSS,-28.7,0.72,0.32437,0.658,0.296
USDJPY_BASE_1175,USDJPY,LONG,2024-07-16 16:00:00,2024-07-16 23:00:00,23,22:00–24:00 (Late Night NY Close),False,OFFLINE_MISSED,110.3,109.05175,2024-07-17 10:00:00,109.68,THESIS_EXIT,LOSS,-26.45,0.62,0.37447,0.562,0.34
BTCUSD_BASE_1174,BTCUSD,LONG,2024-07-14 05:00:00,2024-07-14 12:00:00,12,09:00–16:00 (Day/London Open),True,ONLINE_CAPTURED,85846.86,84986.71925,2024-07-18 09:00:00,87595.15,THESIS_EXIT,WIN,599.4,344.0563,1748.29,0.401,2.037
GBPUSD_BASE_1177,GBPUSD,SHORT,2024-07-19 14:00:00,2024-07-19 21:00:00,21,17:00–22:00 (Evening/NY Overlap),True,ONLINE_CAPTURED,0.97806,0.98756,2024-07-22 10:00:00,0.98538,THESIS_EXIT,LOSS,-268.7,0.00732,0.00285,0.748,0.291
USDJPY_BASE_1176,USDJPY,SHORT,2024-07-17 23:00:00,2024-07-18 06:00:00,6,00:00–09:00 (Overnight/Asia),False,OFFLINE_MISSED,110.16,111.25925,2024-07-23 02:00:00,108.56,THESIS_EXIT,WIN,23.5,0.4397,1.6,0.399,1.452
XAUUSD_BASE_1178,XAUUSD,LONG,2024-07-23 09:00:00,2024-07-23 16:00:00,16,16:00–17:00 (Dinner Break),False,OFFLINE_MISSED,2484.62,2465.53325,2024-07-23 13:00:00,2465.53325,STOP_LOSS_TOUCH,LOSS,-19.18,19.08675,5.72602,0.768,0.23
GBPUSD_BASE_1179,GBPUSD,LONG,2024-07-23 12:00:00,2024-07-23 19:00:00,19,17:00–22:00 (Evening/NY Overlap),True,ONLINE_CAPTURED,0.99077,0.98077,2024-07-23 14:00:00,0.98077,STOP_LOSS_TOUCH,LOSS,-362.5,0.01,0.003,1.009,0.303
USDJPY_BASE_1181,USDJPY,SHORT,2024-07-24 07:00:00,2024-07-24 14:00:00,14,09:00–16:00 (Day/London Open),True,ONLINE_CAPTURED,107.48,108.4745,2024-07-24 14:00:00,108.4745,STOP_LOSS_TOUCH,LOSS,-34.88,0.9945,0.29835,0.925,0.278
BTCUSD_BASE_1182,BTCUSD,LONG,2024-07-25 12:00:00,2024-07-25 19:00:00,19,17:00–22:00 (Evening/NY Overlap),True,ONLINE_CAPTURED,87548.38,86639.1075,2024-07-25 14:00:00,86781.82,THESIS_EXIT,LOSS,-280.8,766.56,272.78175,0.876,0.312
XAUUSD_BASE_1180,XAUUSD,SHORT,2024-07-24 02:00:00,2024-07-24 09:00:00,9,09:00–16:00 (Day/London Open),True,ONLINE_CAPTURED,2477.43,2493.8395,2024-07-25 15:00:00,2473.29,THESIS_EXIT,LOSS,-11.05,4.14,4.92285,0.167,0.199
USDJPY_BASE_1184,USDJPY,SHORT,2024-07-26 10:00:00,2024-07-26 17:00:00,17,17:00–22:00 (Evening/NY Overlap),True,ONLINE_CAPTURED,106.95,107.787,2024-07-30 04:00:00,106.53,THESIS_EXIT,LOSS,-3.05,0.42,0.2511,0.393,0.235
XAUUSD_BASE_1183,XAUUSD,LONG,2024-07-26 04:00:00,2024-07-26 11:00:00,11,09:00–16:00 (Day/London Open),True,ONLINE_CAPTURED,2472.13,2452.789,2024-07-30 16:00:00,2465.0,THESIS_EXIT,LOSS,-15.0,7.13,5.8023,0.288,0.235
US500_BASE_1185,US500,LONG,2024-07-31 00:00:00,2024-07-31 07:00:00,7,00:00–09:00 (Overnight/Asia),False,OFFLINE_MISSED,4843.54,4801.46075,2024-07-31 15:00:00,4815.65,THESIS_EXIT,LOSS,-22.26,27.89,12.62377,0.576,0.261
BTCUSD_BASE_1186,BTCUSD,SHORT,2024-07-31 12:00:00,2024-07-31 19:00:00,19,17:00–22:00 (Evening/NY Overlap),True,ONLINE_CAPTURED,88039.22,89053.6225,2024-07-31 21:00:00,88507.4,THESIS_EXIT,LOSS,-176.36,468.18,304.32075,0.532,0.346
GBPUSD_BASE_1187,GBPUSD,SHORT,2024-08-01 07:00:00,2024-08-01 14:00:00,14,09:00–16:00 (Day/London Open),True,ONLINE_CAPTURED,1.01094,1.01944,2024-08-01 10:00:00,1.01818,THESIS_EXIT,LOSS,-265.9,0.00724,0.00255,0.716,0.252
USDJPY_BASE_1188,USDJPY,LONG,2024-08-01 12:00:00,2024-08-01 19:00:00,19,17:00–22:00 (Evening/NY Overlap),True,ONLINE_CAPTURED,108.71,107.59925,2024-08-02 13:00:00,108.74,THESIS_EXIT,LOSS,-11.82,0.03,0.33322,0.028,0.307
XAUUSD_BASE_1190,XAUUSD,SHORT,2024-08-02 15:00:00,2024-08-02 22:00:00,22,22:00–24:00 (Late Night NY Close),False,OFFLINE_MISSED,2458.01,2476.5745,2024-08-02 20:00:00,2470.97,THESIS_EXIT,LOSS,-17.04,12.96,5.56935,0.527,0.227
BTCUSD_BASE_1189,BTCUSD,LONG,2024-08-01 23:00:00,2024-08-02 06:00:00,6,00:00–09:00 (Overnight/Asia),False,OFFLINE_MISSED,88706.3,87913.70725,2024-08-04 05:00:00,89558.23,THESIS_EXIT,WIN,285.68,317.0371,851.93,0.357,0.96
US500_BASE_1192,US500,SHORT,2024-08-06 14:00:00,2024-08-06 21:00:00,21,17:00–22:00 (Evening/NY Overlap),True,ONLINE_CAPTURED,4823.16,4872.866,2024-08-06 22:00:00,4854.58,THESIS_EXIT,LOSS,-23.5,31.42,14.9118,0.651,0.309
GBPUSD_BASE_1191,GBPUSD,LONG,2024-08-06 00:00:00,2024-08-06 07:00:00,7,00:00–09:00 (Overnight/Asia),False,OFFLINE_MISSED,1.02354,1.01429,2024-08-07 16:00:00,1.02719,THESIS_EXIT,WIN,115.25,0.0037,0.00365,0.361,0.357
XAUUSD_BASE_1193,XAUUSD,SHORT,2024-08-06 22:00:00,2024-08-07 05:00:00,5,00:00–09:00 (Overnight/Asia),False,OFFLINE_MISSED,2448.85,2465.82225,2024-08-08 17:00:00,2446.33,THESIS_EXIT,LOSS,-11.62,2.52,5.09167,0.103,0.208
USDJPY_BASE_1194,USDJPY,LONG,2024-08-08 12:00:00,2024-08-08 19:00:00,19,17:00–22:00 (Evening/NY Overlap),True,ONLINE_CAPTURED,110.01,108.94775,2024-08-09 13:00:00,109.29,THESIS_EXIT,LOSS,-28.7,0.72,0.31868,0.654,0.29
GBPUSD_BASE_1195,GBPUSD,LONG,2024-08-09 06:00:00,2024-08-09 13:00:00,13,09:00–16:00 (Day/London Open),True,ONLINE_CAPTURED,1.02463,1.01513,2024-08-12 11:00:00,1.02487,THESIS_EXIT,LOSS,-4.1,0.00024,0.00285,0.023,0.278
XAUUSD_BASE_1196,XAUUSD,LONG,2024-08-09 15:00:00,2024-08-09 22:00:00,22,22:00–24:00 (Late Night NY Close),False,OFFLINE_MISSED,2456.39,2441.33975,2024-08-13 07:00:00,2449.68,THESIS_EXIT,LOSS,-14.85,6.71,4.51507,0.273,0.184
GBPUSD_BASE_1197,GBPUSD,SHORT,2024-08-13 23:00:00,2024-08-14 06:00:00,6,00:00–09:00 (Overnight/Asia),False,OFFLINE_MISSED,1.02312,1.03237,2024-08-14 12:00:00,1.03237,STOP_LOSS_TOUCH,LOSS,-336.25,0.00925,0.00277,0.904,0.271
USDJPY_BASE_1198,USDJPY,LONG,2024-08-14 15:00:00,2024-08-14 22:00:00,22,22:00–24:00 (Late Night NY Close),False,OFFLINE_MISSED,110.56,109.519,2024-08-19 08:00:00,111.06,THESIS_EXIT,LOSS,-1.25,0.5,0.3123,0.452,0.282
US500_BASE_1199,US500,SHORT,2024-08-14 18:00:00,2024-08-15 01:00:00,1,00:00–09:00 (Overnight/Asia),False,OFFLINE_MISSED,4844.64,4881.972,2024-08-19 08:00:00,4823.11,THESIS_EXIT,LOSS,-4.96,21.53,11.1996,0.444,0.231
USDJPY_BASE_1201,USDJPY,SHORT,2024-08-19 20:00:00,2024-08-20 03:00:00,3,00:00–09:00 (Overnight/Asia),False,OFFLINE_MISSED,110.56,111.77875,2024-08-20 06:00:00,111.26,THESIS_EXIT,LOSS,-28.25,0.7,0.36562,0.633,0.331
BTCUSD_BASE_1200,BTCUSD,SHORT,2024-08-19 15:00:00,2024-08-19 22:00:00,22,22:00–24:00 (Late Night NY Close),False,OFFLINE_MISSED,89223.47,90365.77275,2024-08-20 10:00:00,89547.26,THESIS_EXIT,LOSS,-125.83,323.79,342.69083,0.363,0.384
XAUUSD_BASE_1203,XAUUSD,SHORT,2024-08-20 11:00:00,2024-08-20 18:00:00,18,17:00–22:00 (Evening/NY Overlap),True,ONLINE_CAPTURED,2464.33,2477.6175,2024-08-20 13:00:00,2473.12,THESIS_EXIT,LOSS,-15.58,8.79,3.98625,0.357,0.162
US500_BASE_1202,US500,LONG,2024-08-20 08:00:00,2024-08-20 15:00:00,15,09:00–16:00 (Day/London Open),True,ONLINE_CAPTURED,4831.75,4787.1105,2024-08-23 08:00:00,4841.25,THESIS_EXIT,LOSS,-9.18,9.5,13.39185,0.197,0.277
XAUUSD_BASE_1205,XAUUSD,LONG,2024-08-23 13:00:00,2024-08-23 20:00:00,20,17:00–22:00 (Evening/NY Overlap),True,ONLINE_CAPTURED,2498.27,2481.314,2024-08-23 17:00:00,2487.63,THESIS_EXIT,LOSS,-16.22,10.64,5.0868,0.426,0.204
BTCUSD_BASE_1204,BTCUSD,LONG,2024-08-20 16:00:00,2024-08-20 23:00:00,23,22:00–24:00 (Late Night NY Close),False,OFFLINE_MISSED,89151.41,88164.2415,2024-08-27 11:00:00,92765.67,THESIS_EXIT,WIN,1252.49,394.8674,3614.26,0.443,4.054
USDJPY_BASE_1206,USDJPY,LONG,2024-08-23 19:00:00,2024-08-24 02:00:00,2,00:00–09:00 (Overnight/Asia),False,OFFLINE_MISSED,111.22,110.3035,2024-08-27 13:00:00,110.97,THESIS_EXIT,LOSS,-18.12,0.25,0.27495,0.225,0.247
GBPUSD_BASE_1208,GBPUSD,SHORT,2024-08-29 11:00:00,2024-08-29 18:00:00,18,17:00–22:00 (Evening/NY Overlap),True,ONLINE_CAPTURED,1.03956,1.05181,2024-08-29 16:00:00,1.04694,THESIS_EXIT,LOSS,-270.8,0.00738,0.00368,0.71,0.354
USDJPY_BASE_1207,USDJPY,SHORT,2024-08-29 05:00:00,2024-08-29 12:00:00,12,09:00–16:00 (Day/London Open),True,ONLINE_CAPTURED,109.99,111.168,2024-08-30 16:00:00,110.12,THESIS_EXIT,LOSS,-15.43,0.13,0.3534,0.118,0.321
BTCUSD_BASE_1210,BTCUSD,LONG,2024-08-31 15:00:00,2024-08-31 22:00:00,22,22:00–24:00 (Late Night NY Close),False,OFFLINE_MISSED,93128.1,92109.36175,2024-09-01 05:00:00,92570.53,THESIS_EXIT,LOSS,-207.65,557.57,305.62147,0.599,0.328
US500_BASE_1209,US500,LONG,2024-08-30 07:00:00,2024-08-30 14:00:00,14,09:00–16:00 (Day/London Open),True,ONLINE_CAPTURED,4800.79,4766.17075,2024-09-02 02:00:00,4786.49,THESIS_EXIT,LOSS,-17.51,14.3,10.38577,0.298,0.216
GBPUSD_BASE_1211,GBPUSD,LONG,2024-09-01 22:00:00,2024-09-02 05:00:00,5,00:00–09:00 (Overnight/Asia),False,OFFLINE_MISSED,1.05088,1.03963,2024-09-02 11:00:00,1.04467,THESIS_EXIT,LOSS,-229.85,0.00621,0.00337,0.591,0.321
GBPUSD_BASE_1212,GBPUSD,SHORT,2024-09-02 18:00:00,2024-09-03 01:00:00,1,00:00–09:00 (Overnight/Asia),False,OFFLINE_MISSED,1.04663,1.05838,2024-09-03 12:00:00,1.05075,THESIS_EXIT,LOSS,-156.7,0.00412,0.00352,0.394,0.337
BTCUSD_BASE_1213,BTCUSD,LONG,2024-09-03 08:00:00,2024-09-03 15:00:00,15,09:00–16:00 (Day/London Open),True,ONLINE_CAPTURED,92314.7,91515.031,2024-09-04 05:00:00,91951.69,THESIS_EXIT,LOSS,-139.55,363.01,239.9007,0.393,0.26
US500_BASE_1214,US500,LONG,2024-09-03 12:00:00,2024-09-03 19:00:00,19,17:00–22:00 (Evening/NY Overlap),True,ONLINE_CAPTURED,4835.69,4796.38375,2024-09-04 07:00:00,4796.38375,STOP_LOSS_TOUCH,LOSS,-26.26,39.30625,11.79187,0.813,0.244
XAUUSD_BASE_1216,XAUUSD,LONG,2024-09-04 17:00:00,2024-09-05 00:00:00,0,00:00–09:00 (Overnight/Asia),False,OFFLINE_MISSED,2569.91,2555.80375,2024-09-05 09:00:00,2560.42,THESIS_EXIT,LOSS,-15.82,9.49,4.23187,0.369,0.165
USDJPY_BASE_1215,USDJPY,SHORT,2024-09-04 12:00:00,2024-09-04 19:00:00,19,17:00–22:00 (Evening/NY Overlap),True,ONLINE_CAPTURED,108.24,109.1695,2024-09-06 03:00:00,108.73,THESIS_EXIT,LOSS,-23.53,0.49,0.27885,0.453,0.258
BTCUSD_BASE_1217,BTCUSD,SHORT,2024-09-05 15:00:00,2024-09-05 22:00:00,22,22:00–24:00 (Late Night NY Close),False,OFFLINE_MISSED,90266.22,91153.2675,2024-09-07 05:00:00,90513.65,THESIS_EXIT,LOSS,-99.1,247.43,266.11425,0.274,0.295
BTCUSD_BASE_1218,BTCUSD,LONG,2024-09-08 03:00:00,2024-09-08 10:00:00,10,09:00–16:00 (Day/London Open),True,ONLINE_CAPTURED,91087.7,90271.08325,2024-09-08 08:00:00,90511.34,THESIS_EXIT,LOSS,-214.23,576.36,244.98503,0.633,0.269
USDJPY_BASE_1220,USDJPY,LONG,2024-09-09 16:00:00,2024-09-09 23:00:00,23,22:00–24:00 (Late Night NY Close),False,OFFLINE_MISSED,107.62,106.42175,2024-09-10 06:00:00,107.14,THESIS_EXIT,LOSS,-23.3,0.48,0.35948,0.446,0.334
GBPUSD_BASE_1219,GBPUSD,LONG,2024-09-09 05:00:00,2024-09-09 12:00:00,12,09:00–16:00 (Day/London Open),True,ONLINE_CAPTURED,1.03637,1.02562,2024-09-10 08:00:00,1.03325,THESIS_EXIT,LOSS,-121.7,0.00312,0.00323,0.301,0.311
GBPUSD_BASE_1222,GBPUSD,LONG,2024-09-11 08:00:00,2024-09-11 15:00:00,15,09:00–16:00 (Day/London Open),True,ONLINE_CAPTURED,1.03362,1.02612,2024-09-12 07:00:00,1.03153,THESIS_EXIT,LOSS,-85.65,0.00209,0.00225,0.202,0.218
XAUUSD_BASE_1221,XAUUSD,SHORT,2024-09-10 17:00:00,2024-09-11 00:00:00,0,00:00–09:00 (Overnight/Asia),False,OFFLINE_MISSED,2584.87,2600.90225,2024-09-13 09:00:00,2566.1,THESIS_EXIT,LOSS,-5.93,18.77,4.80968,0.726,0.186
BTCUSD_BASE_1223,BTCUSD,SHORT,2024-09-14 18:00:00,2024-09-15 01:00:00,1,00:00–09:00 (Overnight/Asia),False,OFFLINE_MISSED,87098.76,88019.017,2024-09-16 00:00:00,87459.38,THESIS_EXIT,LOSS,-138.72,360.62,276.0771,0.414,0.317
BTCUSD_BASE_1224,BTCUSD,LONG,2024-09-17 10:00:00,2024-09-17 17:00:00,17,17:00–22:00 (Evening/NY Overlap),True,ONLINE_CAPTURED,87038.08,86156.651,2024-09-18 15:00:00,86973.14,THESIS_EXIT,LOSS,-35.23,64.94,264.4287,0.075,0.304
US500_BASE_1225,US500,SHORT,2024-09-17 13:00:00,2024-09-17 20:00:00,20,17:00–22:00 (Evening/NY Overlap),True,ONLINE_CAPTURED,4990.72,5030.31025,2024-09-19 12:00:00,4952.72,THESIS_EXIT,WIN,0.8,15.8361,38.0,0.317,0.761
BTCUSD_BASE_1227,BTCUSD,LONG,2024-09-21 08:00:00,2024-09-21 15:00:00,15,09:00–16:00 (Day/London Open),True,ONLINE_CAPTURED,85769.98,85033.92725,2024-09-21 13:00:00,85033.92725,STOP_LOSS_TOUCH,LOSS,-270.12,736.05275,220.81583,0.858,0.257
XAUUSD_BASE_1226,XAUUSD,SHORT,2024-09-18 15:00:00,2024-09-18 22:00:00,22,22:00–24:00 (Late Night NY Close),False,OFFLINE_MISSED,2595.28,2616.88775,2024-09-23 02:00:00,2590.24,THESIS_EXIT,LOSS,-10.74,5.04,6.48233,0.194,0.25
XAUUSD_BASE_1228,XAUUSD,LONG,2024-09-24 15:00:00,2024-09-24 22:00:00,22,22:00–24:00 (Late Night NY Close),False,OFFLINE_MISSED,2598.71,2582.337,2024-09-24 22:00:00,2588.09,THESIS_EXIT,LOSS,-16.22,10.62,4.9119,0.409,0.189
BTCUSD_BASE_1229,BTCUSD,LONG,2024-09-24 20:00:00,2024-09-25 03:00:00,3,00:00–09:00 (Overnight/Asia),False,OFFLINE_MISSED,87361.49,86362.807,2024-09-25 22:00:00,86738.04,THESIS_EXIT,LOSS,-230.71,623.45,299.6049,0.714,0.343
BTCUSD_BASE_1231,BTCUSD,SHORT,2024-09-26 09:00:00,2024-09-26 16:00:00,16,16:00–17:00 (Dinner Break),False,OFFLINE_MISSED,86657.1,87427.86525,2024-09-27 19:00:00,86175.22,THESIS_EXIT,WIN,156.16,308.3061,481.88,0.356,0.556
USDJPY_BASE_1230,USDJPY,LONG,2024-09-26 00:00:00,2024-09-26 07:00:00,7,00:00–09:00 (Overnight/Asia),False,OFFLINE_MISSED,110.32,109.283,2024-09-27 20:00:00,111.47,THESIS_EXIT,WIN,13.38,0.4148,1.15,0.376,1.042
BTCUSD_BASE_1232,BTCUSD,LONG,2024-09-28 20:00:00,2024-09-29 03:00:00,3,00:00–09:00 (Overnight/Asia),False,OFFLINE_MISSED,86676.21,85997.2235,2024-09-29 13:00:00,86286.76,THESIS_EXIT,LOSS,-148.81,389.45,203.69595,0.449,0.235
USDJPY_BASE_1233,USDJPY,SHORT,2024-09-30 09:00:00,2024-09-30 16:00:00,16,16:00–17:00 (Dinner Break),False,OFFLINE_MISSED,111.96,112.82225,2024-10-01 05:00:00,112.37,THESIS_EXIT,LOSS,-21.73,0.41,0.25868,0.366,0.231
BTCUSD_BASE_1234,BTCUSD,SHORT,2024-09-30 09:00:00,2024-09-30 16:00:00,16,16:00–17:00 (Dinner Break),False,OFFLINE_MISSED,86223.02,86980.23725,2024-10-01 21:00:00,86570.94,THESIS_EXIT,LOSS,-134.27,347.92,227.16518,0.404,0.263
US500_BASE_1235,US500,LONG,2024-10-02 18:00:00,2024-10-03 01:00:00,1,00:00–09:00 (Overnight/Asia),False,OFFLINE_MISSED,4955.56,4906.24025,2024-10-03 14:00:00,4942.74,THESIS_EXIT,LOSS,-16.99,12.82,14.79592,0.259,0.299
US500_BASE_1237,US500,SHORT,2024-10-04 08:00:00,2024-10-04 15:00:00,15,09:00–16:00 (Day/London Open),True,ONLINE_CAPTURED,4937.66,4982.82525,2024-10-04 13:00:00,4982.82525,STOP_LOSS_TOUCH,LOSS,-28.31,45.16525,13.54958,0.915,0.274
BTCUSD_BASE_1238,BTCUSD,SHORT,2024-10-05 05:00:00,2024-10-05 12:00:00,12,09:00–16:00 (Day/London Open),True,ONLINE_CAPTURED,86209.92,87088.32625,2024-10-05 12:00:00,86644.28,THESIS_EXIT,LOSS,-164.53,434.36,263.52187,0.504,0.306
BTCUSD_BASE_1239,BTCUSD,LONG,2024-10-06 03:00:00,2024-10-06 10:00:00,10,09:00–16:00 (Day/London Open),True,ONLINE_CAPTURED,86494.49,85800.119,2024-10-10 10:00:00,88098.5,THESIS_EXIT,WIN,548.9,277.7484,1604.01,0.321,1.854
GBPUSD_BASE_1240,GBPUSD,LONG,2024-10-10 18:00:00,2024-10-11 01:00:00,1,00:00–09:00 (Overnight/Asia),False,OFFLINE_MISSED,1.00114,0.99089,2024-10-11 16:00:00,1.00051,THESIS_EXIT,LOSS,-34.55,0.00063,0.00307,0.063,0.307
US500_BASE_1241,US500,SHORT,2024-10-11 21:00:00,2024-10-12 04:00:00,4,00:00–09:00 (Overnight/Asia),False,OFFLINE_MISSED,5122.68,5159.57675,2024-10-14 01:00:00,5141.13,THESIS_EXIT,LOSS,-18.96,18.45,11.06902,0.36,0.216
GBPUSD_BASE_1242,GBPUSD,LONG,2024-10-14 19:00:00,2024-10-15 02:00:00,2,00:00–09:00 (Overnight/Asia),False,OFFLINE_MISSED,1.01271,1.00396,2024-10-15 08:00:00,1.0056,THESIS_EXIT,LOSS,-261.35,0.00711,0.00263,0.702,0.259
XAUUSD_BASE_1236,XAUUSD,LONG,2024-10-04 00:00:00,2024-10-04 07:00:00,7,00:00–09:00 (Overnight/Asia),False,OFFLINE_MISSED,2622.45,2606.525,2024-10-15 14:00:00,2740.72,THESIS_EXIT,WIN,28.89,6.37,118.27,0.243,4.51
BTCUSD_BASE_1243,BTCUSD,SHORT,2024-10-15 10:00:00,2024-10-15 17:00:00,17,17:00–22:00 (Evening/NY Overlap),True,ONLINE_CAPTURED,89460.21,90298.54375,2024-10-15 17:00:00,90111.55,THESIS_EXIT,LOSS,-240.47,651.34,251.50013,0.728,0.281
GBPUSD_BASE_1244,GBPUSD,SHORT,2024-10-15 20:00:00,2024-10-16 03:00:00,3,00:00–09:00 (Overnight/Asia),False,OFFLINE_MISSED,1.00628,1.01653,2024-10-16 07:00:00,1.01225,THESIS_EXIT,LOSS,-221.45,0.00597,0.00308,0.593,0.306
USDJPY_BASE_1245,USDJPY,SHORT,2024-10-16 10:00:00,2024-10-16 17:00:00,17,17:00–22:00 (Evening/NY Overlap),True,ONLINE_CAPTURED,108.15,109.43875,2024-10-16 15:00:00,108.96,THESIS_EXIT,LOSS,-30.72,0.81,0.38662,0.749,0.357
XAUUSD_BASE_1247,XAUUSD,SHORT,2024-10-17 03:00:00,2024-10-17 10:00:00,10,09:00–16:00 (Day/London Open),True,ONLINE_CAPTURED,2739.04,2756.43675,2024-10-17 07:00:00,2749.14,THESIS_EXIT,LOSS,-16.03,10.1,5.21902,0.369,0.191
BTCUSD_BASE_1248,BTCUSD,LONG,2024-10-17 09:00:00,2024-10-17 16:00:00,16,16:00–17:00 (Dinner Break),False,OFFLINE_MISSED,90242.87,89501.92925,2024-10-17 11:00:00,89501.92925,STOP_LOSS_TOUCH,LOSS,-271.83,740.94075,222.28222,0.821,0.246
GBPUSD_BASE_1246,GBPUSD,LONG,2024-10-16 15:00:00,2024-10-16 22:00:00,22,22:00–24:00 (Late Night NY Close),False,OFFLINE_MISSED,1.01457,1.00332,2024-10-17 15:00:00,1.00645,THESIS_EXIT,LOSS,-296.7,0.00812,0.00337,0.8,0.333
XAUUSD_BASE_1249,XAUUSD,LONG,2024-10-18 08:00:00,2024-10-18 15:00:00,15,09:00–16:00 (Day/London Open),True,ONLINE_CAPTURED,2759.88,2742.85075,2024-10-23 10:00:00,2798.05,THESIS_EXIT,WIN,0.86,6.8117,38.17,0.247,1.383
BTCUSD_BASE_1251,BTCUSD,LONG,2024-10-24 05:00:00,2024-10-24 12:00:00,12,09:00–16:00 (Day/London Open),True,ONLINE_CAPTURED,92108.66,91302.08475,2024-10-24 17:00:00,91559.35,THESIS_EXIT,LOSS,-204.76,549.31,241.97257,0.596,0.263
GBPUSD_BASE_1250,GBPUSD,SHORT,2024-10-20 23:00:00,2024-10-21 06:00:00,6,00:00–09:00 (Overnight/Asia),False,OFFLINE_MISSED,1.00438,1.01388,2024-10-25 10:00:00,0.974,THESIS_EXIT,WIN,1050.8,0.0038,0.03038,0.378,3.025
BTCUSD_BASE_1252,BTCUSD,SHORT,2024-10-25 07:00:00,2024-10-25 14:00:00,14,09:00–16:00 (Day/London Open),True,ONLINE_CAPTURED,91694.19,92758.55475,2024-10-25 12:00:00,92316.55,THESIS_EXIT,LOSS,-230.33,622.36,319.30942,0.679,0.348
GBPUSD_BASE_1253,GBPUSD,LONG,2024-10-25 20:00:00,2024-10-26 03:00:00,3,00:00–09:00 (Overnight/Asia),False,OFFLINE_MISSED,0.97085,0.9596,2024-10-30 10:00:00,0.98199,THESIS_EXIT,WIN,377.4,0.0045,0.01114,0.464,1.147
BTCUSD_BASE_1254,BTCUSD,LONG,2024-10-26 11:00:00,2024-10-26 18:00:00,18,17:00–22:00 (Evening/NY Overlap),True,ONLINE_CAPTURED,92716.66,91984.531,2024-10-31 08:00:00,94915.69,THESIS_EXIT,WIN,757.16,292.8516,2199.03,0.316,2.372
USDJPY_BASE_1255,USDJPY,SHORT,2024-10-31 04:00:00,2024-10-31 11:00:00,11,09:00–16:00 (Day/London Open),True,ONLINE_CAPTURED,110.03,111.11325,2024-10-31 14:00:00,110.61,THESIS_EXIT,LOSS,-25.55,0.58,0.32498,0.527,0.295
BTCUSD_BASE_1256,BTCUSD,SHORT,2024-11-01 09:00:00,2024-11-01 16:00:00,16,16:00–17:00 (Dinner Break),False,OFFLINE_MISSED,94240.19,95105.20175,2024-11-04 10:00:00,93747.51,THESIS_EXIT,WIN,159.94,346.0047,492.68,0.367,0.523
GBPUSD_BASE_1258,GBPUSD,SHORT,2024-11-04 19:00:00,2024-11-05 02:00:00,2,00:00–09:00 (Overnight/Asia),False,OFFLINE_MISSED,0.97378,0.98528,2024-11-05 11:00:00,0.97753,THESIS_EXIT,LOSS,-143.75,0.00375,0.00345,0.385,0.354
BTCUSD_BASE_1259,BTCUSD,LONG,2024-11-06 02:00:00,2024-11-06 09:00:00,9,09:00–16:00 (Day/London Open),True,ONLINE_CAPTURED,94693.03,93760.7215,2024-11-08 05:00:00,95028.43,THESIS_EXIT,WIN,104.89,372.9234,335.4,0.394,0.354
XAUUSD_BASE_1257,XAUUSD,SHORT,2024-11-01 16:00:00,2024-11-01 23:00:00,23,22:00–24:00 (Late Night NY Close),False,OFFLINE_MISSED,2772.99,2790.26725,2024-11-08 10:00:00,2726.21,THESIS_EXIT,WIN,3.87,6.9109,46.78,0.249,1.687
BTCUSD_BASE_1260,BTCUSD,SHORT,2024-11-08 09:00:00,2024-11-08 16:00:00,16,16:00–17:00 (Dinner Break),False,OFFLINE_MISSED,95408.48,96159.634,2024-11-08 12:00:00,96159.634,STOP_LOSS_TOUCH,LOSS,-275.4,751.154,225.3462,0.787,0.236
BTCUSD_BASE_1262,BTCUSD,LONG,2024-11-10 09:00:00,2024-11-10 16:00:00,16,16:00–17:00 (Dinner Break),False,OFFLINE_MISSED,96137.93,95314.784,2024-11-11 14:00:00,95314.784,STOP_LOSS_TOUCH,LOSS,-300.6,823.146,246.9438,0.856,0.257
US500_BASE_1261,US500,SHORT,2024-11-08 19:00:00,2024-11-09 02:00:00,2,00:00–09:00 (Overnight/Asia),False,OFFLINE_MISSED,5715.73,5759.885,2024-11-11 14:00:00,5726.8,THESIS_EXIT,LOSS,-16.37,11.07,13.2465,0.194,0.232
BTCUSD_BASE_1264,BTCUSD,SHORT,2024-11-12 21:00:00,2024-11-13 04:00:00,4,00:00–09:00 (Overnight/Asia),False,OFFLINE_MISSED,95114.49,96173.935,2024-11-13 01:00:00,95609.25,THESIS_EXIT,LOSS,-185.67,494.76,317.8335,0.52,0.334
USDJPY_BASE_1263,USDJPY,SHORT,2024-11-12 16:00:00,2024-11-12 23:00:00,23,22:00–24:00 (Late Night NY Close),False,OFFLINE_MISSED,107.46,108.60425,2024-11-13 04:00:00,107.98,THESIS_EXIT,LOSS,-24.2,0.52,0.34327,0.484,0.319
XAUUSD_BASE_1266,XAUUSD,SHORT,2024-11-13 08:00:00,2024-11-13 15:00:00,15,09:00–16:00 (Day/London Open),True,ONLINE_CAPTURED,2667.45,2681.32625,2024-11-13 15:00:00,2681.32625,STOP_LOSS_TOUCH,LOSS,-17.36,13.87625,4.16287,0.52,0.156
USDJPY_BASE_1267,USDJPY,LONG,2024-11-14 07:00:00,2024-11-14 14:00:00,14,09:00–16:00 (Day/London Open),True,ONLINE_CAPTURED,108.29,107.40275,2024-11-14 16:00:00,107.40275,STOP_LOSS_TOUCH,LOSS,-32.46,0.88725,0.26617,0.819,0.246
GBPUSD_BASE_1265,GBPUSD,LONG,2024-11-13 06:00:00,2024-11-13 13:00:00,13,09:00–16:00 (Day/London Open),True,ONLINE_CAPTURED,0.97935,0.96885,2024-11-14 20:00:00,0.98056,THESIS_EXIT,WIN,29.85,0.0042,0.00121,0.429,0.124
BTCUSD_BASE_1268,BTCUSD,SHORT,2024-11-14 23:00:00,2024-11-15 06:00:00,6,00:00–09:00 (Overnight/Asia),False,OFFLINE_MISSED,95627.67,96568.46325,2024-11-15 04:00:00,96252.84,THESIS_EXIT,LOSS,-231.31,625.17,282.23798,0.654,0.295
US500_BASE_1269,US500,LONG,2024-11-15 08:00:00,2024-11-15 15:00:00,15,09:00–16:00 (Day/London Open),True,ONLINE_CAPTURED,5759.61,5717.44175,2024-11-15 13:00:00,5717.44175,STOP_LOSS_TOUCH,LOSS,-27.26,42.16825,12.65047,0.732,0.22
BTCUSD_BASE_1271,BTCUSD,LONG,2024-11-16 03:00:00,2024-11-16 10:00:00,10,09:00–16:00 (Day/London Open),True,ONLINE_CAPTURED,96651.95,95870.5885,2024-11-16 11:00:00,96209.11,THESIS_EXIT,LOSS,-167.49,442.84,234.40845,0.458,0.243
BTCUSD_BASE_1272,BTCUSD,LONG,2024-11-18 03:00:00,2024-11-18 10:00:00,10,09:00–16:00 (Day/London Open),True,ONLINE_CAPTURED,97685.54,96807.68975,2024-11-18 08:00:00,97082.91,THESIS_EXIT,LOSS,-223.42,602.63,263.35508,0.617,0.27
XAUUSD_BASE_1273,XAUUSD,LONG,2024-11-18 11:00:00,2024-11-18 18:00:00,18,17:00–22:00 (Evening/NY Overlap),True,ONLINE_CAPTURED,2673.47,2658.95375,2024-11-18 13:00:00,2658.95375,STOP_LOSS_TOUCH,LOSS,-17.58,14.51625,4.35488,0.543,0.163
GBPUSD_BASE_1270,GBPUSD,SHORT,2024-11-15 14:00:00,2024-11-15 21:00:00,21,17:00–22:00 (Evening/NY Overlap),True,ONLINE_CAPTURED,0.98141,0.99141,2024-11-18 13:00:00,0.98454,THESIS_EXIT,LOSS,-122.05,0.00313,0.003,0.319,0.306
GBPUSD_BASE_1275,GBPUSD,LONG,2024-11-19 18:00:00,2024-11-20 01:00:00,1,00:00–09:00 (Overnight/Asia),False,OFFLINE_MISSED,0.98594,0.97619,2024-11-25 05:00:00,1.00551,THESIS_EXIT,WIN,672.45,0.0039,0.01957,0.396,1.985
XAUUSD_BASE_1274,XAUUSD,SHORT,2024-11-19 05:00:00,2024-11-19 12:00:00,12,09:00–16:00 (Day/London Open),True,ONLINE_CAPTURED,2667.97,2680.68225,2024-11-25 12:00:00,2636.84,THESIS_EXIT,LOSS,-1.6,31.13,3.81368,1.167,0.143
BTCUSD_BASE_1276,BTCUSD,LONG,2024-11-25 09:00:00,2024-11-25 16:00:00,16,16:00–17:00 (Dinner Break),False,OFFLINE_MISSED,98729.44,97799.73175,2024-11-26 15:00:00,99317.42,THESIS_EXIT,WIN,193.29,371.8833,587.98,0.377,0.596
USDJPY_BASE_1277,USDJPY,LONG,2024-11-26 10:00:00,2024-11-26 17:00:00,17,17:00–22:00 (Evening/NY Overlap),True,ONLINE_CAPTURED,108.9,107.98,2024-11-29 16:00:00,111.61,THESIS_EXIT,WIN,48.47,0.368,2.71,0.338,2.489
BTCUSD_BASE_1279,BTCUSD,LONG,2024-11-30 13:00:00,2024-11-30 20:00:00,20,17:00–22:00 (Evening/NY Overlap),True,ONLINE_CAPTURED,100854.81,99866.872,2024-11-30 15:00:00,99866.872,STOP_LOSS_TOUCH,LOSS,-358.28,987.938,296.3814,0.98,0.294
USDJPY_BASE_1280,USDJPY,SHORT,2024-12-02 09:00:00,2024-12-02 16:00:00,16,16:00–17:00 (Dinner Break),False,OFFLINE_MISSED,111.5,112.55525,2024-12-02 16:00:00,112.14,THESIS_EXIT,LOSS,-26.9,0.64,0.31658,0.574,0.284
US500_BASE_1278,US500,LONG,2024-11-27 10:00:00,2024-11-27 17:00:00,17,17:00–22:00 (Evening/NY Overlap),True,ONLINE_CAPTURED,5651.81,5615.90975,2024-12-03 12:00:00,5801.69,THESIS_EXIT,WIN,39.96,14.3601,149.88,0.254,2.652
GBPUSD_BASE_1282,GBPUSD,LONG,2024-12-03 12:00:00,2024-12-03 19:00:00,19,17:00–22:00 (Evening/NY Overlap),True,ONLINE_CAPTURED,1.00335,0.99335,2024-12-03 15:00:00,0.99335,STOP_LOSS_TOUCH,LOSS,-362.5,0.01,0.003,0.997,0.299
USDJPY_BASE_1281,USDJPY,LONG,2024-12-03 03:00:00,2024-12-03 10:00:00,10,09:00–16:00 (Day/London Open),True,ONLINE_CAPTURED,111.82,110.7295,2024-12-04 06:00:00,111.26,THESIS_EXIT,LOSS,-25.1,0.56,0.32715,0.501,0.293
USDJPY_BASE_1284,USDJPY,SHORT,2024-12-05 12:00:00,2024-12-05 19:00:00,19,17:00–22:00 (Evening/NY Overlap),True,ONLINE_CAPTURED,110.58,111.675,2024-12-09 04:00:00,110.38,THESIS_EXIT,LOSS,-8.0,0.2,0.3285,0.181,0.297
USDJPY_BASE_1285,USDJPY,LONG,2024-12-09 13:00:00,2024-12-09 20:00:00,20,17:00–22:00 (Evening/NY Overlap),True,ONLINE_CAPTURED,110.37,109.056,2024-12-10 04:00:00,109.48,THESIS_EXIT,LOSS,-32.53,0.89,0.3942,0.806,0.357
US500_BASE_1283,US500,SHORT,2024-12-05 08:00:00,2024-12-05 15:00:00,15,09:00–16:00 (Day/London Open),True,ONLINE_CAPTURED,5766.17,5801.70975,2024-12-10 12:00:00,5744.42,THESIS_EXIT,LOSS,-4.89,21.75,10.66192,0.377,0.185
XAUUSD_BASE_1286,XAUUSD,LONG,2024-12-10 09:00:00,2024-12-10 16:00:00,16,16:00–17:00 (Dinner Break),False,OFFLINE_MISSED,2628.96,2613.76225,2024-12-10 15:00:00,2613.76225,STOP_LOSS_TOUCH,LOSS,-17.82,15.19775,4.55932,0.578,0.173
XAUUSD_BASE_1288,XAUUSD,SHORT,2024-12-11 03:00:00,2024-12-11 10:00:00,10,09:00–16:00 (Day/London Open),True,ONLINE_CAPTURED,2613.67,2631.57425,2024-12-12 16:00:00,2619.92,THESIS_EXIT,LOSS,-14.69,6.25,5.37128,0.239,0.206
XAUUSD_BASE_1289,XAUUSD,LONG,2024-12-13 05:00:00,2024-12-13 12:00:00,12,09:00–16:00 (Day/London Open),True,ONLINE_CAPTURED,2611.93,2598.293,2024-12-16 20:00:00,2617.16,THESIS_EXIT,LOSS,-10.67,5.23,4.0911,0.2,0.157
US500_BASE_1287,US500,LONG,2024-12-11 01:00:00,2024-12-11 08:00:00,8,00:00–09:00 (Overnight/Asia),False,OFFLINE_MISSED,5737.65,5695.11375,2024-12-17 10:00:00,5942.34,THESIS_EXIT,WIN,59.14,17.0145,204.69,0.297,3.567
XAUUSD_BASE_1290,XAUUSD,SHORT,2024-12-17 03:00:00,2024-12-17 10:00:00,10,09:00–16:00 (Day/London Open),True,ONLINE_CAPTURED,2620.97,2635.76525,2024-12-17 15:00:00,2635.76525,STOP_LOSS_TOUCH,LOSS,-17.68,14.79525,4.43858,0.564,0.169
USDJPY_BASE_1291,USDJPY,LONG,2024-12-17 17:00:00,2024-12-18 00:00:00,0,00:00–09:00 (Overnight/Asia),False,OFFLINE_MISSED,112.99,111.8175,2024-12-18 10:00:00,112.61,THESIS_EXIT,LOSS,-21.05,0.38,0.35175,0.336,0.311
BTCUSD_BASE_1292,BTCUSD,LONG,2024-12-18 10:00:00,2024-12-18 17:00:00,17,17:00–22:00 (Evening/NY Overlap),True,ONLINE_CAPTURED,104362.37,103696.76775,2024-12-18 11:00:00,103963.38,THESIS_EXIT,LOSS,-152.15,398.99,199.68067,0.382,0.191
XAUUSD_BASE_1293,XAUUSD,LONG,2024-12-18 12:00:00,2024-12-18 19:00:00,19,17:00–22:00 (Evening/NY Overlap),True,ONLINE_CAPTURED,2638.54,2622.11475,2024-12-19 12:00:00,2622.11475,STOP_LOSS_TOUCH,LOSS,-18.25,16.42525,4.92757,0.623,0.187
GBPUSD_BASE_1294,GBPUSD,SHORT,2024-12-19 07:00:00,2024-12-19 14:00:00,14,09:00–16:00 (Day/London Open),True,ONLINE_CAPTURED,0.95688,0.96713,2024-12-20 06:00:00,0.96202,THESIS_EXIT,LOSS,-192.4,0.00514,0.00307,0.537,0.321
GBPUSD_BASE_1295,GBPUSD,LONG,2024-12-20 13:00:00,2024-12-20 20:00:00,20,17:00–22:00 (Evening/NY Overlap),True,ONLINE_CAPTURED,0.95945,0.94945,2024-12-24 03:00:00,0.95914,THESIS_EXIT,LOSS,-23.35,0.00031,0.003,0.032,0.313
BTCUSD_BASE_1296,BTCUSD,LONG,2024-12-24 11:00:00,2024-12-24 18:00:00,18,17:00–22:00 (Evening/NY Overlap),True,ONLINE_CAPTURED,105960.89,105197.324,2024-12-24 13:00:00,105197.324,STOP_LOSS_TOUCH,LOSS,-279.75,763.566,229.0698,0.721,0.216
US500_BASE_1297,US500,SHORT,2024-12-24 23:00:00,2024-12-25 06:00:00,6,00:00–09:00 (Overnight/Asia),False,OFFLINE_MISSED,5958.72,6010.6325,2024-12-25 11:00:00,5977.94,THESIS_EXIT,LOSS,-19.23,19.22,15.57375,0.323,0.261
BTCUSD_BASE_1298,BTCUSD,LONG,2024-12-25 13:00:00,2024-12-25 20:00:00,20,17:00–22:00 (Evening/NY Overlap),True,ONLINE_CAPTURED,106415.2,105435.9425,2024-12-25 18:00:00,105695.4,THESIS_EXIT,LOSS,-264.43,719.8,293.77725,0.676,0.276
BTCUSD_BASE_1300,BTCUSD,LONG,2024-12-26 22:00:00,2024-12-27 05:00:00,5,00:00–09:00 (Overnight/Asia),False,OFFLINE_MISSED,105953.8,105100.00225,2024-12-27 07:00:00,105100.00225,STOP_LOSS_TOUCH,LOSS,-311.33,853.79775,256.13932,0.806,0.242
USDJPY_BASE_1299,USDJPY,LONG,2024-12-26 06:00:00,2024-12-26 13:00:00,13,09:00–16:00 (Day/London Open),True,ONLINE_CAPTURED,109.46,108.54425,2024-12-27 13:00:00,109.19,THESIS_EXIT,LOSS,-18.57,0.27,0.27473,0.247,0.251
GBPUSD_BASE_1301,GBPUSD,LONG,2024-12-27 13:00:00,2024-12-27 20:00:00,20,17:00–22:00 (Evening/NY Overlap),True,ONLINE_CAPTURED,0.98836,0.97611,2024-12-31 06:00:00,0.99371,THESIS_EXIT,WIN,174.75,0.0049,0.00535,0.496,0.541
BTCUSD_BASE_1303,BTCUSD,SHORT,2024-12-31 06:00:00,2024-12-31 13:00:00,13,09:00–16:00 (Day/London Open),True,ONLINE_CAPTURED,108426.91,109182.66375,2024-12-31 13:00:00,109182.66375,STOP_LOSS_TOUCH,LOSS,-277.01,755.75375,226.72613,0.697,0.209
XAUUSD_BASE_1302,XAUUSD,LONG,2024-12-30 10:00:00,2024-12-30 17:00:00,17,17:00–22:00 (Evening/NY Overlap),True,ONLINE_CAPTURED,2674.9,2659.48875,2025-01-03 08:00:00,2711.03,THESIS_EXIT,WIN,0.15,6.1645,36.13,0.23,1.351
XAUUSD_BASE_1305,XAUUSD,SHORT,2025-01-03 18:00:00,2025-01-04 01:00:00,1,00:00–09:00 (Overnight/Asia),False,OFFLINE_MISSED,2713.87,2730.6015,2025-01-06 01:00:00,2730.6015,STOP_LOSS_TOUCH,LOSS,-18.36,16.7315,5.01945,0.617,0.185
GBPUSD_BASE_1304,GBPUSD,SHORT,2024-12-31 19:00:00,2025-01-01 02:00:00,2,00:00–09:00 (Overnight/Asia),False,OFFLINE_MISSED,0.99441,1.00466,2025-01-07 10:00:00,0.95095,THESIS_EXIT,WIN,1508.6,0.0041,0.04346,0.412,4.37
XAUUSD_BASE_1306,XAUUSD,LONG,2025-01-06 13:00:00,2025-01-06 20:00:00,20,17:00–22:00 (Evening/NY Overlap),True,ONLINE_CAPTURED,2725.25,2704.49525,2025-01-08 15:00:00,2727.09,THESIS_EXIT,LOSS,-11.86,1.84,6.22643,0.068,0.228
GBPUSD_BASE_1307,GBPUSD,LONG,2025-01-09 08:00:00,2025-01-09 15:00:00,15,09:00–16:00 (Day/London Open),True,ONLINE_CAPTURED,0.96751,0.95726,2025-01-13 16:00:00,0.97109,THESIS_EXIT,WIN,112.8,0.0041,0.00358,0.424,0.37
XAUUSD_BASE_1308,XAUUSD,SHORT,2025-01-09 11:00:00,2025-01-09 18:00:00,18,17:00–22:00 (Evening/NY Overlap),True,ONLINE_CAPTURED,2724.44,2742.68925,2025-01-16 14:00:00,2696.51,THESIS_EXIT,LOSS,-2.72,27.93,5.47477,1.025,0.201
USDJPY_BASE_1309,USDJPY,LONG,2025-01-14 04:00:00,2025-01-14 11:00:00,11,09:00–16:00 (Day/London Open),True,ONLINE_CAPTURED,107.73,106.78175,2025-01-17 21:00:00,111.27,THESIS_EXIT,WIN,67.15,0.3793,3.54,0.352,3.286
BTCUSD_BASE_1310,BTCUSD,LONG,2025-01-19 03:00:00,2025-01-19 10:00:00,10,09:00–16:00 (Day/London Open),True,ONLINE_CAPTURED,104273.17,103472.8785,2025-01-19 11:00:00,103717.49,THESIS_EXIT,LOSS,-206.99,555.68,240.08745,0.533,0.23
US500_BASE_1311,US500,SHORT,2025-01-20 17:00:00,2025-01-21 00:00:00,0,00:00–09:00 (Overnight/Asia),False,OFFLINE_MISSED,5938.83,5988.3445,2025-01-21 08:00:00,5962.1,THESIS_EXIT,LOSS,-20.64,23.27,14.85435,0.392,0.25
US500_BASE_1313,US500,LONG,2025-01-21 20:00:00,2025-01-22 03:00:00,3,00:00–09:00 (Overnight/Asia),False,OFFLINE_MISSED,5963.74,5910.7695,2025-01-22 04:00:00,5919.04,THESIS_EXIT,LOSS,-28.14,44.7,15.89115,0.75,0.266
XAUUSD_BASE_1312,XAUUSD,SHORT,2025-01-21 14:00:00,2025-01-21 21:00:00,21,17:00–22:00 (Evening/NY Overlap),True,ONLINE_CAPTURED,2675.25,2693.654,2025-01-24 05:00:00,2675.21,THESIS_EXIT,LOSS,-12.49,0.04,5.5212,0.001,0.206
US500_BASE_1314,US500,SHORT,2025-01-23 00:00:00,2025-01-23 07:00:00,7,00:00–09:00 (Overnight/Asia),False,OFFLINE_MISSED,5916.94,5958.0865,2025-01-24 12:00:00,5903.51,THESIS_EXIT,LOSS,-7.8,13.43,12.34395,0.227,0.209
BTCUSD_BASE_1315,BTCUSD,SHORT,2025-01-25 06:00:00,2025-01-25 13:00:00,13,09:00–16:00 (Day/London Open),True,ONLINE_CAPTURED,102829.03,103607.419,2025-01-26 23:00:00,102926.84,THESIS_EXIT,LOSS,-46.73,97.81,233.5167,0.095,0.227
GBPUSD_BASE_1317,GBPUSD,LONG,2025-01-27 12:00:00,2025-01-27 19:00:00,19,17:00–22:00 (Evening/NY Overlap),True,ONLINE_CAPTURED,0.97377,0.96502,2025-01-29 14:00:00,0.97475,THESIS_EXIT,WIN,21.8,0.0035,0.00098,0.359,0.101
XAUUSD_BASE_1316,XAUUSD,LONG,2025-01-27 05:00:00,2025-01-27 12:00:00,12,09:00–16:00 (Day/London Open),True,ONLINE_CAPTURED,2677.29,2661.66225,2025-01-29 22:00:00,2694.87,THESIS_EXIT,LOSS,-6.35,17.58,4.68833,0.657,0.175
USDJPY_BASE_1319,USDJPY,LONG,2025-01-30 11:00:00,2025-01-30 18:00:00,18,17:00–22:00 (Evening/NY Overlap),True,ONLINE_CAPTURED,109.47,108.357,2025-01-30 14:00:00,108.68,THESIS_EXIT,LOSS,-30.27,0.79,0.3339,0.722,0.305
GBPUSD_BASE_1318,GBPUSD,LONG,2025-01-30 09:00:00,2025-01-30 16:00:00,16,16:00–17:00 (Dinner Break),False,OFFLINE_MISSED,0.98993,0.97943,2025-02-02 22:00:00,0.98796,THESIS_EXIT,LOSS,-81.45,0.00197,0.00315,0.199,0.318
USDJPY_BASE_1320,USDJPY,SHORT,2025-01-30 20:00:00,2025-01-31 03:00:00,3,00:00–09:00 (Overnight/Asia),False,OFFLINE_MISSED,109.22,110.2805,2025-02-03 16:00:00,108.91,THESIS_EXIT,LOSS,-5.52,0.31,0.31815,0.284,0.291
USDJPY_BASE_1322,USDJPY,LONG,2025-02-04 08:00:00,2025-02-04 15:00:00,15,09:00–16:00 (Day/London Open),True,ONLINE_CAPTURED,109.1,107.86325,2025-02-04 14:00:00,107.86325,STOP_LOSS_TOUCH,LOSS,-40.33,1.23675,0.37103,1.134,0.34
XAUUSD_BASE_1321,XAUUSD,LONG,2025-02-03 09:00:00,2025-02-03 16:00:00,16,16:00–17:00 (Dinner Break),False,OFFLINE_MISSED,2715.54,2698.29475,2025-02-05 04:00:00,2730.58,THESIS_EXIT,LOSS,-7.24,15.04,5.17357,0.554,0.191
BTCUSD_BASE_1323,BTCUSD,SHORT,2025-02-05 19:00:00,2025-02-06 02:00:00,2,00:00–09:00 (Overnight/Asia),False,OFFLINE_MISSED,104141.18,105191.747,2025-02-08 22:00:00,103595.17,THESIS_EXIT,WIN,178.6,420.2268,546.01,0.404,0.524
BTCUSD_BASE_1325,BTCUSD,LONG,2025-02-09 08:00:00,2025-02-09 15:00:00,15,09:00–16:00 (Day/London Open),True,ONLINE_CAPTURED,103469.07,102591.28275,2025-02-09 13:00:00,102939.84,THESIS_EXIT,LOSS,-197.73,529.23,263.33617,0.511,0.255
XAUUSD_BASE_1324,XAUUSD,SHORT,2025-02-06 12:00:00,2025-02-06 19:00:00,19,17:00–22:00 (Evening/NY Overlap),True,ONLINE_CAPTURED,2720.81,2737.473,2025-02-10 16:00:00,2715.21,THESIS_EXIT,LOSS,-10.54,5.6,4.9989,0.206,0.184
US500_BASE_1326,US500,LONG,2025-02-11 20:00:00,2025-02-12 03:00:00,3,00:00–09:00 (Overnight/Asia),False,OFFLINE_MISSED,5890.87,5852.45275,2025-02-13 10:00:00,5904.32,THESIS_EXIT,LOSS,-7.79,13.45,11.52518,0.228,0.196
GBPUSD_BASE_1327,GBPUSD,LONG,2025-02-12 03:00:00,2025-02-12 10:00:00,10,09:00–16:00 (Day/London Open),True,ONLINE_CAPTURED,0.99701,0.98876,2025-02-13 22:00:00,1.00041,THESIS_EXIT,WIN,106.5,0.0033,0.0034,0.331,0.341
XAUUSD_BASE_1328,XAUUSD,SHORT,2025-02-14 12:00:00,2025-02-14 19:00:00,19,17:00–22:00 (Evening/NY Overlap),True,ONLINE_CAPTURED,2670.72,2687.03475,2025-02-14 18:00:00,2687.03475,STOP_LOSS_TOUCH,LOSS,-18.21,16.31475,4.89443,0.611,0.183
BTCUSD_BASE_1330,BTCUSD,LONG,2025-02-16 10:00:00,2025-02-16 17:00:00,17,17:00–22:00 (Evening/NY Overlap),True,ONLINE_CAPTURED,101934.69,101013.3795,2025-02-16 19:00:00,101411.18,THESIS_EXIT,LOSS,-195.73,523.51,276.39315,0.514,0.271
XAUUSD_BASE_1331,XAUUSD,SHORT,2025-02-17 15:00:00,2025-02-17 22:00:00,22,22:00–24:00 (Late Night NY Close),False,OFFLINE_MISSED,2680.92,2701.38125,2025-02-17 20:00:00,2691.79,THESIS_EXIT,LOSS,-16.3,10.87,6.13837,0.405,0.229
BTCUSD_BASE_1332,BTCUSD,SHORT,2025-02-18 11:00:00,2025-02-18 18:00:00,18,17:00–22:00 (Evening/NY Overlap),True,ONLINE_CAPTURED,99440.66,100223.4195,2025-02-19 13:00:00,99745.45,THESIS_EXIT,LOSS,-119.18,304.79,234.82785,0.307,0.236
USDJPY_BASE_1333,USDJPY,SHORT,2025-02-20 08:00:00,2025-02-20 15:00:00,15,09:00–16:00 (Day/London Open),True,ONLINE_CAPTURED,107.5,108.51125,2025-02-23 23:00:00,106.8,THESIS_EXIT,WIN,3.25,0.4045,0.7,0.376,0.651
US500_BASE_1329,US500,SHORT,2025-02-14 16:00:00,2025-02-14 23:00:00,23,22:00–24:00 (Late Night NY Close),False,OFFLINE_MISSED,5871.47,5926.262,2025-02-24 10:00:00,5809.99,THESIS_EXIT,WIN,9.02,21.9168,61.48,0.373,1.047
XAUUSD_BASE_1334,XAUUSD,SHORT,2025-02-24 07:00:00,2025-02-24 14:00:00,14,09:00–16:00 (Day/London Open),True,ONLINE_CAPTURED,2690.94,2705.193,2025-02-24 10:00:00,2702.87,THESIS_EXIT,LOSS,-16.68,11.93,4.2759,0.443,0.159
XAUUSD_BASE_1335,XAUUSD,LONG,2025-02-24 14:00:00,2025-02-24 21:00:00,21,17:00–22:00 (Evening/NY Overlap),True,ONLINE_CAPTURED,2695.11,2676.60525,2025-02-26 14:00:00,2692.1,THESIS_EXIT,LOSS,-13.55,3.01,5.55143,0.112,0.206
GBPUSD_BASE_1336,GBPUSD,SHORT,2025-02-25 02:00:00,2025-02-25 09:00:00,9,09:00–16:00 (Day/London Open),True,ONLINE_CAPTURED,1.00583,1.01533,2025-02-26 20:00:00,1.00996,THESIS_EXIT,LOSS,-157.05,0.00413,0.00285,0.411,0.283
US500_BASE_1337,US500,LONG,2025-02-27 05:00:00,2025-02-27 12:00:00,12,09:00–16:00 (Day/London Open),True,ONLINE_CAPTURED,5835.55,5801.64,2025-02-27 15:00:00,5801.64,STOP_LOSS_TOUCH,LOSS,-24.37,33.91,10.173,0.581,0.174
USDJPY_BASE_1338,USDJPY,SHORT,2025-02-27 08:00:00,2025-02-27 15:00:00,15,09:00–16:00 (Day/London Open),True,ONLINE_CAPTURED,104.84,105.86025,2025-03-05 04:00:00,101.43,THESIS_EXIT,WIN,64.22,0.4081,3.41,0.389,3.253
US500_BASE_1340,US500,SHORT,2025-03-05 08:00:00,2025-03-05 15:00:00,15,09:00–16:00 (Day/London Open),True,ONLINE_CAPTURED,5815.07,5854.658,2025-03-05 16:00:00,5840.19,THESIS_EXIT,LOSS,-21.29,25.12,11.8764,0.432,0.204
BTCUSD_BASE_1341,BTCUSD,SHORT,2025-03-06 05:00:00,2025-03-06 12:00:00,12,09:00–16:00 (Day/London Open),True,ONLINE_CAPTURED,91805.26,92653.762,2025-03-06 18:00:00,92303.45,THESIS_EXIT,LOSS,-186.87,498.19,254.5506,0.543,0.277
XAUUSD_BASE_1339,XAUUSD,LONG,2025-02-28 14:00:00,2025-02-28 21:00:00,21,17:00–22:00 (Evening/NY Overlap),True,ONLINE_CAPTURED,2729.47,2710.01575,2025-03-07 11:00:00,2752.87,THESIS_EXIT,LOSS,-4.31,23.4,5.83627,0.857,0.214
BTCUSD_BASE_1343,BTCUSD,LONG,2025-03-07 13:00:00,2025-03-07 20:00:00,20,17:00–22:00 (Evening/NY Overlap),True,ONLINE_CAPTURED,92207.16,91151.928,2025-03-08 08:00:00,91914.37,THESIS_EXIT,LOSS,-114.98,292.79,316.5696,0.318,0.343
BTCUSD_BASE_1344,BTCUSD,SHORT,2025-03-08 13:00:00,2025-03-08 20:00:00,20,17:00–22:00 (Evening/NY Overlap),True,ONLINE_CAPTURED,92076.41,93256.65025,2025-03-10 16:00:00,92383.67,THESIS_EXIT,LOSS,-120.04,307.26,354.07208,0.334,0.385
USDJPY_BASE_1342,USDJPY,SHORT,2025-03-07 12:00:00,2025-03-07 19:00:00,19,17:00–22:00 (Evening/NY Overlap),True,ONLINE_CAPTURED,100.78,101.86875,2025-03-11 15:00:00,100.26,THESIS_EXIT,LOSS,-0.8,0.52,0.32663,0.516,0.324
USDJPY_BASE_1346,USDJPY,LONG,2025-03-14 11:00:00,2025-03-14 18:00:00,18,17:00–22:00 (Evening/NY Overlap),True,ONLINE_CAPTURED,101.38,100.4205,2025-03-14 14:00:00,100.4205,STOP_LOSS_TOUCH,LOSS,-34.09,0.9595,0.28785,0.946,0.284
BTCUSD_BASE_1347,BTCUSD,LONG,2025-03-15 14:00:00,2025-03-15 21:00:00,21,17:00–22:00 (Evening/NY Overlap),True,ONLINE_CAPTURED,92790.0,91607.84925,2025-03-17 14:00:00,93169.16,THESIS_EXIT,WIN,120.21,472.8603,379.16,0.51,0.409
US500_BASE_1348,US500,SHORT,2025-03-18 05:00:00,2025-03-18 12:00:00,12,09:00–16:00 (Day/London Open),True,ONLINE_CAPTURED,5850.28,5880.82,2025-03-18 11:00:00,5880.82,STOP_LOSS_TOUCH,LOSS,-23.19,30.54,9.162,0.522,0.157
XAUUSD_BASE_1345,XAUUSD,SHORT,2025-03-14 10:00:00,2025-03-14 17:00:00,17,17:00–22:00 (Evening/NY Overlap),True,ONLINE_CAPTURED,2732.82,2753.346,2025-03-18 11:00:00,2738.12,THESIS_EXIT,LOSS,-14.35,5.3,6.1578,0.194,0.225
US500_BASE_1349,US500,LONG,2025-03-18 16:00:00,2025-03-18 23:00:00,23,22:00–24:00 (Late Night NY Close),False,OFFLINE_MISSED,5873.52,5823.82875,2025-03-20 10:00:00,5879.73,THESIS_EXIT,LOSS,-10.33,6.21,14.90737,0.106,0.254
USDJPY_BASE_1350,USDJPY,LONG,2025-03-20 06:00:00,2025-03-20 13:00:00,13,09:00–16:00 (Day/London Open),True,ONLINE_CAPTURED,99.48,98.3755,2025-03-20 13:00:00,98.72,THESIS_EXIT,LOSS,-29.6,0.76,0.33135,0.764,0.333
GBPUSD_BASE_1351,GBPUSD,SHORT,2025-03-20 12:00:00,2025-03-20 19:00:00,19,17:00–22:00 (Evening/NY Overlap),True,ONLINE_CAPTURED,1.00413,1.01238,2025-03-25 18:00:00,0.97206,THESIS_EXIT,WIN,1109.95,0.0033,0.03207,0.329,3.194
US500_BASE_1352,US500,SHORT,2025-03-20 16:00:00,2025-03-20 23:00:00,23,22:00–24:00 (Late Night NY Close),False,OFFLINE_MISSED,5894.99,5941.13325,2025-03-26 09:00:00,5859.14,THESIS_EXIT,WIN,0.05,18.4573,35.85,0.313,0.608
BTCUSD_BASE_1353,BTCUSD,LONG,2025-03-26 01:00:00,2025-03-26 08:00:00,8,00:00–09:00 (Overnight/Asia),False,OFFLINE_MISSED,92600.5,91745.72075,2025-03-27 13:00:00,92379.53,THESIS_EXIT,LOSS,-89.84,220.97,256.43378,0.239,0.277
BTCUSD_BASE_1354,BTCUSD,SHORT,2025-03-27 22:00:00,2025-03-28 05:00:00,5,00:00–09:00 (Overnight/Asia),False,OFFLINE_MISSED,92958.6,93817.7535,2025-03-29 08:00:00,92953.72,THESIS_EXIT,LOSS,-10.79,4.88,257.74605,0.005,0.277
BTCUSD_BASE_1356,BTCUSD,LONG,2025-03-29 17:00:00,2025-03-30 00:00:00,0,00:00–09:00 (Overnight/Asia),False,OFFLINE_MISSED,92770.51,91695.07175,2025-03-30 10:00:00,92251.67,THESIS_EXIT,LOSS,-194.09,518.84,322.63148,0.559,0.348
XAUUSD_BASE_1355,XAUUSD,SHORT,2025-03-28 14:00:00,2025-03-28 21:00:00,21,17:00–22:00 (Evening/NY Overlap),True,ONLINE_CAPTURED,2724.74,2741.24025,2025-03-31 08:00:00,2731.88,THESIS_EXIT,LOSS,-15.0,7.14,4.95008,0.262,0.182
US500_BASE_1358,US500,SHORT,2025-03-31 20:00:00,2025-04-01 03:00:00,3,00:00–09:00 (Overnight/Asia),False,OFFLINE_MISSED,5889.7,5931.6295,2025-04-03 14:00:00,5822.99,THESIS_EXIT,WIN,10.85,16.7718,66.71,0.285,1.133
BTCUSD_BASE_1357,BTCUSD,SHORT,2025-03-31 12:00:00,2025-03-31 19:00:00,19,17:00–22:00 (Evening/NY Overlap),True,ONLINE_CAPTURED,91162.57,92084.54625,2025-04-04 06:00:00,89203.47,THESIS_EXIT,WIN,673.19,368.7905,1959.1,0.405,2.149
XAUUSD_BASE_1359,XAUUSD,SHORT,2025-04-04 13:00:00,2025-04-04 20:00:00,20,17:00–22:00 (Evening/NY Overlap),True,ONLINE_CAPTURED,2734.99,2753.189,2025-04-07 01:00:00,2746.95,THESIS_EXIT,LOSS,-16.69,11.96,5.4597,0.437,0.2
US500_BASE_1360,US500,SHORT,2025-04-04 17:00:00,2025-04-05 00:00:00,0,00:00–09:00 (Overnight/Asia),False,OFFLINE_MISSED,5758.16,5812.63375,2025-04-07 16:00:00,5764.98,THESIS_EXIT,LOSS,-14.89,6.82,16.34213,0.118,0.284
XAUUSD_BASE_1361,XAUUSD,LONG,2025-04-07 10:00:00,2025-04-07 17:00:00,17,17:00–22:00 (Evening/NY Overlap),True,ONLINE_CAPTURED,2748.14,2727.08075,2025-04-08 06:00:00,2727.63,THESIS_EXIT,LOSS,-19.68,20.51,6.31777,0.746,0.23
US500_BASE_1363,US500,SHORT,2025-04-09 08:00:00,2025-04-09 15:00:00,15,09:00–16:00 (Day/London Open),True,ONLINE_CAPTURED,5692.81,5734.16875,2025-04-09 09:00:00,5715.25,THESIS_EXIT,LOSS,-20.35,22.44,12.40763,0.394,0.218
USDJPY_BASE_1362,USDJPY,SHORT,2025-04-08 20:00:00,2025-04-09 03:00:00,3,00:00–09:00 (Overnight/Asia),False,OFFLINE_MISSED,100.44,101.65225,2025-04-09 10:00:00,101.65225,STOP_LOSS_TOUCH,LOSS,-39.78,1.21225,0.36367,1.207,0.362
XAUUSD_BASE_1364,XAUUSD,LONG,2025-04-09 14:00:00,2025-04-09 21:00:00,21,17:00–22:00 (Evening/NY Overlap),True,ONLINE_CAPTURED,2747.06,2725.78675,2025-04-10 07:00:00,2737.68,THESIS_EXIT,LOSS,-15.78,9.38,6.38198,0.341,0.232
USDJPY_BASE_1366,USDJPY,LONG,2025-04-10 08:00:00,2025-04-10 15:00:00,15,09:00–16:00 (Day/London Open),True,ONLINE_CAPTURED,101.64,100.7175,2025-04-11 11:00:00,100.95,THESIS_EXIT,LOSS,-28.02,0.69,0.27675,0.679,0.272
BTCUSD_BASE_1367,BTCUSD,LONG,2025-04-11 23:00:00,2025-04-12 06:00:00,6,00:00–09:00 (Overnight/Asia),False,OFFLINE_MISSED,92684.62,91816.65925,2025-04-12 04:00:00,92090.12,THESIS_EXIT,LOSS,-220.58,594.5,260.38822,0.641,0.281
BTCUSD_BASE_1368,BTCUSD,SHORT,2025-04-12 23:00:00,2025-04-13 06:00:00,6,00:00–09:00 (Overnight/Asia),False,OFFLINE_MISSED,92111.11,93056.22425,2025-04-13 15:00:00,92543.0,THESIS_EXIT,LOSS,-163.66,431.89,283.53427,0.469,0.308
US500_BASE_1365,US500,LONG,2025-04-09 14:00:00,2025-04-09 21:00:00,21,17:00–22:00 (Evening/NY Overlap),True,ONLINE_CAPTURED,5703.53,5640.3945,2025-04-17 14:00:00,5874.1,THESIS_EXIT,WIN,47.2,25.2542,170.57,0.443,2.991
BTCUSD_BASE_1370,BTCUSD,LONG,2025-04-17 20:00:00,2025-04-18 03:00:00,3,00:00–09:00 (Overnight/Asia),False,OFFLINE_MISSED,92690.65,91579.62225,2025-04-18 23:00:00,92380.23,THESIS_EXIT,LOSS,-121.15,310.42,333.30832,0.335,0.36
XAUUSD_BASE_1369,XAUUSD,LONG,2025-04-14 14:00:00,2025-04-14 21:00:00,21,17:00–22:00 (Evening/NY Overlap),True,ONLINE_CAPTURED,2718.59,2702.15325,2025-04-21 16:00:00,2792.34,THESIS_EXIT,WIN,13.31,6.5747,73.75,0.242,2.713
GBPUSD_BASE_1371,GBPUSD,SHORT,2025-04-21 04:00:00,2025-04-21 11:00:00,11,09:00–16:00 (Day/London Open),True,ONLINE_CAPTURED,0.94973,0.95798,2025-04-22 06:00:00,0.95539,THESIS_EXIT,LOSS,-210.6,0.00566,0.00247,0.596,0.261
XAUUSD_BASE_1373,XAUUSD,SHORT,2025-04-22 07:00:00,2025-04-22 14:00:00,14,09:00–16:00 (Day/London Open),True,ONLINE_CAPTURED,2792.72,2807.5655,2025-04-22 11:00:00,2807.5655,STOP_LOSS_TOUCH,LOSS,-17.7,14.8455,4.45365,0.532,0.159
US500_BASE_1372,US500,SHORT,2025-04-21 20:00:00,2025-04-22 03:00:00,3,00:00–09:00 (Overnight/Asia),False,OFFLINE_MISSED,5848.2,5897.8605,2025-04-23 12:00:00,5851.37,THESIS_EXIT,LOSS,-13.61,3.17,14.89815,0.054,0.255
XAUUSD_BASE_1375,XAUUSD,SHORT,2025-04-24 00:00:00,2025-04-24 07:00:00,7,00:00–09:00 (Overnight/Asia),False,OFFLINE_MISSED,2798.63,2816.7725,2025-04-24 05:00:00,2809.66,THESIS_EXIT,LOSS,-16.36,11.03,5.44275,0.394,0.194
BTCUSD_BASE_1374,BTCUSD,SHORT,2025-04-23 00:00:00,2025-04-23 07:00:00,7,00:00–09:00 (Overnight/Asia),False,OFFLINE_MISSED,87910.31,88882.4915,2025-04-24 13:00:00,87566.69,THESIS_EXIT,WIN,107.77,388.8726,343.62,0.442,0.391
USDJPY_BASE_1377,USDJPY,SHORT,2025-04-25 08:00:00,2025-04-25 15:00:00,15,09:00–16:00 (Day/London Open),True,ONLINE_CAPTURED,101.12,102.18125,2025-04-28 12:00:00,102.04,THESIS_EXIT,LOSS,-33.2,0.92,0.31838,0.91,0.315
GBPUSD_BASE_1376,GBPUSD,SHORT,2025-04-24 14:00:00,2025-04-24 21:00:00,21,17:00–22:00 (Evening/NY Overlap),True,ONLINE_CAPTURED,0.94071,0.94996,2025-04-29 02:00:00,0.92262,THESIS_EXIT,WIN,620.65,0.0037,0.01809,0.393,1.923
US500_BASE_1378,US500,SHORT,2025-04-29 08:00:00,2025-04-29 15:00:00,15,09:00–16:00 (Day/London Open),True,ONLINE_CAPTURED,5726.46,5757.7495,2025-04-29 14:00:00,5757.7495,STOP_LOSS_TOUCH,LOSS,-23.45,31.2895,9.38685,0.546,0.164
XAUUSD_BASE_1379,XAUUSD,LONG,2025-04-29 11:00:00,2025-04-29 18:00:00,18,17:00–22:00 (Evening/NY Overlap),True,ONLINE_CAPTURED,2830.56,2813.9565,2025-05-05 08:00:00,2858.69,THESIS_EXIT,LOSS,-2.65,28.13,4.98105,0.994,0.176
USDJPY_BASE_1380,USDJPY,LONG,2025-04-29 22:00:00,2025-04-30 05:00:00,5,00:00–09:00 (Overnight/Asia),False,OFFLINE_MISSED,103.41,102.26875,2025-05-05 10:00:00,104.27,THESIS_EXIT,WIN,6.85,0.4565,0.86,0.441,0.832
XAUUSD_BASE_1382,XAUUSD,LONG,2025-05-06 09:00:00,2025-05-06 16:00:00,16,16:00–17:00 (Dinner Break),False,OFFLINE_MISSED,2872.34,2855.9195,2025-05-07 16:00:00,2868.97,THESIS_EXIT,LOSS,-13.68,3.37,4.92615,0.117,0.172
GBPUSD_BASE_1381,GBPUSD,LONG,2025-05-05 15:00:00,2025-05-05 22:00:00,22,22:00–24:00 (Late Night NY Close),False,OFFLINE_MISSED,0.929,0.9185,2025-05-08 05:00:00,0.93779,THESIS_EXIT,WIN,295.15,0.0042,0.00879,0.452,0.946
BTCUSD_BASE_1383,BTCUSD,SHORT,2025-05-09 11:00:00,2025-05-09 18:00:00,18,17:00–22:00 (Evening/NY Overlap),True,ONLINE_CAPTURED,93909.36,94897.355,2025-05-10 12:00:00,94119.56,THESIS_EXIT,LOSS,-86.07,210.2,296.3985,0.224,0.316
US500_BASE_1384,US500,LONG,2025-05-09 19:00:00,2025-05-10 02:00:00,2,00:00–09:00 (Overnight/Asia),False,OFFLINE_MISSED,5701.96,5659.97125,2025-05-11 22:00:00,5678.63,THESIS_EXIT,LOSS,-20.67,23.33,12.59663,0.409,0.221
BTCUSD_BASE_1385,BTCUSD,LONG,2025-05-11 09:00:00,2025-05-11 16:00:00,16,16:00–17:00 (Dinner Break),False,OFFLINE_MISSED,94030.11,93317.231,2025-05-13 05:00:00,94000.74,THESIS_EXIT,LOSS,-22.78,29.37,213.8637,0.031,0.227
USDJPY_BASE_1387,USDJPY,LONG,2025-05-13 18:00:00,2025-05-14 01:00:00,1,00:00–09:00 (Overnight/Asia),False,OFFLINE_MISSED,103.52,102.25475,2025-05-19 08:00:00,107.2,THESIS_EXIT,WIN,70.3,0.5061,3.68,0.489,3.555
XAUUSD_BASE_1386,XAUUSD,SHORT,2025-05-12 16:00:00,2025-05-12 23:00:00,23,22:00–24:00 (Late Night NY Close),False,OFFLINE_MISSED,2844.16,2872.3465,2025-05-19 10:00:00,2823.8,THESIS_EXIT,LOSS,-5.37,20.36,8.45595,0.716,0.297
GBPUSD_BASE_1388,GBPUSD,SHORT,2025-05-20 07:00:00,2025-05-20 14:00:00,14,09:00–16:00 (Day/London Open),True,ONLINE_CAPTURED,0.91681,0.92706,2025-05-20 12:00:00,0.92348,THESIS_EXIT,LOSS,-245.95,0.00667,0.00307,0.728,0.335
US500_BASE_1389,US500,SHORT,2025-05-20 15:00:00,2025-05-20 22:00:00,22,22:00–24:00 (Late Night NY Close),False,OFFLINE_MISSED,5688.09,5734.18675,2025-05-21 04:00:00,5713.52,THESIS_EXIT,LOSS,-21.4,25.43,13.82902,0.447,0.243
USDJPY_BASE_1390,USDJPY,LONG,2025-05-21 07:00:00,2025-05-21 14:00:00,14,09:00–16:00 (Day/London Open),True,ONLINE_CAPTURED,109.14,107.97275,2025-05-21 14:00:00,107.97275,STOP_LOSS_TOUCH,LOSS,-38.76,1.16725,0.35017,1.069,0.321
GBPUSD_BASE_1391,GBPUSD,LONG,2025-05-23 05:00:00,2025-05-23 12:00:00,12,09:00–16:00 (Day/London Open),True,ONLINE_CAPTURED,0.91579,0.90429,2025-05-23 16:00:00,0.90674,THESIS_EXIT,LOSS,-329.25,0.00905,0.00345,0.988,0.377
BTCUSD_BASE_1393,BTCUSD,LONG,2025-05-24 14:00:00,2025-05-24 21:00:00,21,17:00–22:00 (Evening/NY Overlap),True,ONLINE_CAPTURED,89444.89,88562.3355,2025-05-25 07:00:00,88968.41,THESIS_EXIT,LOSS,-179.27,476.48,264.76635,0.533,0.296
USDJPY_BASE_1394,USDJPY,SHORT,2025-05-26 02:00:00,2025-05-26 09:00:00,9,09:00–16:00 (Day/London Open),True,ONLINE_CAPTURED,106.59,107.49125,2025-05-26 16:00:00,106.94,THESIS_EXIT,LOSS,-20.37,0.35,0.27038,0.328,0.254
BTCUSD_BASE_1395,BTCUSD,SHORT,2025-05-27 06:00:00,2025-05-27 13:00:00,13,09:00–16:00 (Day/London Open),True,ONLINE_CAPTURED,88706.54,89491.97275,2025-05-27 12:00:00,89491.97275,STOP_LOSS_TOUCH,LOSS,-287.4,785.43275,235.62982,0.885,0.266
US500_BASE_1392,US500,SHORT,2025-05-23 07:00:00,2025-05-23 14:00:00,14,09:00–16:00 (Day/London Open),True,ONLINE_CAPTURED,5712.24,5754.5025,2025-05-28 12:00:00,5711.2,THESIS_EXIT,LOSS,-12.14,1.04,12.67875,0.018,0.222
BTCUSD_BASE_1396,BTCUSD,LONG,2025-05-27 16:00:00,2025-05-27 23:00:00,23,22:00–24:00 (Late Night NY Close),False,OFFLINE_MISSED,88997.05,87860.1625,2025-05-29 03:00:00,88780.23,THESIS_EXIT,LOSS,-88.39,216.82,341.06625,0.244,0.383
XAUUSD_BASE_1397,XAUUSD,LONG,2025-05-28 15:00:00,2025-05-28 22:00:00,22,22:00–24:00 (Late Night NY Close),False,OFFLINE_MISSED,2861.95,2840.86,2025-05-29 13:00:00,2856.18,THESIS_EXIT,LOSS,-14.52,5.77,6.327,0.202,0.221
USDJPY_BASE_1399,USDJPY,LONG,2025-05-30 12:00:00,2025-05-30 19:00:00,19,17:00–22:00 (Evening/NY Overlap),True,ONLINE_CAPTURED,107.0,105.955,2025-05-30 14:00:00,105.955,STOP_LOSS_TOUCH,LOSS,-36.01,1.045,0.3135,0.977,0.293
XAUUSD_BASE_1398,XAUUSD,SHORT,2025-05-30 10:00:00,2025-05-30 17:00:00,17,17:00–22:00 (Evening/NY Overlap),True,ONLINE_CAPTURED,2857.32,2873.4875,2025-05-30 16:00:00,2873.4875,STOP_LOSS_TOUCH,LOSS,-18.16,16.1675,4.85025,0.566,0.17
USDJPY_BASE_1401,USDJPY,SHORT,2025-06-02 01:00:00,2025-06-02 08:00:00,8,00:00–09:00 (Overnight/Asia),False,OFFLINE_MISSED,106.01,107.164,2025-06-03 22:00:00,105.74,THESIS_EXIT,LOSS,-6.42,0.27,0.3462,0.255,0.327
XAUUSD_BASE_1402,XAUUSD,LONG,2025-06-04 00:00:00,2025-06-04 07:00:00,7,00:00–09:00 (Overnight/Asia),False,OFFLINE_MISSED,2873.98,2858.45175,2025-06-04 09:00:00,2858.45175,STOP_LOSS_TOUCH,LOSS,-17.93,15.52825,4.65847,0.54,0.162
BTCUSD_BASE_1400,BTCUSD,SHORT,2025-05-31 14:00:00,2025-05-31 21:00:00,21,17:00–22:00 (Evening/NY Overlap),True,ONLINE_CAPTURED,88833.94,89658.2955,2025-06-07 10:00:00,86780.3,THESIS_EXIT,WIN,706.27,329.7422,2053.64,0.371,2.312
BTCUSD_BASE_1404,BTCUSD,LONG,2025-06-07 13:00:00,2025-06-07 20:00:00,20,17:00–22:00 (Evening/NY Overlap),True,ONLINE_CAPTURED,86554.19,85381.87225,2025-06-08 02:00:00,85975.82,THESIS_EXIT,LOSS,-214.93,578.37,351.69533,0.668,0.406
US500_BASE_1405,US500,SHORT,2025-06-10 11:00:00,2025-06-10 18:00:00,18,17:00–22:00 (Evening/NY Overlap),True,ONLINE_CAPTURED,5687.12,5727.012,2025-06-11 08:00:00,5698.02,THESIS_EXIT,LOSS,-16.32,10.9,11.9676,0.192,0.21
XAUUSD_BASE_1403,XAUUSD,SHORT,2025-06-06 11:00:00,2025-06-06 18:00:00,18,17:00–22:00 (Evening/NY Overlap),True,ONLINE_CAPTURED,2844.9,2860.83675,2025-06-11 12:00:00,2830.74,THESIS_EXIT,LOSS,-7.54,14.16,4.78102,0.498,0.168
US500_BASE_1406,US500,LONG,2025-06-11 18:00:00,2025-06-12 01:00:00,1,00:00–09:00 (Overnight/Asia),False,OFFLINE_MISSED,5689.23,5641.67775,2025-06-12 04:00:00,5654.05,THESIS_EXIT,LOSS,-24.81,35.18,14.26567,0.618,0.251
US500_BASE_1407,US500,SHORT,2025-06-12 19:00:00,2025-06-13 02:00:00,2,00:00–09:00 (Overnight/Asia),False,OFFLINE_MISSED,5658.35,5702.118,2025-06-13 05:00:00,5693.66,THESIS_EXIT,LOSS,-24.86,35.31,13.1304,0.624,0.232
BTCUSD_BASE_1408,BTCUSD,LONG,2025-06-13 21:00:00,2025-06-14 04:00:00,4,00:00–09:00 (Overnight/Asia),False,OFFLINE_MISSED,87336.94,86552.20325,2025-06-14 08:00:00,87012.6,THESIS_EXIT,LOSS,-126.02,324.34,235.42102,0.371,0.27
BTCUSD_BASE_1409,BTCUSD,SHORT,2025-06-15 14:00:00,2025-06-15 21:00:00,21,17:00–22:00 (Evening/NY Overlap),True,ONLINE_CAPTURED,86382.9,87281.4005,2025-06-16 14:00:00,87073.36,THESIS_EXIT,LOSS,-254.16,690.46,269.55015,0.799,0.312
US500_BASE_1410,US500,LONG,2025-06-16 10:00:00,2025-06-16 17:00:00,17,17:00–22:00 (Evening/NY Overlap),True,ONLINE_CAPTURED,5686.32,5640.86775,2025-06-16 15:00:00,5640.86775,STOP_LOSS_TOUCH,LOSS,-28.41,45.45225,13.63568,0.799,0.24
USDJPY_BASE_1412,USDJPY,SHORT,2025-06-16 23:00:00,2025-06-17 06:00:00,6,00:00–09:00 (Overnight/Asia),False,OFFLINE_MISSED,104.98,106.165,2025-06-19 15:00:00,104.12,THESIS_EXIT,WIN,6.85,0.474,0.86,0.452,0.819
GBPUSD_BASE_1411,GBPUSD,SHORT,2025-06-16 22:00:00,2025-06-17 05:00:00,5,00:00–09:00 (Overnight/Asia),False,OFFLINE_MISSED,0.91644,0.92544,2025-06-20 12:00:00,0.91985,THESIS_EXIT,LOSS,-131.85,0.00341,0.0027,0.372,0.295
BTCUSD_BASE_1413,BTCUSD,SHORT,2025-06-20 03:00:00,2025-06-20 10:00:00,10,09:00–16:00 (Day/London Open),True,ONLINE_CAPTURED,85325.13,86227.17575,2025-06-21 02:00:00,85552.28,THESIS_EXIT,LOSS,-92.0,227.15,270.61373,0.266,0.317
BTCUSD_BASE_1414,BTCUSD,LONG,2025-06-21 13:00:00,2025-06-21 20:00:00,20,17:00–22:00 (Evening/NY Overlap),True,ONLINE_CAPTURED,85693.57,84822.51775,2025-06-21 19:00:00,84979.79,THESIS_EXIT,LOSS,-262.32,713.78,261.31567,0.833,0.305
USDJPY_BASE_1415,USDJPY,SHORT,2025-06-23 08:00:00,2025-06-23 15:00:00,15,09:00–16:00 (Day/London Open),True,ONLINE_CAPTURED,103.36,104.313,2025-06-23 14:00:00,104.313,STOP_LOSS_TOUCH,LOSS,-33.94,0.953,0.2859,0.922,0.277
USDJPY_BASE_1417,USDJPY,LONG,2025-06-24 02:00:00,2025-06-24 09:00:00,9,09:00–16:00 (Day/London Open),True,ONLINE_CAPTURED,103.79,102.762,2025-06-24 07:00:00,102.762,STOP_LOSS_TOUCH,LOSS,-35.63,1.028,0.3084,0.99,0.297
US500_BASE_1416,US500,LONG,2025-06-23 11:00:00,2025-06-23 18:00:00,18,17:00–22:00 (Evening/NY Overlap),True,ONLINE_CAPTURED,5643.29,5603.21475,2025-06-25 03:00:00,5644.78,THESIS_EXIT,LOSS,-11.98,1.49,12.02257,0.026,0.213
XAUUSD_BASE_1418,XAUUSD,SHORT,2025-06-25 05:00:00,2025-06-25 12:00:00,12,09:00–16:00 (Day/London Open),True,ONLINE_CAPTURED,2841.0,2855.3995,2025-06-26 14:00:00,2850.14,THESIS_EXIT,LOSS,-15.7,9.14,4.31985,0.322,0.152
US500_BASE_1419,US500,SHORT,2025-06-25 13:00:00,2025-06-25 20:00:00,20,17:00–22:00 (Evening/NY Overlap),True,ONLINE_CAPTURED,5637.13,5687.208,2025-06-27 10:00:00,5656.64,THESIS_EXIT,LOSS,-19.33,19.51,15.0234,0.346,0.267
BTCUSD_BASE_1421,BTCUSD,LONG,2025-06-27 11:00:00,2025-06-27 18:00:00,18,17:00–22:00 (Evening/NY Overlap),True,ONLINE_CAPTURED,88338.2,87434.14125,2025-06-27 23:00:00,87705.51,THESIS_EXIT,LOSS,-233.94,632.69,271.21762,0.716,0.307
XAUUSD_BASE_1420,XAUUSD,LONG,2025-06-27 06:00:00,2025-06-27 13:00:00,13,09:00–16:00 (Day/London Open),True,ONLINE_CAPTURED,2851.16,2834.66975,2025-06-30 12:00:00,2855.25,THESIS_EXIT,LOSS,-11.07,4.09,4.94707,0.143,0.174
US500_BASE_1423,US500,SHORT,2025-06-30 20:00:00,2025-07-01 03:00:00,3,00:00–09:00 (Overnight/Asia),False,OFFLINE_MISSED,5602.05,5650.59775,2025-07-01 11:00:00,5619.1,THESIS_EXIT,LOSS,-18.47,17.05,14.56432,0.304,0.26
BTCUSD_BASE_1422,BTCUSD,SHORT,2025-06-29 14:00:00,2025-06-29 21:00:00,21,17:00–22:00 (Evening/NY Overlap),True,ONLINE_CAPTURED,87284.09,88115.96625,2025-07-01 14:00:00,86648.7,THESIS_EXIT,WIN,209.89,332.7505,635.39,0.381,0.728
BTCUSD_BASE_1425,BTCUSD,LONG,2025-07-02 00:00:00,2025-07-02 07:00:00,7,00:00–09:00 (Overnight/Asia),False,OFFLINE_MISSED,86394.65,85486.93575,2025-07-02 09:00:00,86015.82,THESIS_EXIT,LOSS,-145.09,378.83,272.31428,0.438,0.315
US500_BASE_1426,US500,LONG,2025-07-02 09:00:00,2025-07-02 16:00:00,16,16:00–17:00 (Dinner Break),False,OFFLINE_MISSED,5601.89,5555.391,2025-07-03 09:00:00,5597.9,THESIS_EXIT,LOSS,-13.9,3.99,13.9497,0.071,0.249
USDJPY_BASE_1424,USDJPY,SHORT,2025-07-01 18:00:00,2025-07-02 01:00:00,1,00:00–09:00 (Overnight/Asia),False,OFFLINE_MISSED,101.05,102.31975,2025-07-04 10:00:00,99.88,THESIS_EXIT,WIN,13.83,0.5079,1.17,0.503,1.158
BTCUSD_BASE_1427,BTCUSD,LONG,2025-07-04 11:00:00,2025-07-04 18:00:00,18,17:00–22:00 (Evening/NY Overlap),True,ONLINE_CAPTURED,86072.99,85268.2225,2025-07-04 15:00:00,85497.44,THESIS_EXIT,LOSS,-213.94,575.55,241.43025,0.669,0.28
BTCUSD_BASE_1428,BTCUSD,SHORT,2025-07-05 12:00:00,2025-07-05 19:00:00,19,17:00–22:00 (Evening/NY Overlap),True,ONLINE_CAPTURED,85317.3,85974.28,2025-07-05 15:00:00,85974.28,STOP_LOSS_TOUCH,LOSS,-242.44,656.98,197.094,0.77,0.231
BTCUSD_BASE_1429,BTCUSD,LONG,2025-07-06 06:00:00,2025-07-06 13:00:00,13,09:00–16:00 (Day/London Open),True,ONLINE_CAPTURED,85789.99,84886.92675,2025-07-06 07:00:00,84886.92675,STOP_LOSS_TOUCH,LOSS,-328.57,903.06325,270.91898,1.053,0.316
USDJPY_BASE_1430,USDJPY,LONG,2025-07-07 06:00:00,2025-07-07 13:00:00,13,09:00–16:00 (Day/London Open),True,ONLINE_CAPTURED,100.01,99.09475,2025-07-07 10:00:00,99.09475,STOP_LOSS_TOUCH,LOSS,-33.09,0.91525,0.27458,0.915,0.275
XAUUSD_BASE_1431,XAUUSD,SHORT,2025-07-07 08:00:00,2025-07-07 15:00:00,15,09:00–16:00 (Day/London Open),True,ONLINE_CAPTURED,2824.06,2841.462,2025-07-08 10:00:00,2827.8,THESIS_EXIT,LOSS,-13.81,3.74,5.2206,0.132,0.185
US500_BASE_1432,US500,SHORT,2025-07-08 14:00:00,2025-07-08 21:00:00,21,17:00–22:00 (Evening/NY Overlap),True,ONLINE_CAPTURED,5558.85,5610.5915,2025-07-09 08:00:00,5566.42,THESIS_EXIT,LOSS,-15.15,7.57,15.52245,0.136,0.279
BTCUSD_BASE_1434,BTCUSD,SHORT,2025-07-10 05:00:00,2025-07-10 12:00:00,12,09:00–16:00 (Day/London Open),True,ONLINE_CAPTURED,87885.72,88679.2015,2025-07-10 23:00:00,88464.76,THESIS_EXIT,LOSS,-215.16,579.04,238.04445,0.659,0.271
BTCUSD_BASE_1435,BTCUSD,LONG,2025-07-11 10:00:00,2025-07-11 17:00:00,17,17:00–22:00 (Evening/NY Overlap),True,ONLINE_CAPTURED,88514.58,87637.97975,2025-07-11 12:00:00,87637.97975,STOP_LOSS_TOUCH,LOSS,-319.31,876.60025,262.98008,0.99,0.297
XAUUSD_BASE_1433,XAUUSD,LONG,2025-07-08 17:00:00,2025-07-09 00:00:00,0,00:00–09:00 (Overnight/Asia),False,OFFLINE_MISSED,2821.59,2804.258,2025-07-17 18:00:00,2896.14,THESIS_EXIT,WIN,13.59,6.9328,74.55,0.246,2.642
USDJPY_BASE_1436,USDJPY,LONG,2025-07-13 22:00:00,2025-07-14 05:00:00,5,00:00–09:00 (Overnight/Asia),False,OFFLINE_MISSED,98.16,97.1275,2025-07-18 00:00:00,99.29,THESIS_EXIT,WIN,12.93,0.413,1.13,0.421,1.151
GBPUSD_BASE_1437,GBPUSD,LONG,2025-07-21 17:00:00,2025-07-22 00:00:00,0,00:00–09:00 (Overnight/Asia),False,OFFLINE_MISSED,0.90571,0.89521,2025-07-22 01:00:00,0.89907,THESIS_EXIT,LOSS,-244.9,0.00664,0.00315,0.733,0.348
XAUUSD_BASE_1438,XAUUSD,SHORT,2025-07-22 08:00:00,2025-07-22 15:00:00,15,09:00–16:00 (Day/London Open),True,ONLINE_CAPTURED,2891.97,2911.95175,2025-07-22 16:00:00,2911.95175,STOP_LOSS_TOUCH,LOSS,-19.49,19.98175,5.99452,0.691,0.207
US500_BASE_1440,US500,SHORT,2025-07-22 16:00:00,2025-07-22 23:00:00,23,22:00–24:00 (Late Night NY Close),False,OFFLINE_MISSED,5599.9,5653.072,2025-07-23 12:00:00,5634.68,THESIS_EXIT,LOSS,-24.67,34.78,15.9516,0.621,0.285
GBPUSD_BASE_1439,GBPUSD,SHORT,2025-07-22 15:00:00,2025-07-22 22:00:00,22,22:00–24:00 (Late Night NY Close),False,OFFLINE_MISSED,0.89667,0.90667,2025-07-25 08:00:00,0.89753,THESIS_EXIT,LOSS,-42.6,0.00086,0.003,0.096,0.335
BTCUSD_BASE_1441,BTCUSD,LONG,2025-07-24 01:00:00,2025-07-24 08:00:00,8,00:00–09:00 (Overnight/Asia),False,OFFLINE_MISSED,84296.91,83324.1355,2025-07-25 11:00:00,84587.8,THESIS_EXIT,WIN,89.31,389.1098,290.89,0.462,0.345
USDJPY_BASE_1442,USDJPY,SHORT,2025-07-25 08:00:00,2025-07-25 15:00:00,15,09:00–16:00 (Day/London Open),True,ONLINE_CAPTURED,100.6,101.76225,2025-07-25 14:00:00,101.76225,STOP_LOSS_TOUCH,LOSS,-38.65,1.16225,0.34868,1.155,0.347
BTCUSD_BASE_1444,BTCUSD,LONG,2025-07-27 10:00:00,2025-07-27 17:00:00,17,17:00–22:00 (Evening/NY Overlap),True,ONLINE_CAPTURED,84226.51,83524.7775,2025-07-28 13:00:00,84255.22,THESIS_EXIT,LOSS,-2.45,28.71,210.51975,0.034,0.25
XAUUSD_BASE_1443,XAUUSD,LONG,2025-07-25 16:00:00,2025-07-25 23:00:00,23,22:00–24:00 (Late Night NY Close),False,OFFLINE_MISSED,2901.19,2883.5675,2025-07-31 12:00:00,2940.02,THESIS_EXIT,WIN,1.09,7.049,38.83,0.243,1.338
USDJPY_BASE_1445,USDJPY,LONG,2025-07-29 11:00:00,2025-07-29 18:00:00,18,17:00–22:00 (Evening/NY Overlap),True,ONLINE_CAPTURED,102.13,101.00975,2025-08-01 07:00:00,103.49,THESIS_EXIT,WIN,18.1,0.4481,1.36,0.439,1.332
BTCUSD_BASE_1446,BTCUSD,LONG,2025-08-01 14:00:00,2025-08-01 21:00:00,21,17:00–22:00 (Evening/NY Overlap),True,ONLINE_CAPTURED,84629.3,83780.50775,2025-08-05 06:00:00,86549.7,THESIS_EXIT,WIN,659.64,339.5169,1920.4,0.401,2.269
XAUUSD_BASE_1447,XAUUSD,LONG,2025-08-01 16:00:00,2025-08-01 23:00:00,23,22:00–24:00 (Late Night NY Close),False,OFFLINE_MISSED,2946.31,2923.12175,2025-08-06 08:00:00,2956.62,THESIS_EXIT,LOSS,-8.89,10.31,6.95648,0.35,0.236
US500_BASE_1448,US500,SHORT,2025-08-06 03:00:00,2025-08-06 10:00:00,10,09:00–16:00 (Day/London Open),True,ONLINE_CAPTURED,5748.51,5785.41325,2025-08-07 07:00:00,5764.45,THESIS_EXIT,LOSS,-18.08,15.94,11.07098,0.277,0.193
GBPUSD_BASE_1449,GBPUSD,LONG,2025-08-07 12:00:00,2025-08-07 19:00:00,19,17:00–22:00 (Evening/NY Overlap),True,ONLINE_CAPTURED,0.92347,0.91297,2025-08-08 09:00:00,0.92161,THESIS_EXIT,LOSS,-77.6,0.00186,0.00315,0.201,0.341
BTCUSD_BASE_1450,BTCUSD,LONG,2025-08-08 05:00:00,2025-08-08 12:00:00,12,09:00–16:00 (Day/London Open),True,ONLINE_CAPTURED,85020.8,84379.54325,2025-08-09 04:00:00,84627.37,THESIS_EXIT,LOSS,-150.2,393.43,192.37703,0.463,0.226
USDJPY_BASE_1451,USDJPY,SHORT,2025-08-08 16:00:00,2025-08-08 23:00:00,23,22:00–24:00 (Late Night NY Close),False,OFFLINE_MISSED,100.06,101.3055,2025-08-11 15:00:00,100.55,THESIS_EXIT,LOSS,-23.52,0.49,0.37365,0.49,0.373
BTCUSD_BASE_1452,BTCUSD,SHORT,2025-08-09 21:00:00,2025-08-10 04:00:00,4,00:00–09:00 (Overnight/Asia),False,OFFLINE_MISSED,84602.97,85516.21675,2025-08-12 16:00:00,83299.95,THESIS_EXIT,WIN,443.56,365.2987,1303.02,0.432,1.54
GBPUSD_BASE_1453,GBPUSD,LONG,2025-08-12 18:00:00,2025-08-13 01:00:00,1,00:00–09:00 (Overnight/Asia),False,OFFLINE_MISSED,0.91019,0.89994,2025-08-13 10:00:00,0.9045,THESIS_EXIT,LOSS,-211.65,0.00569,0.00307,0.625,0.338
BTCUSD_BASE_1454,BTCUSD,LONG,2025-08-13 04:00:00,2025-08-13 11:00:00,11,09:00–16:00 (Day/London Open),True,ONLINE_CAPTURED,83033.88,82242.803,2025-08-14 10:00:00,82242.803,STOP_LOSS_TOUCH,LOSS,-289.38,791.077,237.3231,0.953,0.286
XAUUSD_BASE_1455,XAUUSD,SHORT,2025-08-13 14:00:00,2025-08-13 21:00:00,21,17:00–22:00 (Evening/NY Overlap),True,ONLINE_CAPTURED,2904.95,2924.80475,2025-08-15 10:00:00,2917.92,THESIS_EXIT,LOSS,-17.04,12.97,5.95642,0.446,0.205
BTCUSD_BASE_1457,BTCUSD,LONG,2025-08-16 05:00:00,2025-08-16 12:00:00,12,09:00–16:00 (Day/London Open),True,ONLINE_CAPTURED,83387.69,82523.786,2025-08-17 00:00:00,83074.08,THESIS_EXIT,LOSS,-122.26,313.61,259.1712,0.376,0.311
GBPUSD_BASE_1456,GBPUSD,LONG,2025-08-15 12:00:00,2025-08-15 19:00:00,19,17:00–22:00 (Evening/NY Overlap),True,ONLINE_CAPTURED,0.89794,0.88869,2025-08-19 11:00:00,0.9011,THESIS_EXIT,WIN,98.1,0.0037,0.00316,0.412,0.352
USDJPY_BASE_1459,USDJPY,SHORT,2025-08-19 13:00:00,2025-08-19 20:00:00,20,17:00–22:00 (Evening/NY Overlap),True,ONLINE_CAPTURED,96.7,97.73925,2025-08-21 04:00:00,96.04,THESIS_EXIT,WIN,2.35,0.4157,0.66,0.43,0.683
GBPUSD_BASE_1460,GBPUSD,SHORT,2025-08-21 05:00:00,2025-08-21 12:00:00,12,09:00–16:00 (Day/London Open),True,ONLINE_CAPTURED,0.90555,0.91405,2025-08-21 08:00:00,0.91027,THESIS_EXIT,LOSS,-177.7,0.00472,0.00255,0.521,0.282
USDJPY_BASE_1461,USDJPY,LONG,2025-08-21 11:00:00,2025-08-21 18:00:00,18,17:00–22:00 (Evening/NY Overlap),True,ONLINE_CAPTURED,95.88,94.92475,2025-08-22 10:00:00,95.33,THESIS_EXIT,LOSS,-24.87,0.55,0.28658,0.574,0.299
BTCUSD_BASE_1458,BTCUSD,SHORT,2025-08-19 06:00:00,2025-08-19 13:00:00,13,09:00–16:00 (Day/London Open),True,ONLINE_CAPTURED,83775.59,84425.2915,2025-08-24 08:00:00,82150.77,THESIS_EXIT,WIN,556.19,259.8806,1624.82,0.31,1.939
BTCUSD_BASE_1462,BTCUSD,LONG,2025-08-25 10:00:00,2025-08-25 17:00:00,17,17:00–22:00 (Evening/NY Overlap),True,ONLINE_CAPTURED,82969.1,82068.45325,2025-08-25 15:00:00,82341.57,THESIS_EXIT,LOSS,-232.14,627.53,270.19402,0.756,0.326
XAUUSD_BASE_1463,XAUUSD,LONG,2025-08-26 07:00:00,2025-08-26 14:00:00,14,09:00–16:00 (Day/London Open),True,ONLINE_CAPTURED,2881.99,2865.71325,2025-08-26 14:00:00,2865.71325,STOP_LOSS_TOUCH,LOSS,-18.2,16.27675,4.88302,0.565,0.169
XAUUSD_BASE_1464,XAUUSD,SHORT,2025-08-26 19:00:00,2025-08-27 02:00:00,2,00:00–09:00 (Overnight/Asia),False,OFFLINE_MISSED,2876.74,2900.71425,2025-08-27 07:00:00,2888.15,THESIS_EXIT,LOSS,-16.49,11.41,7.19228,0.397,0.25
US500_BASE_1466,US500,SHORT,2025-08-27 14:00:00,2025-08-27 21:00:00,21,17:00–22:00 (Evening/NY Overlap),True,ONLINE_CAPTURED,5598.28,5646.107,2025-08-27 15:00:00,5646.107,STOP_LOSS_TOUCH,LOSS,-29.24,47.827,14.3481,0.854,0.256
BTCUSD_BASE_1465,BTCUSD,SHORT,2025-08-26 21:00:00,2025-08-27 04:00:00,4,00:00–09:00 (Overnight/Asia),False,OFFLINE_MISSED,81594.69,82702.98975,2025-08-27 16:00:00,82265.68,THESIS_EXIT,LOSS,-247.35,670.99,332.48993,0.822,0.407
XAUUSD_BASE_1467,XAUUSD,SHORT,2025-08-28 13:00:00,2025-08-28 20:00:00,20,17:00–22:00 (Evening/NY Overlap),True,ONLINE_CAPTURED,2873.15,2892.28775,2025-08-29 14:00:00,2888.4,THESIS_EXIT,LOSS,-17.84,15.25,5.74132,0.531,0.2
BTCUSD_BASE_1468,BTCUSD,SHORT,2025-08-28 14:00:00,2025-08-28 21:00:00,21,17:00–22:00 (Evening/NY Overlap),True,ONLINE_CAPTURED,81543.0,82589.02275,2025-09-01 05:00:00,81607.02,THESIS_EXIT,LOSS,-34.91,64.02,313.80683,0.079,0.385
XAUUSD_BASE_1469,XAUUSD,LONG,2025-08-29 17:00:00,2025-08-30 00:00:00,0,00:00–09:00 (Overnight/Asia),False,OFFLINE_MISSED,2882.0,2858.813,2025-09-02 01:00:00,2870.23,THESIS_EXIT,LOSS,-16.62,11.77,6.9561,0.408,0.241
US500_BASE_1471,US500,LONG,2025-09-02 06:00:00,2025-09-02 13:00:00,13,09:00–16:00 (Day/London Open),True,ONLINE_CAPTURED,5642.98,5609.34925,2025-09-02 14:00:00,5609.34925,STOP_LOSS_TOUCH,LOSS,-24.27,33.63075,10.08923,0.596,0.179
USDJPY_BASE_1470,USDJPY,SHORT,2025-09-01 12:00:00,2025-09-01 19:00:00,19,17:00–22:00 (Evening/NY Overlap),True,ONLINE_CAPTURED,97.71,98.69425,2025-09-02 16:00:00,97.49,THESIS_EXIT,LOSS,-7.55,0.22,0.29528,0.225,0.302
USDJPY_BASE_1473,USDJPY,LONG,2025-09-03 11:00:00,2025-09-03 18:00:00,18,17:00–22:00 (Evening/NY Overlap),True,ONLINE_CAPTURED,97.38,96.38525,2025-09-03 13:00:00,96.38525,STOP_LOSS_TOUCH,LOSS,-34.88,0.99475,0.29842,1.022,0.306
US500_BASE_1474,US500,SHORT,2025-09-04 03:00:00,2025-09-04 10:00:00,10,09:00–16:00 (Day/London Open),True,ONLINE_CAPTURED,5577.86,5617.7845,2025-09-05 09:00:00,5586.56,THESIS_EXIT,LOSS,-15.55,8.7,11.97735,0.156,0.215
BTCUSD_BASE_1472,BTCUSD,LONG,2025-09-02 15:00:00,2025-09-02 22:00:00,22,22:00–24:00 (Late Night NY Close),False,OFFLINE_MISSED,82892.46,81740.154,2025-09-05 15:00:00,82960.16,THESIS_EXIT,WIN,11.19,460.9224,67.7,0.556,0.082
BTCUSD_BASE_1476,BTCUSD,LONG,2025-09-08 14:00:00,2025-09-08 21:00:00,21,17:00–22:00 (Evening/NY Overlap),True,ONLINE_CAPTURED,84591.32,83724.15025,2025-09-09 22:00:00,84143.72,THESIS_EXIT,LOSS,-169.16,447.6,260.15093,0.529,0.308
US500_BASE_1475,US500,LONG,2025-09-08 14:00:00,2025-09-08 21:00:00,21,17:00–22:00 (Evening/NY Overlap),True,ONLINE_CAPTURED,5604.8,5556.2325,2025-09-11 03:00:00,5666.82,THESIS_EXIT,WIN,9.21,19.427,62.02,0.347,1.107
USDJPY_BASE_1477,USDJPY,SHORT,2025-09-11 09:00:00,2025-09-11 16:00:00,16,16:00–17:00 (Dinner Break),False,OFFLINE_MISSED,97.61,98.74975,2025-09-12 10:00:00,98.24,THESIS_EXIT,LOSS,-26.67,0.63,0.34193,0.645,0.35
BTCUSD_BASE_1478,BTCUSD,SHORT,2025-09-12 02:00:00,2025-09-12 09:00:00,9,09:00–16:00 (Day/London Open),True,ONLINE_CAPTURED,83354.63,84167.9275,2025-09-12 14:00:00,83647.47,THESIS_EXIT,LOSS,-114.99,292.84,243.98925,0.351,0.293
USDJPY_BASE_1479,USDJPY,LONG,2025-09-12 14:00:00,2025-09-12 21:00:00,21,17:00–22:00 (Evening/NY Overlap),True,ONLINE_CAPTURED,98.1,96.75225,2025-09-15 16:00:00,97.18,THESIS_EXIT,LOSS,-33.2,0.92,0.40433,0.938,0.412
XAUUSD_BASE_1481,XAUUSD,SHORT,2025-09-16 03:00:00,2025-09-16 10:00:00,10,09:00–16:00 (Day/London Open),True,ONLINE_CAPTURED,2899.83,2915.3285,2025-09-16 10:00:00,2908.37,THESIS_EXIT,LOSS,-15.49,8.54,4.64955,0.295,0.16
GBPUSD_BASE_1480,GBPUSD,LONG,2025-09-12 18:00:00,2025-09-13 01:00:00,1,00:00–09:00 (Overnight/Asia),False,OFFLINE_MISSED,0.85382,0.84107,2025-09-17 07:00:00,0.8809,THESIS_EXIT,WIN,935.3,0.0051,0.02708,0.597,3.172
US500_BASE_1483,US500,SHORT,2025-09-17 10:00:00,2025-09-17 17:00:00,17,17:00–22:00 (Evening/NY Overlap),True,ONLINE_CAPTURED,5687.21,5729.18,2025-09-17 15:00:00,5717.28,THESIS_EXIT,LOSS,-23.02,30.07,12.591,0.529,0.221
BTCUSD_BASE_1484,BTCUSD,LONG,2025-09-17 16:00:00,2025-09-17 23:00:00,23,22:00–24:00 (Late Night NY Close),False,OFFLINE_MISSED,86236.84,85126.86425,2025-09-20 13:00:00,87063.15,THESIS_EXIT,WIN,276.71,443.9903,826.31,0.515,0.958
XAUUSD_BASE_1482,XAUUSD,LONG,2025-09-17 05:00:00,2025-09-17 12:00:00,12,09:00–16:00 (Day/London Open),True,ONLINE_CAPTURED,2906.75,2889.79975,2025-09-22 04:00:00,2904.49,THESIS_EXIT,LOSS,-13.29,2.26,5.08507,0.078,0.175
BTCUSD_BASE_1485,BTCUSD,SHORT,2025-09-20 22:00:00,2025-09-21 05:00:00,5,00:00–09:00 (Overnight/Asia),False,OFFLINE_MISSED,87340.95,88320.18025,2025-09-23 16:00:00,86582.84,THESIS_EXIT,WIN,252.84,391.6921,758.11,0.448,0.868
GBPUSD_BASE_1487,GBPUSD,SHORT,2025-09-24 07:00:00,2025-09-24 14:00:00,14,09:00–16:00 (Day/London Open),True,ONLINE_CAPTURED,0.89495,0.9027,2025-09-24 12:00:00,0.9027,STOP_LOSS_TOUCH,LOSS,-283.75,0.00775,0.00233,0.866,0.26
US500_BASE_1486,US500,SHORT,2025-09-22 14:00:00,2025-09-22 21:00:00,21,17:00–22:00 (Evening/NY Overlap),True,ONLINE_CAPTURED,5647.58,5703.5235,2025-09-24 16:00:00,5604.1,THESIS_EXIT,WIN,2.72,22.3774,43.48,0.396,0.77
USDJPY_BASE_1488,USDJPY,SHORT,2025-09-24 14:00:00,2025-09-24 21:00:00,21,17:00–22:00 (Evening/NY Overlap),True,ONLINE_CAPTURED,94.39,95.46375,2025-09-25 06:00:00,94.65,THESIS_EXIT,LOSS,-18.35,0.26,0.32213,0.275,0.341
XAUUSD_BASE_1489,XAUUSD,SHORT,2025-09-24 16:00:00,2025-09-24 23:00:00,23,22:00–24:00 (Late Night NY Close),False,OFFLINE_MISSED,2860.81,2883.2555,2025-09-25 23:00:00,2871.13,THESIS_EXIT,LOSS,-16.11,10.32,6.73365,0.361,0.235
GBPUSD_BASE_1490,GBPUSD,SHORT,2025-09-25 08:00:00,2025-09-25 15:00:00,15,09:00–16:00 (Day/London Open),True,ONLINE_CAPTURED,0.8954,0.9054,2025-09-26 08:00:00,0.89538,THESIS_EXIT,LOSS,-11.8,2e-05,0.003,0.002,0.335
US500_BASE_1492,US500,SHORT,2025-09-26 09:00:00,2025-09-26 16:00:00,16,16:00–17:00 (Dinner Break),False,OFFLINE_MISSED,5575.69,5618.062,2025-09-26 15:00:00,5618.062,STOP_LOSS_TOUCH,LOSS,-27.33,42.372,12.7116,0.76,0.228
BTCUSD_BASE_1491,BTCUSD,SHORT,2025-09-26 01:00:00,2025-09-26 08:00:00,8,00:00–09:00 (Overnight/Asia),False,OFFLINE_MISSED,85548.9,86273.947,2025-09-30 18:00:00,83051.53,THESIS_EXIT,WIN,861.58,290.0188,2497.37,0.339,2.919
US500_BASE_1493,US500,LONG,2025-09-29 03:00:00,2025-09-29 10:00:00,10,09:00–16:00 (Day/London Open),True,ONLINE_CAPTURED,5581.37,5543.4845,2025-10-02 08:00:00,5655.86,THESIS_EXIT,WIN,13.57,15.1542,74.49,0.272,1.335
GBPUSD_BASE_1494,GBPUSD,SHORT,2025-09-30 23:00:00,2025-10-01 06:00:00,6,00:00–09:00 (Overnight/Asia),False,OFFLINE_MISSED,0.87809,0.88784,2025-10-02 11:00:00,0.88265,THESIS_EXIT,LOSS,-172.1,0.00456,0.00293,0.519,0.333
BTCUSD_BASE_1496,BTCUSD,LONG,2025-10-03 04:00:00,2025-10-03 11:00:00,11,09:00–16:00 (Day/London Open),True,ONLINE_CAPTURED,84791.49,83963.9745,2025-10-03 10:00:00,84162.02,THESIS_EXIT,LOSS,-232.81,629.47,248.25465,0.742,0.293
USDJPY_BASE_1495,USDJPY,LONG,2025-10-02 23:00:00,2025-10-03 06:00:00,6,00:00–09:00 (Overnight/Asia),False,OFFLINE_MISSED,94.56,93.4725,2025-10-03 14:00:00,94.01,THESIS_EXIT,LOSS,-24.87,0.55,0.32625,0.582,0.345
GBPUSD_BASE_1497,GBPUSD,SHORT,2025-10-03 20:00:00,2025-10-04 03:00:00,3,00:00–09:00 (Overnight/Asia),False,OFFLINE_MISSED,0.87933,0.89008,2025-10-06 07:00:00,0.88659,THESIS_EXIT,LOSS,-266.6,0.00726,0.00323,0.826,0.367
XAUUSD_BASE_1498,XAUUSD,SHORT,2025-10-03 21:00:00,2025-10-04 04:00:00,4,00:00–09:00 (Overnight/Asia),False,OFFLINE_MISSED,2928.94,2945.26025,2025-10-07 09:00:00,2939.68,THESIS_EXIT,LOSS,-16.26,10.74,4.89608,0.367,0.167
US500_BASE_1499,US500,LONG,2025-10-07 07:00:00,2025-10-07 14:00:00,14,09:00–16:00 (Day/London Open),True,ONLINE_CAPTURED,5733.68,5698.06425,2025-10-07 13:00:00,5698.06425,STOP_LOSS_TOUCH,LOSS,-24.97,35.61575,10.68472,0.621,0.186
USDJPY_BASE_1501,USDJPY,SHORT,2025-10-09 08:00:00,2025-10-09 15:00:00,15,09:00–16:00 (Day/London Open),True,ONLINE_CAPTURED,89.27,90.218,2025-10-09 09:00:00,89.95,THESIS_EXIT,LOSS,-27.8,0.68,0.2844,0.762,0.319
XAUUSD_BASE_1500,XAUUSD,LONG,2025-10-08 06:00:00,2025-10-08 13:00:00,13,09:00–16:00 (Day/London Open),True,ONLINE_CAPTURED,2938.89,2921.012,2025-10-10 16:00:00,2946.37,THESIS_EXIT,LOSS,-9.88,7.48,5.3634,0.255,0.182
BTCUSD_BASE_1502,BTCUSD,SHORT,2025-10-10 11:00:00,2025-10-10 18:00:00,18,17:00–22:00 (Evening/NY Overlap),True,ONLINE_CAPTURED,82586.31,83397.983,2025-10-11 07:00:00,82581.11,THESIS_EXIT,LOSS,-10.68,5.2,243.5019,0.006,0.295
BTCUSD_BASE_1503,BTCUSD,LONG,2025-10-12 08:00:00,2025-10-12 15:00:00,15,09:00–16:00 (Day/London Open),True,ONLINE_CAPTURED,82680.35,81842.15275,2025-10-13 21:00:00,82513.07,THESIS_EXIT,LOSS,-71.05,167.28,251.45917,0.202,0.304
USDJPY_BASE_1504,USDJPY,SHORT,2025-10-13 09:00:00,2025-10-13 16:00:00,16,16:00–17:00 (Dinner Break),False,OFFLINE_MISSED,87.81,88.98775,2025-10-14 08:00:00,88.1,THESIS_EXIT,LOSS,-19.02,0.29,0.35333,0.33,0.402
BTCUSD_BASE_1505,BTCUSD,SHORT,2025-10-14 07:00:00,2025-10-14 14:00:00,14,09:00–16:00 (Day/London Open),True,ONLINE_CAPTURED,82424.9,83107.086,2025-10-14 14:00:00,83107.086,STOP_LOSS_TOUCH,LOSS,-251.27,682.186,204.6558,0.828,0.248
GBPUSD_BASE_1507,GBPUSD,LONG,2025-10-16 13:00:00,2025-10-16 20:00:00,20,17:00–22:00 (Evening/NY Overlap),True,ONLINE_CAPTURED,0.86825,0.859,2025-10-16 22:00:00,0.8616,THESIS_EXIT,LOSS,-245.25,0.00665,0.00277,0.766,0.32
USDJPY_BASE_1506,USDJPY,LONG,2025-10-15 03:00:00,2025-10-15 10:00:00,10,09:00–16:00 (Day/London Open),True,ONLINE_CAPTURED,88.64,87.6805,2025-10-17 13:00:00,88.63,THESIS_EXIT,LOSS,-12.73,0.01,0.28785,0.011,0.325
USDJPY_BASE_1509,USDJPY,SHORT,2025-10-21 08:00:00,2025-10-21 15:00:00,15,09:00–16:00 (Day/London Open),True,ONLINE_CAPTURED,87.28,88.3875,2025-10-21 14:00:00,88.3875,STOP_LOSS_TOUCH,LOSS,-37.42,1.1075,0.33225,1.269,0.381
XAUUSD_BASE_1508,XAUUSD,SHORT,2025-10-17 03:00:00,2025-10-17 10:00:00,10,09:00–16:00 (Day/London Open),True,ONLINE_CAPTURED,2939.98,2955.53675,2025-10-21 19:00:00,2932.24,THESIS_EXIT,LOSS,-9.79,7.74,4.66703,0.263,0.159
US500_BASE_1510,US500,LONG,2025-10-22 07:00:00,2025-10-22 14:00:00,14,09:00–16:00 (Day/London Open),True,ONLINE_CAPTURED,5648.19,5601.619,2025-10-22 11:00:00,5601.619,STOP_LOSS_TOUCH,LOSS,-28.8,46.571,13.9713,0.825,0.247
USDJPY_BASE_1511,USDJPY,LONG,2025-10-22 07:00:00,2025-10-22 14:00:00,14,09:00–16:00 (Day/London Open),True,ONLINE_CAPTURED,87.92,86.85625,2025-10-22 12:00:00,86.85625,STOP_LOSS_TOUCH,LOSS,-36.43,1.06375,0.31912,1.21,0.363
BTCUSD_BASE_1512,BTCUSD,LONG,2025-10-22 17:00:00,2025-10-23 00:00:00,0,00:00–09:00 (Overnight/Asia),False,OFFLINE_MISSED,85866.87,85098.70775,2025-10-23 06:00:00,85485.1,THESIS_EXIT,LOSS,-146.12,381.77,230.44867,0.445,0.268
XAUUSD_BASE_1513,XAUUSD,LONG,2025-10-23 00:00:00,2025-10-23 07:00:00,7,00:00–09:00 (Overnight/Asia),False,OFFLINE_MISSED,2931.64,2914.82375,2025-10-23 15:00:00,2914.82375,STOP_LOSS_TOUCH,LOSS,-18.39,16.81625,5.04487,0.574,0.172
GBPUSD_BASE_1515,GBPUSD,LONG,2025-10-24 00:00:00,2025-10-24 07:00:00,7,00:00–09:00 (Overnight/Asia),False,OFFLINE_MISSED,0.87811,0.86961,2025-10-24 10:00:00,0.86961,STOP_LOSS_TOUCH,LOSS,-310.0,0.0085,0.00255,0.968,0.29
GBPUSD_BASE_1516,GBPUSD,SHORT,2025-10-24 16:00:00,2025-10-24 23:00:00,23,22:00–24:00 (Late Night NY Close),False,OFFLINE_MISSED,0.87484,0.88759,2025-10-27 13:00:00,0.87861,THESIS_EXIT,LOSS,-144.45,0.00377,0.00383,0.431,0.437
USDJPY_BASE_1514,USDJPY,SHORT,2025-10-23 16:00:00,2025-10-23 23:00:00,23,22:00–24:00 (Late Night NY Close),False,OFFLINE_MISSED,87.2,88.30925,2025-10-29 16:00:00,84.86,THESIS_EXIT,WIN,40.15,0.4437,2.34,0.509,2.683
BTCUSD_BASE_1517,BTCUSD,LONG,2025-10-28 05:00:00,2025-10-28 12:00:00,12,09:00–16:00 (Day/London Open),True,ONLINE_CAPTURED,87213.51,86310.62025,2025-10-29 18:00:00,87390.97,THESIS_EXIT,WIN,49.61,361.1559,177.46,0.414,0.203
USDJPY_BASE_1519,USDJPY,SHORT,2025-10-30 18:00:00,2025-10-31 01:00:00,1,00:00–09:00 (Overnight/Asia),False,OFFLINE_MISSED,84.54,85.7135,2025-10-31 10:00:00,85.21,THESIS_EXIT,LOSS,-27.57,0.67,0.35205,0.793,0.416
BTCUSD_BASE_1520,BTCUSD,LONG,2025-10-31 10:00:00,2025-10-31 17:00:00,17,17:00–22:00 (Evening/NY Overlap),True,ONLINE_CAPTURED,88244.52,87503.43925,2025-10-31 13:00:00,87503.43925,STOP_LOSS_TOUCH,LOSS,-271.88,741.08075,222.32422,0.84,0.252
XAUUSD_BASE_1518,XAUUSD,SHORT,2025-10-30 14:00:00,2025-10-30 21:00:00,21,17:00–22:00 (Evening/NY Overlap),True,ONLINE_CAPTURED,2935.65,2955.2825,2025-11-03 00:00:00,2935.31,THESIS_EXIT,LOSS,-12.38,0.34,5.88975,0.012,0.201
BTCUSD_BASE_1521,BTCUSD,SHORT,2025-11-01 00:00:00,2025-11-01 07:00:00,7,00:00–09:00 (Overnight/Asia),False,OFFLINE_MISSED,87710.98,88609.07,2025-11-04 03:00:00,87053.65,THESIS_EXIT,WIN,217.57,359.236,657.33,0.41,0.749
USDJPY_BASE_1522,USDJPY,SHORT,2025-11-03 12:00:00,2025-11-03 19:00:00,19,17:00–22:00 (Evening/NY Overlap),True,ONLINE_CAPTURED,84.1,85.01775,2025-11-05 05:00:00,83.94,THESIS_EXIT,LOSS,-8.9,0.16,0.27532,0.19,0.327
BTCUSD_BASE_1523,BTCUSD,LONG,2025-11-04 10:00:00,2025-11-04 17:00:00,17,17:00–22:00 (Evening/NY Overlap),True,ONLINE_CAPTURED,86919.05,86163.8215,2025-11-05 13:00:00,86696.4,THESIS_EXIT,LOSS,-90.43,222.65,226.56855,0.256,0.261
US500_BASE_1524,US500,LONG,2025-11-05 10:00:00,2025-11-05 17:00:00,17,17:00–22:00 (Evening/NY Overlap),True,ONLINE_CAPTURED,5404.67,5358.43925,2025-11-05 15:00:00,5358.43925,STOP_LOSS_TOUCH,LOSS,-28.68,46.23075,13.86922,0.855,0.257
USDJPY_BASE_1525,USDJPY,LONG,2025-11-06 00:00:00,2025-11-06 07:00:00,7,00:00–09:00 (Overnight/Asia),False,OFFLINE_MISSED,84.47,83.5555,2025-11-06 05:00:00,83.84,THESIS_EXIT,LOSS,-26.67,0.63,0.27435,0.746,0.325
XAUUSD_BASE_1526,XAUUSD,SHORT,2025-11-06 20:00:00,2025-11-07 03:00:00,3,00:00–09:00 (Overnight/Asia),False,OFFLINE_MISSED,2939.82,2961.529,2025-11-10 11:00:00,2939.26,THESIS_EXIT,LOSS,-12.3,0.56,6.5127,0.019,0.222
BTCUSD_BASE_1527,BTCUSD,SHORT,2025-11-07 14:00:00,2025-11-07 21:00:00,21,17:00–22:00 (Evening/NY Overlap),True,ONLINE_CAPTURED,85488.75,86283.60025,2025-11-10 17:00:00,85357.89,THESIS_EXIT,WIN,33.3,317.9401,130.86,0.372,0.153
USDJPY_BASE_1528,USDJPY,SHORT,2025-11-10 14:00:00,2025-11-10 21:00:00,21,17:00–22:00 (Evening/NY Overlap),True,ONLINE_CAPTURED,83.21,84.168,2025-11-11 14:00:00,83.39,THESIS_EXIT,LOSS,-16.55,0.18,0.2874,0.216,0.345
XAUUSD_BASE_1529,XAUUSD,LONG,2025-11-11 00:00:00,2025-11-11 07:00:00,7,00:00–09:00 (Overnight/Asia),False,OFFLINE_MISSED,2931.1,2911.873,2025-11-11 16:00:00,2921.41,THESIS_EXIT,LOSS,-15.89,9.69,5.7681,0.331,0.197
GBPUSD_BASE_1530,GBPUSD,SHORT,2025-11-11 22:00:00,2025-11-12 05:00:00,5,00:00–09:00 (Overnight/Asia),False,OFFLINE_MISSED,0.88975,0.89975,2025-11-12 08:00:00,0.89517,THESIS_EXIT,LOSS,-202.2,0.00542,0.003,0.609,0.337
XAUUSD_BASE_1531,XAUUSD,SHORT,2025-11-12 09:00:00,2025-11-12 16:00:00,16,16:00–17:00 (Dinner Break),False,OFFLINE_MISSED,2921.99,2937.02475,2025-11-12 10:00:00,2937.02475,STOP_LOSS_TOUCH,LOSS,-17.76,15.03475,4.51042,0.515,0.154
US500_BASE_1533,US500,LONG,2025-11-12 15:00:00,2025-11-12 22:00:00,22,22:00–24:00 (Late Night NY Close),False,OFFLINE_MISSED,5427.34,5374.08025,2025-11-13 04:00:00,5388.19,THESIS_EXIT,LOSS,-26.2,39.15,15.97793,0.721,0.294
BTCUSD_BASE_1532,BTCUSD,LONG,2025-11-12 10:00:00,2025-11-12 17:00:00,17,17:00–22:00 (Evening/NY Overlap),True,ONLINE_CAPTURED,86948.04,86040.723,2025-11-14 11:00:00,86905.96,THESIS_EXIT,LOSS,-27.23,42.08,272.1951,0.048,0.313
XAUUSD_BASE_1535,XAUUSD,LONG,2025-11-14 21:00:00,2025-11-15 04:00:00,4,00:00–09:00 (Overnight/Asia),False,OFFLINE_MISSED,2909.88,2892.22325,2025-11-17 19:00:00,2903.89,THESIS_EXIT,LOSS,-14.6,5.99,5.29703,0.206,0.182
US500_BASE_1534,US500,SHORT,2025-11-13 12:00:00,2025-11-13 19:00:00,19,17:00–22:00 (Evening/NY Overlap),True,ONLINE_CAPTURED,5404.74,5450.1585,2025-11-18 16:00:00,5328.51,THESIS_EXIT,WIN,14.18,18.1674,76.23,0.336,1.41
GBPUSD_BASE_1537,GBPUSD,SHORT,2025-11-19 05:00:00,2025-11-19 12:00:00,12,09:00–16:00 (Day/London Open),True,ONLINE_CAPTURED,0.9191,0.92685,2025-11-19 11:00:00,0.9259,THESIS_EXIT,LOSS,-250.5,0.0068,0.00233,0.74,0.253
BTCUSD_BASE_1538,BTCUSD,SHORT,2025-11-19 12:00:00,2025-11-19 19:00:00,19,17:00–22:00 (Evening/NY Overlap),True,ONLINE_CAPTURED,86592.34,87545.97725,2025-11-20 13:00:00,87162.14,THESIS_EXIT,LOSS,-211.93,569.8,286.09117,0.658,0.33
USDJPY_BASE_1536,USDJPY,SHORT,2025-11-18 17:00:00,2025-11-19 00:00:00,0,00:00–09:00 (Overnight/Asia),False,OFFLINE_MISSED,80.25,81.58025,2025-11-21 10:00:00,79.32,THESIS_EXIT,WIN,8.43,0.5321,0.93,0.663,1.159
BTCUSD_BASE_1539,BTCUSD,LONG,2025-11-20 15:00:00,2025-11-20 22:00:00,22,22:00–24:00 (Late Night NY Close),False,OFFLINE_MISSED,86877.7,85928.254,2025-11-21 10:00:00,86239.23,THESIS_EXIT,LOSS,-235.96,638.47,284.8338,0.735,0.328
BTCUSD_BASE_1540,BTCUSD,SHORT,2025-11-23 11:00:00,2025-11-23 18:00:00,18,17:00–22:00 (Evening/NY Overlap),True,ONLINE_CAPTURED,85799.83,86751.44725,2025-11-24 12:00:00,86751.44725,STOP_LOSS_TOUCH,LOSS,-345.57,951.61725,285.48517,1.109,0.333
GBPUSD_BASE_1542,GBPUSD,LONG,2025-11-27 15:00:00,2025-11-27 22:00:00,22,22:00–24:00 (Late Night NY Close),False,OFFLINE_MISSED,0.93003,0.91853,2025-11-28 07:00:00,0.92293,THESIS_EXIT,LOSS,-261.0,0.0071,0.00345,0.763,0.371
US500_BASE_1541,US500,SHORT,2025-11-25 12:00:00,2025-11-25 19:00:00,19,17:00–22:00 (Evening/NY Overlap),True,ONLINE_CAPTURED,5333.0,5378.66225,2025-11-28 09:00:00,5306.69,THESIS_EXIT,LOSS,-3.29,26.31,13.69868,0.493,0.257
USDJPY_BASE_1544,USDJPY,SHORT,2025-11-28 13:00:00,2025-11-28 20:00:00,20,17:00–22:00 (Evening/NY Overlap),True,ONLINE_CAPTURED,77.62,78.952,2025-11-28 16:00:00,78.952,STOP_LOSS_TOUCH,LOSS,-42.47,1.332,0.3996,1.716,0.515
BTCUSD_BASE_1545,BTCUSD,LONG,2025-11-29 21:00:00,2025-11-30 04:00:00,4,00:00–09:00 (Overnight/Asia),False,OFFLINE_MISSED,84646.72,83728.666,2025-11-30 08:00:00,84214.32,THESIS_EXIT,LOSS,-163.84,432.4,275.4162,0.511,0.325
XAUUSD_BASE_1543,XAUUSD,SHORT,2025-11-28 09:00:00,2025-11-28 16:00:00,16,16:00–17:00 (Dinner Break),False,OFFLINE_MISSED,2856.29,2867.79875,2025-12-02 00:00:00,2858.68,THESIS_EXIT,LOSS,-13.34,2.39,3.45262,0.084,0.121
US500_BASE_1546,US500,SHORT,2025-12-01 04:00:00,2025-12-01 11:00:00,11,09:00–16:00 (Day/London Open),True,ONLINE_CAPTURED,5279.26,5318.03675,2025-12-02 11:00:00,5285.92,THESIS_EXIT,LOSS,-14.83,6.66,11.63302,0.126,0.22
GBPUSD_BASE_1548,GBPUSD,SHORT,2025-12-03 07:00:00,2025-12-03 14:00:00,14,09:00–16:00 (Day/London Open),True,ONLINE_CAPTURED,0.89967,0.91067,2025-12-03 12:00:00,0.91067,STOP_LOSS_TOUCH,LOSS,-397.5,0.011,0.0033,1.223,0.367
BTCUSD_BASE_1549,BTCUSD,LONG,2025-12-03 12:00:00,2025-12-03 19:00:00,19,17:00–22:00 (Evening/NY Overlap),True,ONLINE_CAPTURED,85018.17,83893.44275,2025-12-04 19:00:00,84438.92,THESIS_EXIT,LOSS,-215.24,579.25,337.41817,0.681,0.397
US500_BASE_1550,US500,SHORT,2025-12-04 22:00:00,2025-12-05 05:00:00,5,00:00–09:00 (Overnight/Asia),False,OFFLINE_MISSED,5279.78,5326.15925,2025-12-05 13:00:00,5299.91,THESIS_EXIT,LOSS,-19.55,20.13,13.91377,0.381,0.264
BTCUSD_BASE_1551,BTCUSD,SHORT,2025-12-06 03:00:00,2025-12-06 10:00:00,10,09:00–16:00 (Day/London Open),True,ONLINE_CAPTURED,84795.64,85589.215,2025-12-06 06:00:00,85253.22,THESIS_EXIT,LOSS,-172.65,457.58,238.0725,0.54,0.281
BTCUSD_BASE_1552,BTCUSD,SHORT,2025-12-07 13:00:00,2025-12-07 20:00:00,20,17:00–22:00 (Evening/NY Overlap),True,ONLINE_CAPTURED,83961.42,84817.986,2025-12-07 21:00:00,84574.9,THESIS_EXIT,LOSS,-227.22,613.48,256.9698,0.731,0.306
XAUUSD_BASE_1547,XAUUSD,LONG,2025-12-02 14:00:00,2025-12-02 21:00:00,21,17:00–22:00 (Evening/NY Overlap),True,ONLINE_CAPTURED,2860.56,2844.59675,2025-12-09 11:00:00,2948.76,THESIS_EXIT,WIN,18.37,6.3853,88.2,0.223,3.083
USDJPY_BASE_1554,USDJPY,SHORT,2025-12-09 17:00:00,2025-12-10 00:00:00,0,00:00–09:00 (Overnight/Asia),False,OFFLINE_MISSED,79.04,80.3235,2025-12-10 03:00:00,79.67,THESIS_EXIT,LOSS,-26.67,0.63,0.38505,0.797,0.487
US500_BASE_1553,US500,LONG,2025-12-08 11:00:00,2025-12-08 18:00:00,18,17:00–22:00 (Evening/NY Overlap),True,ONLINE_CAPTURED,5317.32,5273.068,2025-12-12 07:00:00,5388.24,THESIS_EXIT,WIN,12.32,17.7008,70.92,0.333,1.334
XAUUSD_BASE_1556,XAUUSD,SHORT,2025-12-12 09:00:00,2025-12-12 16:00:00,16,16:00–17:00 (Dinner Break),False,OFFLINE_MISSED,2940.85,2955.7385,2025-12-12 12:00:00,2949.6,THESIS_EXIT,LOSS,-15.56,8.75,4.46655,0.298,0.152
USDJPY_BASE_1555,USDJPY,LONG,2025-12-10 16:00:00,2025-12-10 23:00:00,23,22:00–24:00 (Late Night NY Close),False,OFFLINE_MISSED,79.45,78.27325,2025-12-12 14:00:00,80.3,THESIS_EXIT,WIN,6.62,0.4707,0.85,0.592,1.07
BTCUSD_BASE_1558,BTCUSD,SHORT,2025-12-13 08:00:00,2025-12-13 15:00:00,15,09:00–16:00 (Day/London Open),True,ONLINE_CAPTURED,81733.26,82338.599,2025-12-13 11:00:00,82338.599,STOP_LOSS_TOUCH,LOSS,-224.37,605.339,181.6017,0.741,0.222
GBPUSD_BASE_1557,GBPUSD,SHORT,2025-12-12 18:00:00,2025-12-13 01:00:00,1,00:00–09:00 (Overnight/Asia),False,OFFLINE_MISSED,0.90012,0.91012,2025-12-16 14:00:00,0.885,THESIS_EXIT,WIN,516.7,0.004,0.01512,0.444,1.68
XAUUSD_BASE_1559,XAUUSD,LONG,2025-12-15 02:00:00,2025-12-15 09:00:00,9,09:00–16:00 (Day/London Open),True,ONLINE_CAPTURED,2945.23,2928.214,2025-12-16 15:00:00,2932.87,THESIS_EXIT,LOSS,-16.83,12.36,5.1048,0.42,0.173
XAUUSD_BASE_1561,XAUUSD,SHORT,2025-12-17 15:00:00,2025-12-17 22:00:00,22,22:00–24:00 (Late Night NY Close),False,OFFLINE_MISSED,2932.67,2949.60425,2025-12-23 10:00:00,2900.28,THESIS_EXIT,LOSS,-1.16,32.39,5.08027,1.104,0.173
GBPUSD_BASE_1560,GBPUSD,LONG,2025-12-16 17:00:00,2025-12-17 00:00:00,0,00:00–09:00 (Overnight/Asia),False,OFFLINE_MISSED,0.88083,0.86833,2025-12-23 12:00:00,0.89132,THESIS_EXIT,WIN,354.65,0.005,0.01049,0.568,1.191
US500_BASE_1562,US500,SHORT,2025-12-23 18:00:00,2025-12-24 01:00:00,1,00:00–09:00 (Overnight/Asia),False,OFFLINE_MISSED,5387.67,5430.474,2025-12-24 01:00:00,5409.45,THESIS_EXIT,LOSS,-20.12,21.78,12.8412,0.404,0.238
XAUUSD_BASE_1563,XAUUSD,LONG,2025-12-24 09:00:00,2025-12-24 16:00:00,16,16:00–17:00 (Dinner Break),False,OFFLINE_MISSED,2901.33,2886.17025,2025-12-25 08:00:00,2890.56,THESIS_EXIT,LOSS,-16.27,10.77,4.54792,0.371,0.157
US500_BASE_1564,US500,LONG,2025-12-24 13:00:00,2025-12-24 20:00:00,20,17:00–22:00 (Evening/NY Overlap),True,ONLINE_CAPTURED,5402.41,5354.19375,2025-12-25 11:00:00,5421.02,THESIS_EXIT,LOSS,-5.99,18.61,14.46488,0.344,0.268
BTCUSD_BASE_1566,BTCUSD,LONG,2025-12-25 19:00:00,2025-12-26 02:00:00,2,00:00–09:00 (Overnight/Asia),False,OFFLINE_MISSED,79862.74,79229.309,2025-12-27 09:00:00,80459.46,THESIS_EXIT,WIN,196.35,253.3724,596.72,0.317,0.747
US500_BASE_1565,US500,SHORT,2025-12-25 19:00:00,2025-12-26 02:00:00,2,00:00–09:00 (Overnight/Asia),False,OFFLINE_MISSED,5442.76,5488.734,2025-12-29 07:00:00,5473.25,THESIS_EXIT,LOSS,-23.17,30.49,13.7922,0.56,0.253
BTCUSD_BASE_1567,BTCUSD,LONG,2025-12-28 14:00:00,2025-12-28 21:00:00,21,17:00–22:00 (Evening/NY Overlap),True,ONLINE_CAPTURED,81776.84,80848.5205,2025-12-30 00:00:00,81354.34,THESIS_EXIT,LOSS,-160.37,422.5,278.49585,0.517,0.341
XAUUSD_BASE_1568,XAUUSD,LONG,2025-12-30 00:00:00,2025-12-30 07:00:00,7,00:00–09:00 (Overnight/Asia),False,OFFLINE_MISSED,2913.06,2895.5595,2025-12-30 07:00:00,2895.5595,STOP_LOSS_TOUCH,LOSS,-18.63,17.5005,5.25015,0.601,0.18
XAUUSD_BASE_1569,XAUUSD,SHORT,2025-12-30 14:00:00,2025-12-30 21:00:00,21,17:00–22:00 (Evening/NY Overlap),True,ONLINE_CAPTURED,2910.4,2929.26925,2025-12-31 02:00:00,2929.26925,STOP_LOSS_TOUCH,LOSS,-19.1,18.86925,5.66078,0.648,0.195
US500_BASE_1571,US500,SHORT,2025-12-31 08:00:00,2025-12-31 15:00:00,15,09:00–16:00 (Day/London Open),True,ONLINE_CAPTURED,5487.35,5523.83425,2025-12-31 12:00:00,5523.83425,STOP_LOSS_TOUCH,LOSS,-25.27,36.48425,10.94528,0.665,0.199
BTCUSD_BASE_1570,BTCUSD,SHORT,2025-12-30 15:00:00,2025-12-30 22:00:00,22,22:00–24:00 (Late Night NY Close),False,OFFLINE_MISSED,81314.22,82165.49925,2025-12-31 14:00:00,81596.63,THESIS_EXIT,LOSS,-111.34,282.41,255.38378,0.347,0.314
