rank_pnl,trade_id,symbol,direction,entry_time_thai,thai_hour,is_user_online,schedule_status,hypothetical_net_pnl_thb,outcome,mae_pct,mfe_pct
1,GBPUSD_BASE_883,GBPUSD,LONG,2023-05-24 14:00:00,14,True,ONLINE_CAPTURED,3357.3,WIN,0.335,8.951
2,BTCUSD_BASE_610,BTCUSD,LONG,2022-05-02 22:00:00,22,False,OFFLINE_MISSED,2529.75,WIN,1.207,22.029
3,GBPUSD_BASE_696,GBPUSD,SHORT,2022-09-07 08:00:00,8,False,OFFLINE_MISSED,1836.55,WIN,0.361,4.331
4,GBPUSD_BASE_723,GBPUSD,SHORT,2022-10-19 18:00:00,18,True,ONLINE_CAPTURED,1671.35,WIN,0.361,4.136
5,GBPUSD_BASE_1304,GBPUSD,SHORT,2025-01-01 02:00:00,2,False,OFFLINE_MISSED,1508.6,WIN,0.412,4.37
6,BTCUSD_BASE_196,BTCUSD,LONG,2020-09-19 10:00:00,10,True,ONLINE_CAPTURED,1504.54,WIN,0.719,12.116
7,BTCUSD_BASE_255,BTCUSD,SHORT,2020-12-11 13:00:00,13,True,ONLINE_CAPTURED,1450.84,WIN,0.729,8.291
8,BTCUSD_BASE_125,BTCUSD,SHORT,2020-06-15 11:00:00,11,True,ONLINE_CAPTURED,1437.71,WIN,1.074,13.418
9,BTCUSD_BASE_762,BTCUSD,SHORT,2022-12-17 00:00:00,0,False,OFFLINE_MISSED,1391.27,WIN,1.064,11.883
10,BTCUSD_BASE_462,BTCUSD,LONG,2021-10-01 04:00:00,4,False,OFFLINE_MISSED,1267.12,WIN,1.11,10.505
11,BTCUSD_BASE_1204,BTCUSD,LONG,2024-08-20 23:00:00,23,False,OFFLINE_MISSED,1252.49,WIN,0.443,4.054
12,GBPUSD_BASE_471,GBPUSD,SHORT,2021-10-15 19:00:00,19,True,ONLINE_CAPTURED,1247.5,WIN,0.343,2.868
13,BTCUSD_BASE_558,BTCUSD,SHORT,2022-02-17 13:00:00,13,True,ONLINE_CAPTURED,1198.18,WIN,0.985,10.311
14,BTCUSD_BASE_643,BTCUSD,LONG,2022-06-25 09:00:00,9,True,ONLINE_CAPTURED,1178.36,WIN,0.696,7.964
15,BTCUSD_BASE_868,BTCUSD,LONG,2023-05-04 02:00:00,2,False,OFFLINE_MISSED,1149.82,WIN,0.949,8.558
16,BTCUSD_BASE_253,BTCUSD,LONG,2020-12-06 22:00:00,22,False,OFFLINE_MISSED,1115.87,WIN,0.596,6.764
17,GBPUSD_BASE_1351,GBPUSD,SHORT,2025-03-20 19:00:00,19,True,ONLINE_CAPTURED,1109.95,WIN,0.329,3.194
18,BTCUSD_BASE_1157,BTCUSD,LONG,2024-06-19 05:00:00,5,False,OFFLINE_MISSED,1092.57,WIN,0.542,3.768
19,GBPUSD_BASE_1250,GBPUSD,SHORT,2024-10-21 06:00:00,6,False,OFFLINE_MISSED,1050.8,WIN,0.378,3.025
20,BTCUSD_BASE_998,BTCUSD,LONG,2023-11-20 23:00:00,23,False,OFFLINE_MISSED,1050.76,WIN,0.796,5.072
21,GBPUSD_BASE_540,GBPUSD,SHORT,2022-01-26 00:00:00,0,False,OFFLINE_MISSED,1018.25,WIN,0.338,2.616
22,GBPUSD_BASE_479,GBPUSD,SHORT,2021-10-27 10:00:00,10,True,ONLINE_CAPTURED,1006.0,WIN,0.311,2.378
23,BTCUSD_BASE_565,BTCUSD,LONG,2022-03-02 21:00:00,21,True,ONLINE_CAPTURED,992.38,WIN,1.473,10.168
24,BTCUSD_BASE_64,BTCUSD,LONG,2020-03-15 00:00:00,0,False,OFFLINE_MISSED,979.82,WIN,2.929,20.096
25,GBPUSD_BASE_409,GBPUSD,LONG,2021-07-21 00:00:00,0,False,OFFLINE_MISSED,973.45,WIN,0.427,2.356
26,GBPUSD_BASE_1480,GBPUSD,LONG,2025-09-13 01:00:00,1,False,OFFLINE_MISSED,935.3,WIN,0.597,3.172
27,BTCUSD_BASE_94,BTCUSD,LONG,2020-05-02 18:00:00,18,True,ONLINE_CAPTURED,928.6,WIN,1.413,13.698
28,GBPUSD_BASE_359,GBPUSD,SHORT,2021-05-07 19:00:00,19,True,ONLINE_CAPTURED,861.8,WIN,0.341,1.895
29,BTCUSD_BASE_1491,BTCUSD,SHORT,2025-09-26 08:00:00,8,False,OFFLINE_MISSED,861.58,WIN,0.339,2.919
30,GBPUSD_BASE_84,GBPUSD,SHORT,2020-04-16 23:00:00,23,False,OFFLINE_MISSED,860.05,WIN,0.259,1.959
31,BTCUSD_BASE_817,BTCUSD,LONG,2023-02-27 22:00:00,22,False,OFFLINE_MISSED,852.38,WIN,2.024,11.9
32,BTCUSD_BASE_483,BTCUSD,LONG,2021-11-08 21:00:00,21,True,ONLINE_CAPTURED,849.94,WIN,1.171,7.618
33,GBPUSD_BASE_909,GBPUSD,LONG,2023-07-05 01:00:00,1,False,OFFLINE_MISSED,811.05,WIN,0.304,2.104
34,GBPUSD_BASE_386,GBPUSD,SHORT,2021-06-16 15:00:00,15,True,ONLINE_CAPTURED,807.9,WIN,0.263,1.924
35,GBPUSD_BASE_879,GBPUSD,SHORT,2023-05-18 15:00:00,15,True,ONLINE_CAPTURED,805.1,WIN,0.391,2.123
36,BTCUSD_BASE_222,BTCUSD,SHORT,2020-10-29 16:00:00,16,False,OFFLINE_MISSED,792.66,WIN,0.664,4.82
37,GBPUSD_BASE_673,GBPUSD,SHORT,2022-08-02 15:00:00,15,True,ONLINE_CAPTURED,761.7,WIN,0.326,1.896
38,BTCUSD_BASE_1254,BTCUSD,LONG,2024-10-26 18:00:00,18,True,ONLINE_CAPTURED,757.16,WIN,0.316,2.372
39,GBPUSD_BASE_282,GBPUSD,SHORT,2021-01-18 18:00:00,18,True,ONLINE_CAPTURED,756.8,WIN,0.271,1.7
40,GBPUSD_BASE_717,GBPUSD,LONG,2022-10-10 10:00:00,10,True,ONLINE_CAPTURED,747.0,WIN,0.315,1.85
41,BTCUSD_BASE_381,BTCUSD,SHORT,2021-06-09 17:00:00,17,True,ONLINE_CAPTURED,728.03,WIN,0.919,5.061
42,BTCUSD_BASE_593,BTCUSD,SHORT,2022-04-13 09:00:00,9,True,ONLINE_CAPTURED,712.15,WIN,1.037,6.954
43,BTCUSD_BASE_1400,BTCUSD,SHORT,2025-05-31 21:00:00,21,True,ONLINE_CAPTURED,706.27,WIN,0.371,2.312
44,BTCUSD_BASE_966,BTCUSD,SHORT,2023-09-23 22:00:00,22,False,OFFLINE_MISSED,677.06,WIN,0.691,3.846
45,BTCUSD_BASE_491,BTCUSD,SHORT,2021-11-23 05:00:00,5,False,OFFLINE_MISSED,674.78,WIN,1.131,5.385
46,BTCUSD_BASE_1357,BTCUSD,SHORT,2025-03-31 19:00:00,19,True,ONLINE_CAPTURED,673.19,WIN,0.405,2.149
47,GBPUSD_BASE_1275,GBPUSD,LONG,2024-11-20 01:00:00,1,False,OFFLINE_MISSED,672.45,WIN,0.396,1.985
48,BTCUSD_BASE_69,BTCUSD,LONG,2020-03-21 23:00:00,23,False,OFFLINE_MISSED,669.14,WIN,2.13,9.834
49,BTCUSD_BASE_1446,BTCUSD,LONG,2025-08-01 21:00:00,21,True,ONLINE_CAPTURED,659.64,WIN,0.401,2.269
50,BTCUSD_BASE_135,BTCUSD,LONG,2020-06-30 10:00:00,10,True,ONLINE_CAPTURED,651.53,WIN,1.016,6.652
51,BTCUSD_BASE_632,BTCUSD,LONG,2022-06-03 18:00:00,18,True,ONLINE_CAPTURED,641.21,WIN,0.873,4.95
52,BTCUSD_BASE_562,BTCUSD,SHORT,2022-02-24 20:00:00,20,True,ONLINE_CAPTURED,632.7,WIN,1.243,6.167
53,BTCUSD_BASE_618,BTCUSD,SHORT,2022-05-15 19:00:00,19,True,ONLINE_CAPTURED,620.95,WIN,1.057,4.416
54,GBPUSD_BASE_1376,GBPUSD,SHORT,2025-04-24 21:00:00,21,True,ONLINE_CAPTURED,620.65,WIN,0.393,1.923
55,BTCUSD_BASE_983,BTCUSD,LONG,2023-11-01 22:00:00,22,False,OFFLINE_MISSED,607.7,WIN,0.708,3.546
56,GBPUSD_BASE_973,GBPUSD,SHORT,2023-10-12 19:00:00,19,True,ONLINE_CAPTURED,605.25,WIN,0.42,1.808
57,BTCUSD_BASE_1037,BTCUSD,LONG,2024-01-18 21:00:00,21,True,ONLINE_CAPTURED,600.99,WIN,0.588,2.576
58,BTCUSD_BASE_1174,BTCUSD,LONG,2024-07-14 12:00:00,12,True,ONLINE_CAPTURED,599.4,WIN,0.401,2.037
59,GBPUSD_BASE_262,GBPUSD,LONG,2020-12-23 03:00:00,3,False,OFFLINE_MISSED,578.65,WIN,0.353,1.295
60,BTCUSD_BASE_1111,BTCUSD,LONG,2024-04-26 22:00:00,22,False,OFFLINE_MISSED,570.39,WIN,0.498,2.291
61,BTCUSD_BASE_1458,BTCUSD,SHORT,2025-08-19 13:00:00,13,True,ONLINE_CAPTURED,556.19,WIN,0.31,1.939
62,BTCUSD_BASE_83,BTCUSD,LONG,2020-04-13 03:00:00,3,False,OFFLINE_MISSED,555.75,WIN,1.563,8.195
63,BTCUSD_BASE_1239,BTCUSD,LONG,2024-10-06 10:00:00,10,True,ONLINE_CAPTURED,548.9,WIN,0.321,1.854
64,BTCUSD_BASE_314,BTCUSD,SHORT,2021-03-05 20:00:00,20,True,ONLINE_CAPTURED,545.61,WIN,0.849,3.546
65,BTCUSD_BASE_1086,BTCUSD,SHORT,2024-03-24 21:00:00,21,True,ONLINE_CAPTURED,538.52,WIN,0.543,2.184
66,BTCUSD_BASE_836,BTCUSD,LONG,2023-03-26 18:00:00,18,True,ONLINE_CAPTURED,533.08,WIN,1.111,4.197
67,GBPUSD_BASE_1078,GBPUSD,SHORT,2024-03-11 13:00:00,13,True,ONLINE_CAPTURED,527.55,WIN,0.354,1.478
68,GBPUSD_BASE_1557,GBPUSD,SHORT,2025-12-13 01:00:00,1,False,OFFLINE_MISSED,516.7,WIN,0.444,1.68
69,GBPUSD_BASE_898,GBPUSD,SHORT,2023-06-15 22:00:00,22,False,OFFLINE_MISSED,511.8,WIN,0.374,1.303
70,GBPUSD_BASE_732,GBPUSD,SHORT,2022-11-04 17:00:00,17,True,ONLINE_CAPTURED,510.75,WIN,0.297,1.345
71,BTCUSD_BASE_980,BTCUSD,LONG,2023-10-28 14:00:00,14,True,ONLINE_CAPTURED,492.87,WIN,0.681,3.004
72,BTCUSD_BASE_1,BTCUSD,LONG,2020-01-02 14:00:00,14,True,ONLINE_CAPTURED,482.65,WIN,3.964,18.198
73,GBPUSD_BASE_1016,GBPUSD,LONG,2023-12-25 17:00:00,17,True,ONLINE_CAPTURED,475.75,WIN,0.35,1.356
74,BTCUSD_BASE_466,BTCUSD,SHORT,2021-10-09 18:00:00,18,True,ONLINE_CAPTURED,472.06,WIN,1.021,3.657
75,BTCUSD_BASE_959,BTCUSD,SHORT,2023-09-13 22:00:00,22,False,OFFLINE_MISSED,471.41,WIN,0.771,2.563
76,GBPUSD_BASE_51,GBPUSD,SHORT,2020-02-25 19:00:00,19,True,ONLINE_CAPTURED,446.7,WIN,0.317,1.095
77,BTCUSD_BASE_1452,BTCUSD,SHORT,2025-08-10 04:00:00,4,False,OFFLINE_MISSED,443.56,WIN,0.432,1.54
78,BTCUSD_BASE_844,BTCUSD,LONG,2023-04-03 18:00:00,18,True,ONLINE_CAPTURED,441.61,WIN,0.838,3.359
79,GBPUSD_BASE_992,GBPUSD,LONG,2023-11-15 05:00:00,5,False,OFFLINE_MISSED,436.55,WIN,0.412,1.289
80,BTCUSD_BASE_167,BTCUSD,LONG,2020-08-17 07:00:00,7,False,OFFLINE_MISSED,421.01,WIN,0.937,3.589
81,BTCUSD_BASE_874,BTCUSD,LONG,2023-05-12 10:00:00,10,True,ONLINE_CAPTURED,420.84,WIN,0.664,2.85
82,GBPUSD_BASE_183,GBPUSD,SHORT,2020-09-04 22:00:00,22,False,OFFLINE_MISSED,415.2,WIN,0.312,0.93
83,GBPUSD_BASE_678,GBPUSD,SHORT,2022-08-10 19:00:00,19,True,ONLINE_CAPTURED,412.4,WIN,0.413,1.066
84,GBPUSD_BASE_351,GBPUSD,SHORT,2021-04-24 00:00:00,0,False,OFFLINE_MISSED,410.65,WIN,0.282,0.896
85,BTCUSD_BASE_439,BTCUSD,SHORT,2021-08-30 21:00:00,21,True,ONLINE_CAPTURED,407.65,WIN,1.062,3.113
86,GBPUSD_BASE_519,GBPUSD,SHORT,2021-12-31 09:00:00,9,True,ONLINE_CAPTURED,405.05,WIN,0.309,1.084
87,BTCUSD_BASE_59,BTCUSD,SHORT,2020-03-08 18:00:00,18,True,ONLINE_CAPTURED,391.28,WIN,2.275,7.385
88,BTCUSD_BASE_1100,BTCUSD,SHORT,2024-04-16 02:00:00,2,False,OFFLINE_MISSED,388.88,WIN,0.571,1.556
89,BTCUSD_BASE_521,BTCUSD,LONG,2022-01-03 13:00:00,13,True,ONLINE_CAPTURED,384.98,WIN,1.03,3.596
90,GBPUSD_BASE_577,GBPUSD,SHORT,2022-03-23 07:00:00,7,False,OFFLINE_MISSED,383.35,WIN,0.377,0.927
91,GBPUSD_BASE_1253,GBPUSD,LONG,2024-10-26 03:00:00,3,False,OFFLINE_MISSED,377.4,WIN,0.464,1.147
92,BTCUSD_BASE_48,BTCUSD,SHORT,2020-02-20 12:00:00,12,True,ONLINE_CAPTURED,377.26,WIN,2.025,7.541
93,BTCUSD_BASE_448,BTCUSD,SHORT,2021-09-14 20:00:00,20,True,ONLINE_CAPTURED,375.73,WIN,0.939,2.956
94,BTCUSD_BASE_32,BTCUSD,LONG,2020-02-02 19:00:00,19,True,ONLINE_CAPTURED,362.55,WIN,3.939,12.013
95,BTCUSD_BASE_275,BTCUSD,SHORT,2021-01-10 23:00:00,23,False,OFFLINE_MISSED,355.55,WIN,0.824,2.073
96,GBPUSD_BASE_1560,GBPUSD,LONG,2025-12-17 00:00:00,0,False,OFFLINE_MISSED,354.65,WIN,0.568,1.191
97,BTCUSD_BASE_124,BTCUSD,LONG,2020-06-12 12:00:00,12,True,ONLINE_CAPTURED,354.12,WIN,1.24,3.532
98,BTCUSD_BASE_116,BTCUSD,LONG,2020-06-04 15:00:00,15,True,ONLINE_CAPTURED,353.08,WIN,1.205,3.534
99,BTCUSD_BASE_800,BTCUSD,LONG,2023-01-30 02:00:00,2,False,OFFLINE_MISSED,350.17,WIN,1.415,3.778
100,BTCUSD_BASE_331,BTCUSD,LONG,2021-03-24 23:00:00,23,False,OFFLINE_MISSED,342.45,WIN,0.915,2.349
101,GBPUSD_BASE_727,GBPUSD,LONG,2022-10-26 01:00:00,1,False,OFFLINE_MISSED,339.6,WIN,0.405,0.905
102,BTCUSD_BASE_427,BTCUSD,LONG,2021-08-11 23:00:00,23,False,OFFLINE_MISSED,333.59,WIN,1.149,2.309
103,GBPUSD_BASE_430,GBPUSD,SHORT,2021-08-19 22:00:00,22,False,OFFLINE_MISSED,324.55,WIN,0.37,0.811
104,BTCUSD_BASE_811,BTCUSD,SHORT,2023-02-18 20:00:00,20,True,ONLINE_CAPTURED,317.92,WIN,2.098,5.01
105,BTCUSD_BASE_689,BTCUSD,SHORT,2022-08-25 15:00:00,15,True,ONLINE_CAPTURED,312.86,WIN,0.69,2.023
106,GBPUSD_BASE_1115,GBPUSD,LONG,2024-05-03 08:00:00,8,False,OFFLINE_MISSED,311.25,WIN,0.461,0.888
107,BTCUSD_BASE_1135,BTCUSD,SHORT,2024-05-26 15:00:00,15,True,ONLINE_CAPTURED,299.02,WIN,0.425,1.09
108,BTCUSD_BASE_843,BTCUSD,SHORT,2023-04-01 06:00:00,6,False,OFFLINE_MISSED,298.08,WIN,1.02,2.245
109,GBPUSD_BASE_1381,GBPUSD,LONG,2025-05-05 22:00:00,22,False,OFFLINE_MISSED,295.15,WIN,0.452,0.946
110,BTCUSD_BASE_806,BTCUSD,SHORT,2023-02-06 19:00:00,19,True,ONLINE_CAPTURED,287.14,WIN,1.349,3.313
111,BTCUSD_BASE_1189,BTCUSD,LONG,2024-08-02 06:00:00,6,False,OFFLINE_MISSED,285.68,WIN,0.357,0.96
112,GBPUSD_BASE_1007,GBPUSD,SHORT,2023-12-07 08:00:00,8,False,OFFLINE_MISSED,284.3,WIN,0.352,0.829
113,BTCUSD_BASE_718,BTCUSD,SHORT,2022-10-11 13:00:00,13,True,ONLINE_CAPTURED,284.23,WIN,0.595,1.684
114,BTCUSD_BASE_56,BTCUSD,SHORT,2020-03-04 02:00:00,2,False,OFFLINE_MISSED,280.06,WIN,2.301,4.808
115,USDJPY_BASE_633,USDJPY,LONG,2022-06-06 11:00:00,11,True,ONLINE_CAPTURED,278.87,WIN,0.323,10.823
116,BTCUSD_BASE_1484,BTCUSD,LONG,2025-09-17 23:00:00,23,False,OFFLINE_MISSED,276.71,WIN,0.515,0.958
117,BTCUSD_BASE_251,BTCUSD,SHORT,2020-12-02 15:00:00,15,True,ONLINE_CAPTURED,269.32,WIN,0.641,1.695
118,BTCUSD_BASE_412,BTCUSD,SHORT,2021-07-24 21:00:00,21,True,ONLINE_CAPTURED,262.16,WIN,1.158,1.835
119,GBPUSD_BASE_455,GBPUSD,LONG,2021-09-22 20:00:00,20,True,ONLINE_CAPTURED,260.15,WIN,0.306,0.645
120,BTCUSD_BASE_1485,BTCUSD,SHORT,2025-09-21 05:00:00,5,False,OFFLINE_MISSED,252.84,WIN,0.448,0.868
121,BTCUSD_BASE_546,BTCUSD,LONG,2022-02-01 21:00:00,21,True,ONLINE_CAPTURED,250.4,WIN,1.333,2.542
122,GBPUSD_BASE_436,GBPUSD,LONG,2021-08-27 23:00:00,23,False,OFFLINE_MISSED,248.25,WIN,0.379,0.627
123,BTCUSD_BASE_332,BTCUSD,LONG,2021-03-28 22:00:00,22,False,OFFLINE_MISSED,239.48,WIN,1.02,1.557
124,BTCUSD_BASE_37,BTCUSD,LONG,2020-02-09 21:00:00,21,True,ONLINE_CAPTURED,223.82,WIN,2.546,5.246
125,GBPUSD_BASE_1152,GBPUSD,LONG,2024-06-10 19:00:00,19,True,ONLINE_CAPTURED,221.3,WIN,0.311,0.629
126,GBPUSD_BASE_34,GBPUSD,SHORT,2020-02-05 21:00:00,21,True,ONLINE_CAPTURED,219.55,WIN,0.343,0.528
127,BTCUSD_BASE_1521,BTCUSD,SHORT,2025-11-01 07:00:00,7,False,OFFLINE_MISSED,217.57,WIN,0.41,0.749
128,BTCUSD_BASE_1011,BTCUSD,LONG,2023-12-18 09:00:00,9,True,ONLINE_CAPTURED,217.02,WIN,0.484,0.972
129,BTCUSD_BASE_156,BTCUSD,LONG,2020-08-03 08:00:00,8,False,OFFLINE_MISSED,215.22,WIN,1.323,2.001
130,GBPUSD_BASE_499,GBPUSD,LONG,2021-12-02 15:00:00,15,True,ONLINE_CAPTURED,211.85,WIN,0.288,0.543
131,BTCUSD_BASE_1422,BTCUSD,SHORT,2025-06-29 21:00:00,21,True,ONLINE_CAPTURED,209.89,WIN,0.381,0.728
132,BTCUSD_BASE_443,BTCUSD,LONG,2021-09-06 09:00:00,9,True,ONLINE_CAPTURED,201.73,WIN,0.845,1.647
133,GBPUSD_BASE_637,GBPUSD,SHORT,2022-06-16 15:00:00,15,True,ONLINE_CAPTURED,200.3,WIN,0.376,0.507
134,BTCUSD_BASE_1566,BTCUSD,LONG,2025-12-26 02:00:00,2,False,OFFLINE_MISSED,196.35,WIN,0.317,0.747
135,BTCUSD_BASE_1276,BTCUSD,LONG,2024-11-25 16:00:00,16,False,OFFLINE_MISSED,193.29,WIN,0.377,0.596
136,BTCUSD_BASE_154,BTCUSD,LONG,2020-07-28 17:00:00,17,True,ONLINE_CAPTURED,192.6,WIN,1.305,1.879
137,GBPUSD_BASE_628,GBPUSD,LONG,2022-05-30 13:00:00,13,True,ONLINE_CAPTURED,192.25,WIN,0.304,0.495
138,BTCUSD_BASE_781,BTCUSD,SHORT,2023-01-09 16:00:00,16,False,OFFLINE_MISSED,185.5,WIN,1.077,1.695
139,GBPUSD_BASE_173,GBPUSD,SHORT,2020-08-26 02:00:00,2,False,OFFLINE_MISSED,184.2,WIN,0.256,0.424
140,BTCUSD_BASE_376,BTCUSD,LONG,2021-06-04 14:00:00,14,True,ONLINE_CAPTURED,184.08,WIN,0.778,1.35
141,US500_BASE_950,US500,LONG,2023-08-30 18:00:00,18,True,ONLINE_CAPTURED,182.37,WIN,0.421,12.99
142,GBPUSD_BASE_1095,GBPUSD,SHORT,2024-04-08 13:00:00,13,True,ONLINE_CAPTURED,181.4,WIN,0.358,0.536
143,BTCUSD_BASE_1323,BTCUSD,SHORT,2025-02-06 02:00:00,2,False,OFFLINE_MISSED,178.6,WIN,0.404,0.524
144,GBPUSD_BASE_1301,GBPUSD,LONG,2024-12-27 20:00:00,20,True,ONLINE_CAPTURED,174.75,WIN,0.496,0.541
145,BTCUSD_BASE_392,BTCUSD,LONG,2021-06-29 23:00:00,23,False,OFFLINE_MISSED,171.13,WIN,1.005,1.332
146,BTCUSD_BASE_52,BTCUSD,LONG,2020-02-26 23:00:00,23,False,OFFLINE_MISSED,166.47,WIN,2.043,3.28
147,GBPUSD_BASE_784,GBPUSD,SHORT,2023-01-12 15:00:00,15,True,ONLINE_CAPTURED,163.9,WIN,0.316,0.442
148,BTCUSD_BASE_1256,BTCUSD,SHORT,2024-11-01 16:00:00,16,False,OFFLINE_MISSED,159.94,WIN,0.367,0.523
149,BTCUSD_BASE_985,BTCUSD,LONG,2023-11-07 15:00:00,15,True,ONLINE_CAPTURED,157.03,WIN,0.751,0.911
150,BTCUSD_BASE_1231,BTCUSD,SHORT,2024-09-26 16:00:00,16,False,OFFLINE_MISSED,156.16,WIN,0.356,0.556
151,BTCUSD_BASE_7,BTCUSD,LONG,2020-01-12 16:00:00,16,False,OFFLINE_MISSED,154.92,WIN,3.901,5.165
152,BTCUSD_BASE_627,BTCUSD,LONG,2022-05-27 16:00:00,16,False,OFFLINE_MISSED,154.32,WIN,0.852,1.251
153,BTCUSD_BASE_488,BTCUSD,LONG,2021-11-19 20:00:00,20,True,ONLINE_CAPTURED,153.99,WIN,1.054,1.313
154,GBPUSD_BASE_1042,GBPUSD,SHORT,2024-01-25 16:00:00,16,False,OFFLINE_MISSED,145.7,WIN,0.364,0.444
155,BTCUSD_BASE_808,BTCUSD,SHORT,2023-02-12 23:00:00,23,False,OFFLINE_MISSED,143.23,WIN,1.954,1.918
156,GBPUSD_BASE_215,GBPUSD,SHORT,2020-10-20 11:00:00,11,True,ONLINE_CAPTURED,142.9,WIN,0.3,0.342
157,GBPUSD_BASE_225,GBPUSD,LONG,2020-11-03 15:00:00,15,True,ONLINE_CAPTURED,135.55,WIN,0.352,0.31
158,BTCUSD_BASE_885,BTCUSD,SHORT,2023-05-25 14:00:00,14,True,ONLINE_CAPTURED,131.93,WIN,0.617,0.867
159,BTCUSD_BASE_1347,BTCUSD,LONG,2025-03-15 21:00:00,21,True,ONLINE_CAPTURED,120.21,WIN,0.51,0.409
160,GBPUSD_BASE_1191,GBPUSD,LONG,2024-08-06 07:00:00,7,False,OFFLINE_MISSED,115.25,WIN,0.361,0.357
161,GBPUSD_BASE_1307,GBPUSD,LONG,2025-01-09 15:00:00,15,True,ONLINE_CAPTURED,112.8,WIN,0.424,0.37
162,BTCUSD_BASE_12,BTCUSD,SHORT,2020-01-15 10:00:00,10,True,ONLINE_CAPTURED,110.41,WIN,3.46,3.648
163,BTCUSD_BASE_1374,BTCUSD,SHORT,2025-04-23 07:00:00,7,False,OFFLINE_MISSED,107.77,WIN,0.442,0.391
164,GBPUSD_BASE_1327,GBPUSD,LONG,2025-02-12 10:00:00,10,True,ONLINE_CAPTURED,106.5,WIN,0.331,0.341
165,BTCUSD_BASE_1259,BTCUSD,LONG,2024-11-06 09:00:00,9,True,ONLINE_CAPTURED,104.89,WIN,0.394,0.354
166,US500_BASE_968,US500,SHORT,2023-09-29 21:00:00,21,True,ONLINE_CAPTURED,101.37,WIN,0.334,6.735
167,US500_BASE_328,US500,LONG,2021-03-22 19:00:00,19,True,ONLINE_CAPTURED,99.45,WIN,0.654,9.777
168,GBPUSD_BASE_944,GBPUSD,LONG,2023-08-21 06:00:00,6,False,OFFLINE_MISSED,98.8,WIN,0.335,0.296
169,GBPUSD_BASE_1456,GBPUSD,LONG,2025-08-15 19:00:00,19,True,ONLINE_CAPTURED,98.1,WIN,0.412,0.352
170,GBPUSD_BASE_78,GBPUSD,LONG,2020-04-07 21:00:00,21,True,ONLINE_CAPTURED,95.3,WIN,0.336,0.253
171,USDJPY_BASE_312,USDJPY,LONG,2021-03-04 00:00:00,0,False,OFFLINE_MISSED,92.8,WIN,0.383,3.216
172,BTCUSD_BASE_1441,BTCUSD,LONG,2025-07-24 08:00:00,8,False,OFFLINE_MISSED,89.31,WIN,0.462,0.345
173,BTCUSD_BASE_424,BTCUSD,SHORT,2021-08-08 13:00:00,13,True,ONLINE_CAPTURED,86.48,WIN,0.722,0.7
174,BTCUSD_BASE_891,BTCUSD,LONG,2023-06-05 16:00:00,16,False,OFFLINE_MISSED,84.13,WIN,0.702,0.606
175,BTCUSD_BASE_654,BTCUSD,LONG,2022-07-11 07:00:00,7,False,OFFLINE_MISSED,83.47,WIN,0.75,0.573
176,GBPUSD_BASE_41,GBPUSD,SHORT,2020-02-14 08:00:00,8,False,OFFLINE_MISSED,77.8,WIN,0.313,0.207
177,US500_BASE_691,US500,SHORT,2022-08-26 19:00:00,19,True,ONLINE_CAPTURED,76.75,WIN,0.401,6.031
178,GBPUSD_BASE_1021,GBPUSD,SHORT,2024-01-03 03:00:00,3,False,OFFLINE_MISSED,76.75,WIN,0.282,0.248
179,BTCUSD_BASE_1054,BTCUSD,LONG,2024-02-12 02:00:00,2,False,OFFLINE_MISSED,76.46,WIN,0.503,0.373
180,BTCUSD_BASE_1070,BTCUSD,SHORT,2024-02-28 19:00:00,19,True,ONLINE_CAPTURED,72.61,WIN,0.522,0.367
181,GBPUSD_BASE_729,GBPUSD,SHORT,2022-10-28 10:00:00,10,True,ONLINE_CAPTURED,72.55,WIN,0.338,0.216
182,GBPUSD_BASE_1058,GBPUSD,LONG,2024-02-16 00:00:00,0,False,OFFLINE_MISSED,72.55,WIN,0.442,0.239
183,BTCUSD_BASE_512,BTCUSD,SHORT,2021-12-19 21:00:00,21,True,ONLINE_CAPTURED,71.52,WIN,1.034,0.651
184,US500_BASE_699,US500,LONG,2022-09-12 17:00:00,17,True,ONLINE_CAPTURED,70.69,WIN,0.426,5.883
185,USDJPY_BASE_1387,USDJPY,LONG,2025-05-14 01:00:00,1,False,OFFLINE_MISSED,70.3,WIN,0.489,3.555
186,BTCUSD_BASE_403,BTCUSD,SHORT,2021-07-11 07:00:00,7,False,OFFLINE_MISSED,69.86,WIN,0.783,0.583
187,USDJPY_BASE_426,USDJPY,SHORT,2021-08-11 10:00:00,10,True,ONLINE_CAPTURED,69.4,WIN,0.352,2.85
188,USDJPY_BASE_366,USDJPY,SHORT,2021-05-17 21:00:00,21,True,ONLINE_CAPTURED,67.6,WIN,0.327,2.682
189,USDJPY_BASE_1309,USDJPY,LONG,2025-01-14 11:00:00,11,True,ONLINE_CAPTURED,67.15,WIN,0.352,3.286
190,USDJPY_BASE_266,USDJPY,LONG,2020-12-30 20:00:00,20,True,ONLINE_CAPTURED,64.45,WIN,0.307,2.43
191,USDJPY_BASE_1338,USDJPY,SHORT,2025-02-27 15:00:00,15,True,ONLINE_CAPTURED,64.22,WIN,0.389,3.253
192,USDJPY_BASE_445,USDJPY,SHORT,2021-09-09 16:00:00,16,False,OFFLINE_MISSED,64.0,WIN,0.369,2.835
193,USDJPY_BASE_1147,USDJPY,LONG,2024-06-05 11:00:00,11,True,ONLINE_CAPTURED,64.0,WIN,0.369,3.178
194,USDJPY_BASE_807,USDJPY,LONG,2023-02-07 00:00:00,0,False,OFFLINE_MISSED,62.42,WIN,0.331,2.483
195,USDJPY_BASE_146,USDJPY,SHORT,2020-07-15 18:00:00,18,True,ONLINE_CAPTURED,61.97,WIN,0.402,2.754
196,US500_BASE_1287,US500,LONG,2024-12-11 08:00:00,8,False,OFFLINE_MISSED,59.14,WIN,0.297,3.567
197,BTCUSD_BASE_354,BTCUSD,LONG,2021-04-29 18:00:00,18,True,ONLINE_CAPTURED,58.49,WIN,0.775,0.477
198,BTCUSD_BASE_989,BTCUSD,LONG,2023-11-12 04:00:00,4,False,OFFLINE_MISSED,57.8,WIN,0.73,0.369
199,USDJPY_BASE_252,USDJPY,LONG,2020-12-04 01:00:00,1,False,OFFLINE_MISSED,56.13,WIN,0.43,2.225
200,BTCUSD_BASE_210,BTCUSD,LONG,2020-10-13 13:00:00,13,True,ONLINE_CAPTURED,54.54,WIN,0.705,0.438
201,GBPUSD_BASE_949,GBPUSD,LONG,2023-08-28 14:00:00,14,True,ONLINE_CAPTURED,49.8,WIN,0.313,0.164
202,BTCUSD_BASE_1049,BTCUSD,LONG,2024-02-06 16:00:00,16,False,OFFLINE_MISSED,49.79,WIN,0.562,0.261
203,BTCUSD_BASE_1517,BTCUSD,LONG,2025-10-28 12:00:00,12,True,ONLINE_CAPTURED,49.61,WIN,0.414,0.203
204,GBPUSD_BASE_298,GBPUSD,SHORT,2021-02-09 12:00:00,12,True,ONLINE_CAPTURED,49.1,WIN,0.233,0.137
205,USDJPY_BASE_1277,USDJPY,LONG,2024-11-26 17:00:00,17,True,ONLINE_CAPTURED,48.47,WIN,0.338,2.489
206,USDJPY_BASE_896,USDJPY,SHORT,2023-06-14 20:00:00,20,True,ONLINE_CAPTURED,48.25,WIN,0.525,2.271
207,US500_BASE_1365,US500,LONG,2025-04-09 21:00:00,21,True,ONLINE_CAPTURED,47.2,WIN,0.443,2.991
208,BTCUSD_BASE_355,BTCUSD,LONG,2021-05-03 05:00:00,5,False,OFFLINE_MISSED,47.19,WIN,0.786,0.402
209,USDJPY_BASE_625,USDJPY,SHORT,2022-05-23 23:00:00,23,False,OFFLINE_MISSED,45.55,WIN,0.409,2.128
210,BTCUSD_BASE_524,BTCUSD,SHORT,2022-01-08 12:00:00,12,True,ONLINE_CAPTURED,44.05,WIN,0.999,0.495
211,USDJPY_BASE_917,USDJPY,LONG,2023-07-14 15:00:00,15,True,ONLINE_CAPTURED,43.3,WIN,0.349,2.012
212,USDJPY_BASE_1019,USDJPY,SHORT,2023-12-28 02:00:00,2,False,OFFLINE_MISSED,41.05,WIN,0.346,1.856
213,USDJPY_BASE_1514,USDJPY,SHORT,2025-10-23 23:00:00,23,False,OFFLINE_MISSED,40.15,WIN,0.509,2.683
214,US500_BASE_1278,US500,LONG,2024-11-27 17:00:00,17,True,ONLINE_CAPTURED,39.96,WIN,0.254,2.652
215,GBPUSD_BASE_1030,GBPUSD,SHORT,2024-01-10 21:00:00,21,True,ONLINE_CAPTURED,39.65,WIN,0.494,0.147
216,USDJPY_BASE_338,USDJPY,SHORT,2021-04-07 14:00:00,14,True,ONLINE_CAPTURED,38.57,WIN,0.297,1.573
217,USDJPY_BASE_871,USDJPY,SHORT,2023-05-10 07:00:00,7,False,OFFLINE_MISSED,38.35,WIN,0.31,1.865
218,USDJPY_BASE_90,USDJPY,SHORT,2020-04-27 13:00:00,13,True,ONLINE_CAPTURED,36.55,WIN,0.277,1.86
219,GBPUSD_BASE_1039,GBPUSD,LONG,2024-01-24 01:00:00,1,False,OFFLINE_MISSED,36.15,WIN,0.315,0.137
220,USDJPY_BASE_121,USDJPY,LONG,2020-06-09 15:00:00,15,True,ONLINE_CAPTURED,36.1,WIN,0.369,1.807
221,BTCUSD_BASE_894,BTCUSD,LONG,2023-06-12 14:00:00,14,True,ONLINE_CAPTURED,35.75,WIN,0.711,0.285
222,US500_BASE_172,US500,SHORT,2020-08-22 01:00:00,1,False,OFFLINE_MISSED,35.05,WIN,0.535,4.017
223,BTCUSD_BASE_1527,BTCUSD,SHORT,2025-11-07 21:00:00,21,True,ONLINE_CAPTURED,33.3,WIN,0.372,0.153
224,BTCUSD_BASE_552,BTCUSD,LONG,2022-02-09 13:00:00,13,True,ONLINE_CAPTURED,32.52,WIN,1.089,0.387
225,USDJPY_BASE_391,USDJPY,LONG,2021-06-28 19:00:00,19,True,ONLINE_CAPTURED,31.82,WIN,0.396,1.493
226,BTCUSD_BASE_387,BTCUSD,LONG,2021-06-21 18:00:00,18,True,ONLINE_CAPTURED,31.49,WIN,0.904,0.324
227,US500_BASE_752,US500,SHORT,2022-12-07 11:00:00,11,True,ONLINE_CAPTURED,31.11,WIN,0.318,2.838
228,USDJPY_BASE_487,USDJPY,LONG,2021-11-16 10:00:00,10,True,ONLINE_CAPTURED,30.25,WIN,0.326,1.508
229,GBPUSD_BASE_1265,GBPUSD,LONG,2024-11-13 13:00:00,13,True,ONLINE_CAPTURED,29.85,WIN,0.429,0.124
230,USDJPY_BASE_604,USDJPY,SHORT,2022-04-23 03:00:00,3,False,OFFLINE_MISSED,29.8,WIN,0.38,1.543
231,BTCUSD_BASE_377,BTCUSD,SHORT,2021-06-07 07:00:00,7,False,OFFLINE_MISSED,29.59,WIN,0.828,0.286
232,US500_BASE_257,US500,LONG,2020-12-16 01:00:00,1,False,OFFLINE_MISSED,29.47,WIN,0.535,3.512
233,XAUUSD_BASE_1236,XAUUSD,LONG,2024-10-04 07:00:00,7,False,OFFLINE_MISSED,28.89,WIN,0.243,4.51
234,US500_BASE_831,US500,SHORT,2023-03-17 20:00:00,20,True,ONLINE_CAPTURED,28.07,WIN,0.44,2.616
235,BTCUSD_BASE_1047,BTCUSD,SHORT,2024-02-04 03:00:00,3,False,OFFLINE_MISSED,27.8,WIN,0.435,0.17
236,US500_BASE_478,US500,SHORT,2021-10-26 20:00:00,20,True,ONLINE_CAPTURED,24.64,WIN,0.659,2.976
237,BTCUSD_BASE_481,BTCUSD,LONG,2021-11-04 12:00:00,12,True,ONLINE_CAPTURED,24.6,WIN,1.058,0.327
238,BTCUSD_BASE_794,BTCUSD,LONG,2023-01-22 00:00:00,0,False,OFFLINE_MISSED,24.47,WIN,1.399,0.367
239,BTCUSD_BASE_893,BTCUSD,LONG,2023-06-09 18:00:00,18,True,ONLINE_CAPTURED,24.13,WIN,0.812,0.219
240,US500_BASE_224,US500,LONG,2020-11-03 15:00:00,15,True,ONLINE_CAPTURED,24.11,WIN,0.467,2.883
241,USDJPY_BASE_1176,USDJPY,SHORT,2024-07-18 06:00:00,6,False,OFFLINE_MISSED,23.5,WIN,0.399,1.452
242,BTCUSD_BASE_473,BTCUSD,LONG,2021-10-19 07:00:00,7,False,OFFLINE_MISSED,22.87,WIN,1.13,0.271
243,USDJPY_BASE_536,USDJPY,SHORT,2022-01-20 20:00:00,20,True,ONLINE_CAPTURED,22.83,WIN,0.342,1.256
244,US500_BASE_111,US500,SHORT,2020-05-28 22:00:00,22,False,OFFLINE_MISSED,22.26,WIN,0.46,2.889
245,GBPUSD_BASE_1317,GBPUSD,LONG,2025-01-27 19:00:00,19,True,ONLINE_CAPTURED,21.8,WIN,0.359,0.101
246,XAUUSD_BASE_297,XAUUSD,SHORT,2021-02-04 23:00:00,23,False,OFFLINE_MISSED,21.3,WIN,0.155,5.216
247,US500_BASE_493,US500,LONG,2021-11-27 02:00:00,2,False,OFFLINE_MISSED,20.58,WIN,0.443,2.532
248,USDJPY_BASE_683,USDJPY,SHORT,2022-08-15 13:00:00,13,True,ONLINE_CAPTURED,20.57,WIN,0.289,1.18
249,US500_BASE_818,US500,LONG,2023-03-02 19:00:00,19,True,ONLINE_CAPTURED,20.26,WIN,0.425,2.149
250,BTCUSD_BASE_969,BTCUSD,LONG,2023-10-04 14:00:00,14,True,ONLINE_CAPTURED,19.83,WIN,0.708,0.196
251,XAUUSD_BASE_1547,XAUUSD,LONG,2025-12-02 21:00:00,21,True,ONLINE_CAPTURED,18.37,WIN,0.223,3.083
252,US500_BASE_141,US500,LONG,2020-07-07 15:00:00,15,True,ONLINE_CAPTURED,18.3,WIN,0.429,2.592
253,US500_BASE_207,US500,LONG,2020-10-07 12:00:00,12,True,ONLINE_CAPTURED,18.2,WIN,0.508,2.483
254,USDJPY_BASE_1445,USDJPY,LONG,2025-07-29 18:00:00,18,True,ONLINE_CAPTURED,18.1,WIN,0.439,1.332
255,BTCUSD_BASE_281,BTCUSD,LONG,2021-01-15 12:00:00,12,True,ONLINE_CAPTURED,17.47,WIN,0.573,0.167
256,USDJPY_BASE_220,USDJPY,LONG,2020-10-28 14:00:00,14,True,ONLINE_CAPTURED,17.2,WIN,0.274,0.986
257,USDJPY_BASE_343,USDJPY,SHORT,2021-04-14 20:00:00,20,True,ONLINE_CAPTURED,17.2,WIN,0.311,0.934
258,GBPUSD_BASE_202,GBPUSD,SHORT,2020-09-30 12:00:00,12,True,ONLINE_CAPTURED,15.85,WIN,0.323,0.062
259,USDJPY_BASE_31,USDJPY,LONG,2020-01-31 17:00:00,17,True,ONLINE_CAPTURED,15.62,WIN,0.285,1.147
260,USDJPY_BASE_977,USDJPY,SHORT,2023-10-20 14:00:00,14,True,ONLINE_CAPTURED,15.62,WIN,0.358,0.916
261,USDJPY_BASE_660,USDJPY,SHORT,2022-07-15 13:00:00,13,True,ONLINE_CAPTURED,14.73,WIN,0.315,0.919
262,USDJPY_BASE_728,USDJPY,LONG,2022-10-28 03:00:00,3,False,OFFLINE_MISSED,14.73,WIN,0.261,0.846
263,USDJPY_BASE_923,USDJPY,LONG,2023-07-25 10:00:00,10,True,ONLINE_CAPTURED,14.73,WIN,0.27,0.935
264,US500_BASE_454,US500,LONG,2021-09-20 21:00:00,21,True,ONLINE_CAPTURED,14.57,WIN,0.5,2.172
265,US500_BASE_97,US500,LONG,2020-05-07 05:00:00,5,False,OFFLINE_MISSED,14.36,WIN,0.53,2.331
266,US500_BASE_1534,US500,SHORT,2025-11-13 19:00:00,19,True,ONLINE_CAPTURED,14.18,WIN,0.336,1.41
267,USDJPY_BASE_1424,USDJPY,SHORT,2025-07-02 01:00:00,1,False,OFFLINE_MISSED,13.83,WIN,0.503,1.158
268,XAUUSD_BASE_1433,XAUUSD,LONG,2025-07-09 00:00:00,0,False,OFFLINE_MISSED,13.59,WIN,0.246,2.642
269,US500_BASE_1493,US500,LONG,2025-09-29 10:00:00,10,True,ONLINE_CAPTURED,13.57,WIN,0.272,1.335
270,USDJPY_BASE_1230,USDJPY,LONG,2024-09-26 07:00:00,7,False,OFFLINE_MISSED,13.38,WIN,0.376,1.042
271,XAUUSD_BASE_1369,XAUUSD,LONG,2025-04-14 21:00:00,21,True,ONLINE_CAPTURED,13.31,WIN,0.242,2.713
272,USDJPY_BASE_948,USDJPY,LONG,2023-08-25 15:00:00,15,True,ONLINE_CAPTURED,13.15,WIN,0.336,0.892
273,USDJPY_BASE_1436,USDJPY,LONG,2025-07-14 05:00:00,5,False,OFFLINE_MISSED,12.93,WIN,0.421,1.151
274,BTCUSD_BASE_943,BTCUSD,SHORT,2023-08-18 20:00:00,20,True,ONLINE_CAPTURED,12.76,WIN,0.744,0.148
275,US500_BASE_1553,US500,LONG,2025-12-08 18:00:00,18,True,ONLINE_CAPTURED,12.32,WIN,0.333,1.334
276,US500_BASE_353,US500,SHORT,2021-04-26 23:00:00,23,False,OFFLINE_MISSED,11.94,WIN,0.555,1.924
277,BTCUSD_BASE_22,BTCUSD,SHORT,2020-01-22 09:00:00,9,True,ONLINE_CAPTURED,11.65,WIN,4.163,0.795
278,USDJPY_BASE_686,USDJPY,LONG,2022-08-19 15:00:00,15,True,ONLINE_CAPTURED,11.35,WIN,0.416,0.864
279,GBPUSD_BASE_1036,GBPUSD,LONG,2024-01-17 21:00:00,21,True,ONLINE_CAPTURED,11.3,WIN,0.478,0.068
280,US500_BASE_1154,US500,SHORT,2024-06-15 01:00:00,1,False,OFFLINE_MISSED,11.28,WIN,0.353,1.425
281,BTCUSD_BASE_1472,BTCUSD,LONG,2025-09-02 22:00:00,22,False,OFFLINE_MISSED,11.19,WIN,0.556,0.082
282,US500_BASE_1358,US500,SHORT,2025-04-01 03:00:00,3,False,OFFLINE_MISSED,10.85,WIN,0.285,1.133
283,BTCUSD_BASE_527,BTCUSD,SHORT,2022-01-12 03:00:00,3,False,OFFLINE_MISSED,10.43,WIN,1.125,0.202
284,GBPUSD_BASE_946,GBPUSD,SHORT,2023-08-23 14:00:00,14,True,ONLINE_CAPTURED,10.25,WIN,0.342,0.06
285,USDJPY_BASE_878,USDJPY,SHORT,2023-05-18 12:00:00,12,True,ONLINE_CAPTURED,10.23,WIN,0.267,0.848
286,USDJPY_BASE_484,USDJPY,LONG,2021-11-10 05:00:00,5,False,OFFLINE_MISSED,9.32,WIN,0.326,0.782
287,US500_BASE_1475,US500,LONG,2025-09-08 21:00:00,21,True,ONLINE_CAPTURED,9.21,WIN,0.347,1.107
288,US500_BASE_1329,US500,SHORT,2025-02-14 23:00:00,23,False,OFFLINE_MISSED,9.02,WIN,0.373,1.047
289,US500_BASE_516,US500,LONG,2021-12-23 06:00:00,6,False,OFFLINE_MISSED,8.85,WIN,0.466,1.719
290,USDJPY_BASE_814,USDJPY,SHORT,2023-02-21 21:00:00,21,True,ONLINE_CAPTURED,8.65,WIN,0.307,0.69
291,USDJPY_BASE_864,USDJPY,SHORT,2023-04-27 23:00:00,23,False,OFFLINE_MISSED,8.65,WIN,0.426,0.762
292,USDJPY_BASE_232,USDJPY,SHORT,2020-11-12 16:00:00,16,False,OFFLINE_MISSED,8.43,WIN,0.443,0.683
293,USDJPY_BASE_1536,USDJPY,SHORT,2025-11-19 00:00:00,0,False,OFFLINE_MISSED,8.43,WIN,0.663,1.159
294,BTCUSD_BASE_1080,BTCUSD,LONG,2024-03-13 21:00:00,21,True,ONLINE_CAPTURED,8.22,WIN,0.741,0.085
295,GBPUSD_BASE_133,GBPUSD,SHORT,2020-06-25 19:00:00,19,True,ONLINE_CAPTURED,7.8,WIN,0.365,0.044
296,XAUUSD_BASE_75,XAUUSD,LONG,2020-04-01 02:00:00,2,False,OFFLINE_MISSED,7.53,WIN,0.328,3.719
297,US500_BASE_367,US500,LONG,2021-05-20 11:00:00,11,True,ONLINE_CAPTURED,7.18,WIN,0.412,1.606
298,BTCUSD_BASE_754,BTCUSD,SHORT,2022-12-10 16:00:00,16,False,OFFLINE_MISSED,6.88,WIN,0.904,0.154
299,USDJPY_BASE_1380,USDJPY,LONG,2025-04-30 05:00:00,5,False,OFFLINE_MISSED,6.85,WIN,0.441,0.832
300,USDJPY_BASE_1412,USDJPY,SHORT,2025-06-17 06:00:00,6,False,OFFLINE_MISSED,6.85,WIN,0.452,0.819
301,USDJPY_BASE_1555,USDJPY,LONG,2025-12-10 23:00:00,23,False,OFFLINE_MISSED,6.62,WIN,0.592,1.07
302,XAUUSD_BASE_550,XAUUSD,LONG,2022-02-07 23:00:00,23,False,OFFLINE_MISSED,6.53,WIN,0.294,2.979
303,XAUUSD_BASE_1085,XAUUSD,LONG,2024-03-23 01:00:00,1,False,OFFLINE_MISSED,6.46,WIN,0.334,2.464
304,XAUUSD_BASE_1097,XAUUSD,LONG,2024-04-09 15:00:00,15,True,ONLINE_CAPTURED,5.92,WIN,0.343,2.316
305,USDJPY_BASE_82,USDJPY,LONG,2020-04-10 23:00:00,23,False,OFFLINE_MISSED,5.5,WIN,0.415,0.677
306,USDJPY_BASE_1043,USDJPY,LONG,2024-01-26 09:00:00,9,True,ONLINE_CAPTURED,5.5,WIN,0.301,0.667
307,US500_BASE_344,US500,SHORT,2021-04-15 16:00:00,16,False,OFFLINE_MISSED,5.45,WIN,0.42,1.403
308,US500_BASE_603,US500,SHORT,2022-04-22 21:00:00,21,True,ONLINE_CAPTURED,4.54,WIN,0.525,1.342
309,GBPUSD_BASE_768,GBPUSD,SHORT,2022-12-23 19:00:00,19,True,ONLINE_CAPTURED,4.3,WIN,0.368,0.043
310,XAUUSD_BASE_1257,XAUUSD,SHORT,2024-11-01 23:00:00,23,False,OFFLINE_MISSED,3.87,WIN,0.249,1.687
311,USDJPY_BASE_1333,USDJPY,SHORT,2025-02-20 15:00:00,15,True,ONLINE_CAPTURED,3.25,WIN,0.376,0.651
312,US500_BASE_151,US500,LONG,2020-07-27 14:00:00,14,True,ONLINE_CAPTURED,3.02,WIN,0.43,1.264
313,USDJPY_BASE_261,USDJPY,SHORT,2020-12-22 11:00:00,11,True,ONLINE_CAPTURED,2.8,WIN,0.28,0.483
314,US500_BASE_1486,US500,SHORT,2025-09-22 21:00:00,21,True,ONLINE_CAPTURED,2.72,WIN,0.396,0.77
315,US500_BASE_710,US500,LONG,2022-09-30 19:00:00,19,True,ONLINE_CAPTURED,2.45,WIN,0.363,0.987
316,USDJPY_BASE_1459,USDJPY,SHORT,2025-08-19 20:00:00,20,True,ONLINE_CAPTURED,2.35,WIN,0.43,0.683
317,US500_BASE_532,US500,LONG,2022-01-18 11:00:00,11,True,ONLINE_CAPTURED,2.02,WIN,0.497,1.144
318,US500_BASE_976,US500,SHORT,2023-10-20 01:00:00,1,False,OFFLINE_MISSED,1.59,WIN,0.358,0.917
319,GBPUSD_BASE_982,GBPUSD,SHORT,2023-11-01 20:00:00,20,True,ONLINE_CAPTURED,1.5,WIN,0.386,0.041
320,XAUUSD_BASE_1443,XAUUSD,LONG,2025-07-25 23:00:00,23,False,OFFLINE_MISSED,1.09,WIN,0.243,1.338
321,US500_BASE_429,US500,SHORT,2021-08-17 07:00:00,7,False,OFFLINE_MISSED,1.07,WIN,0.403,1.109
322,USDJPY_BASE_743,USDJPY,LONG,2022-11-24 05:00:00,5,False,OFFLINE_MISSED,1.0,WIN,0.301,0.425
323,XAUUSD_BASE_1249,XAUUSD,LONG,2024-10-18 15:00:00,15,True,ONLINE_CAPTURED,0.86,WIN,0.247,1.383
324,US500_BASE_1225,US500,SHORT,2024-09-17 20:00:00,20,True,ONLINE_CAPTURED,0.8,WIN,0.317,0.761
325,USDJPY_BASE_101,USDJPY,LONG,2020-05-13 18:00:00,18,True,ONLINE_CAPTURED,0.78,WIN,0.361,0.5
326,XAUUSD_BASE_845,XAUUSD,LONG,2023-04-04 00:00:00,0,False,OFFLINE_MISSED,0.69,WIN,0.193,1.961
327,US500_BASE_920,US500,SHORT,2023-07-19 02:00:00,2,False,OFFLINE_MISSED,0.66,WIN,0.377,0.878
328,XAUUSD_BASE_1302,XAUUSD,LONG,2024-12-30 17:00:00,17,True,ONLINE_CAPTURED,0.15,WIN,0.23,1.351
329,US500_BASE_1352,US500,SHORT,2025-03-20 23:00:00,23,False,OFFLINE_MISSED,0.05,WIN,0.313,0.608
330,US500_BASE_775,US500,SHORT,2022-12-30 17:00:00,17,True,ONLINE_CAPTURED,-0.12,LOSS,0.83,0.313
331,USDJPY_BASE_441,USDJPY,LONG,2021-09-02 23:00:00,23,False,OFFLINE_MISSED,-0.35,LOSS,0.449,0.285
332,XAUUSD_BASE_747,XAUUSD,LONG,2022-11-29 21:00:00,21,True,ONLINE_CAPTURED,-0.41,LOSS,2.03,0.317
333,XAUUSD_BASE_216,XAUUSD,SHORT,2020-10-21 05:00:00,5,False,OFFLINE_MISSED,-0.42,LOSS,1.879,0.187
334,US500_BASE_263,US500,LONG,2020-12-26 04:00:00,4,False,OFFLINE_MISSED,-0.5,LOSS,0.988,0.387
335,USDJPY_BASE_57,USDJPY,LONG,2020-03-04 06:00:00,6,False,OFFLINE_MISSED,-0.57,LOSS,0.464,0.275
336,XAUUSD_BASE_635,XAUUSD,SHORT,2022-06-10 17:00:00,17,True,ONLINE_CAPTURED,-0.62,LOSS,1.861,0.171
337,XAUUSD_BASE_480,XAUUSD,SHORT,2021-11-01 22:00:00,22,False,OFFLINE_MISSED,-0.79,LOSS,1.872,0.163
338,USDJPY_BASE_1082,USDJPY,SHORT,2024-03-19 08:00:00,8,False,OFFLINE_MISSED,-0.8,LOSS,0.438,0.289
339,USDJPY_BASE_1342,USDJPY,SHORT,2025-03-07 19:00:00,19,True,ONLINE_CAPTURED,-0.8,LOSS,0.516,0.324
340,US500_BASE_736,US500,LONG,2022-11-11 23:00:00,23,False,OFFLINE_MISSED,-0.91,LOSS,0.764,0.317
341,XAUUSD_BASE_1158,XAUUSD,LONG,2024-06-20 18:00:00,18,True,ONLINE_CAPTURED,-0.98,LOSS,1.451,0.222
342,XAUUSD_BASE_1561,XAUUSD,SHORT,2025-12-17 22:00:00,22,False,OFFLINE_MISSED,-1.16,LOSS,1.104,0.173
343,USDJPY_BASE_1198,USDJPY,LONG,2024-08-14 22:00:00,22,False,OFFLINE_MISSED,-1.25,LOSS,0.452,0.282
344,US500_BASE_514,US500,SHORT,2021-12-20 18:00:00,18,True,ONLINE_CAPTURED,-1.36,LOSS,0.893,0.331
345,US500_BASE_502,US500,SHORT,2021-12-06 12:00:00,12,True,ONLINE_CAPTURED,-1.45,LOSS,0.822,0.335
346,XAUUSD_BASE_1274,XAUUSD,SHORT,2024-11-19 12:00:00,12,True,ONLINE_CAPTURED,-1.6,LOSS,1.167,0.143
347,USDJPY_BASE_702,USDJPY,LONG,2022-09-23 18:00:00,18,True,ONLINE_CAPTURED,-1.7,LOSS,0.376,0.295
348,US500_BASE_721,US500,LONG,2022-10-17 08:00:00,8,False,OFFLINE_MISSED,-1.86,LOSS,0.692,0.29
349,USDJPY_BASE_276,USDJPY,SHORT,2021-01-11 11:00:00,11,True,ONLINE_CAPTURED,-1.93,LOSS,0.324,0.226
350,US500_BASE_303,US500,LONG,2021-02-17 20:00:00,20,True,ONLINE_CAPTURED,-1.95,LOSS,0.889,0.413
351,US500_BASE_742,US500,LONG,2022-11-22 09:00:00,9,True,ONLINE_CAPTURED,-2.06,LOSS,0.68,0.253
352,XAUUSD_BASE_910,XAUUSD,LONG,2023-07-05 05:00:00,5,False,OFFLINE_MISSED,-2.29,LOSS,1.551,0.138
353,BTCUSD_BASE_1444,BTCUSD,LONG,2025-07-27 17:00:00,17,True,ONLINE_CAPTURED,-2.45,LOSS,0.034,0.25
354,XAUUSD_BASE_1008,XAUUSD,SHORT,2023-12-08 02:00:00,2,False,OFFLINE_MISSED,-2.5,LOSS,1.397,0.162
355,XAUUSD_BASE_642,XAUUSD,SHORT,2022-06-24 20:00:00,20,True,ONLINE_CAPTURED,-2.65,LOSS,1.584,0.251
356,XAUUSD_BASE_1379,XAUUSD,LONG,2025-04-29 18:00:00,18,True,ONLINE_CAPTURED,-2.65,LOSS,0.994,0.176
357,XAUUSD_BASE_1308,XAUUSD,SHORT,2025-01-09 18:00:00,18,True,ONLINE_CAPTURED,-2.72,LOSS,1.025,0.201
358,US500_BASE_965,US500,LONG,2023-09-23 04:00:00,4,False,OFFLINE_MISSED,-2.97,LOSS,0.562,0.222
359,XAUUSD_BASE_233,XAUUSD,SHORT,2020-11-12 18:00:00,18,True,ONLINE_CAPTURED,-3.04,LOSS,1.484,0.215
360,USDJPY_BASE_1184,USDJPY,SHORT,2024-07-26 17:00:00,17,True,ONLINE_CAPTURED,-3.05,LOSS,0.393,0.235
361,US500_BASE_1541,US500,SHORT,2025-11-25 19:00:00,19,True,ONLINE_CAPTURED,-3.29,LOSS,0.493,0.257
362,US500_BASE_535,US500,SHORT,2022-01-20 09:00:00,9,True,ONLINE_CAPTURED,-3.33,LOSS,0.712,0.423
363,US500_BASE_1132,US500,LONG,2024-05-22 09:00:00,9,True,ONLINE_CAPTURED,-4.04,LOSS,0.511,0.268
364,XAUUSD_BASE_935,XAUUSD,LONG,2023-08-08 18:00:00,18,True,ONLINE_CAPTURED,-4.06,LOSS,1.219,0.154
365,GBPUSD_BASE_1195,GBPUSD,LONG,2024-08-09 13:00:00,13,True,ONLINE_CAPTURED,-4.1,LOSS,0.023,0.278
366,US500_BASE_1117,US500,LONG,2024-05-06 12:00:00,12,True,ONLINE_CAPTURED,-4.28,LOSS,0.502,0.272
367,XAUUSD_BASE_356,XAUUSD,LONG,2021-05-03 23:00:00,23,False,OFFLINE_MISSED,-4.29,LOSS,1.335,0.152
368,XAUUSD_BASE_1339,XAUUSD,LONG,2025-02-28 21:00:00,21,True,ONLINE_CAPTURED,-4.31,LOSS,0.857,0.214
369,US500_BASE_575,US500,SHORT,2022-03-17 15:00:00,15,True,ONLINE_CAPTURED,-4.48,LOSS,0.566,0.281
370,USDJPY_BASE_1022,USDJPY,LONG,2024-01-04 22:00:00,22,False,OFFLINE_MISSED,-4.62,LOSS,0.278,0.299
371,USDJPY_BASE_760,USDJPY,SHORT,2022-12-15 15:00:00,15,True,ONLINE_CAPTURED,-4.63,LOSS,0.251,0.217
372,USDJPY_BASE_140,USDJPY,SHORT,2020-07-06 22:00:00,22,False,OFFLINE_MISSED,-4.85,LOSS,0.28,0.277
373,XAUUSD_BASE_960,XAUUSD,SHORT,2023-09-13 22:00:00,22,False,OFFLINE_MISSED,-4.88,LOSS,1.104,0.16
374,US500_BASE_1283,US500,SHORT,2024-12-05 15:00:00,15,True,ONLINE_CAPTURED,-4.89,LOSS,0.377,0.185
375,US500_BASE_1199,US500,SHORT,2024-08-15 01:00:00,1,False,OFFLINE_MISSED,-4.96,LOSS,0.444,0.231
376,US500_BASE_697,US500,SHORT,2022-09-07 11:00:00,11,True,ONLINE_CAPTURED,-5.02,LOSS,0.527,0.276
377,XAUUSD_BASE_569,XAUUSD,LONG,2022-03-09 17:00:00,17,True,ONLINE_CAPTURED,-5.07,LOSS,1.133,0.198
378,USDJPY_BASE_1059,USDJPY,SHORT,2024-02-16 19:00:00,19,True,ONLINE_CAPTURED,-5.08,LOSS,0.273,0.291
379,US500_BASE_217,US500,LONG,2020-10-22 00:00:00,0,False,OFFLINE_MISSED,-5.16,LOSS,0.573,0.353
380,XAUUSD_BASE_1386,XAUUSD,SHORT,2025-05-12 23:00:00,23,False,OFFLINE_MISSED,-5.37,LOSS,0.716,0.297
381,US500_BASE_907,US500,LONG,2023-06-28 14:00:00,14,True,ONLINE_CAPTURED,-5.5,LOSS,0.481,0.311
382,USDJPY_BASE_1320,USDJPY,SHORT,2025-01-31 03:00:00,3,False,OFFLINE_MISSED,-5.52,LOSS,0.284,0.291
383,XAUUSD_BASE_155,XAUUSD,LONG,2020-07-30 20:00:00,20,True,ONLINE_CAPTURED,-5.59,LOSS,1.014,0.222
384,US500_BASE_787,US500,LONG,2023-01-16 20:00:00,20,True,ONLINE_CAPTURED,-5.62,LOSS,0.463,0.317
385,US500_BASE_286,US500,SHORT,2021-01-26 15:00:00,15,True,ONLINE_CAPTURED,-5.71,LOSS,0.58,0.418
386,USDJPY_BASE_126,USDJPY,LONG,2020-06-16 20:00:00,20,True,ONLINE_CAPTURED,-5.75,LOSS,0.246,0.307
387,XAUUSD_BASE_1221,XAUUSD,SHORT,2024-09-11 00:00:00,0,False,OFFLINE_MISSED,-5.93,LOSS,0.726,0.186
388,US500_BASE_999,US500,SHORT,2023-11-22 14:00:00,14,True,ONLINE_CAPTURED,-5.99,LOSS,0.406,0.27
389,US500_BASE_1564,US500,LONG,2025-12-24 20:00:00,20,True,ONLINE_CAPTURED,-5.99,LOSS,0.344,0.268
390,US500_BASE_934,US500,LONG,2023-08-08 16:00:00,16,False,OFFLINE_MISSED,-6.15,LOSS,0.418,0.312
391,XAUUSD_BASE_1316,XAUUSD,LONG,2025-01-27 12:00:00,12,True,ONLINE_CAPTURED,-6.35,LOSS,0.657,0.175
392,USDJPY_BASE_1401,USDJPY,SHORT,2025-06-02 08:00:00,8,False,OFFLINE_MISSED,-6.42,LOSS,0.255,0.327
393,XAUUSD_BASE_1148,XAUUSD,SHORT,2024-06-05 19:00:00,19,True,ONLINE_CAPTURED,-6.61,LOSS,0.724,0.189
394,US500_BASE_903,US500,SHORT,2023-06-26 13:00:00,13,True,ONLINE_CAPTURED,-6.86,LOSS,0.385,0.265
395,USDJPY_BASE_515,USDJPY,SHORT,2021-12-21 19:00:00,19,True,ONLINE_CAPTURED,-6.88,LOSS,0.194,0.249
396,XAUUSD_BASE_102,XAUUSD,SHORT,2020-05-15 01:00:00,1,False,OFFLINE_MISSED,-7.09,LOSS,0.911,0.217
397,XAUUSD_BASE_1321,XAUUSD,LONG,2025-02-03 16:00:00,16,False,OFFLINE_MISSED,-7.24,LOSS,0.554,0.191
398,XAUUSD_BASE_908,XAUUSD,SHORT,2023-06-29 08:00:00,8,False,OFFLINE_MISSED,-7.26,LOSS,0.792,0.13
399,US500_BASE_340,US500,LONG,2021-04-07 23:00:00,23,False,OFFLINE_MISSED,-7.29,LOSS,0.409,0.387
400,XAUUSD_BASE_1045,XAUUSD,SHORT,2024-01-31 22:00:00,22,False,OFFLINE_MISSED,-7.48,LOSS,0.694,0.304
401,XAUUSD_BASE_517,XAUUSD,LONG,2021-12-24 20:00:00,20,True,ONLINE_CAPTURED,-7.53,LOSS,0.781,0.113
402,XAUUSD_BASE_1403,XAUUSD,SHORT,2025-06-06 18:00:00,18,True,ONLINE_CAPTURED,-7.54,LOSS,0.498,0.168
403,USDJPY_BASE_1470,USDJPY,SHORT,2025-09-01 19:00:00,19,True,ONLINE_CAPTURED,-7.55,LOSS,0.225,0.302
404,US500_BASE_265,US500,SHORT,2020-12-30 12:00:00,12,True,ONLINE_CAPTURED,-7.7,LOSS,0.391,0.331
405,US500_BASE_1326,US500,LONG,2025-02-12 03:00:00,3,False,OFFLINE_MISSED,-7.79,LOSS,0.228,0.196
406,US500_BASE_1314,US500,SHORT,2025-01-23 07:00:00,7,False,OFFLINE_MISSED,-7.8,LOSS,0.227,0.209
407,US500_BASE_65,US500,LONG,2020-03-16 07:00:00,7,False,OFFLINE_MISSED,-7.82,LOSS,0.426,0.352
408,USDJPY_BASE_1284,USDJPY,SHORT,2024-12-05 19:00:00,19,True,ONLINE_CAPTURED,-8.0,LOSS,0.181,0.297
409,XAUUSD_BASE_816,XAUUSD,SHORT,2023-02-23 23:00:00,23,False,OFFLINE_MISSED,-8.25,LOSS,0.671,0.215
410,XAUUSD_BASE_147,XAUUSD,LONG,2020-07-17 19:00:00,19,True,ONLINE_CAPTURED,-8.28,LOSS,0.64,0.211
411,XAUUSD_BASE_583,XAUUSD,SHORT,2022-03-31 18:00:00,18,True,ONLINE_CAPTURED,-8.38,LOSS,0.627,0.232
412,XAUUSD_BASE_414,XAUUSD,SHORT,2021-07-28 17:00:00,17,True,ONLINE_CAPTURED,-8.51,LOSS,0.62,0.11
413,US500_BASE_810,US500,LONG,2023-02-16 12:00:00,12,True,ONLINE_CAPTURED,-8.58,LOSS,0.258,0.341
414,XAUUSD_BASE_211,XAUUSD,SHORT,2020-10-13 22:00:00,22,False,OFFLINE_MISSED,-8.64,LOSS,0.597,0.26
415,USDJPY_BASE_839,USDJPY,SHORT,2023-03-30 02:00:00,2,False,OFFLINE_MISSED,-8.68,LOSS,0.131,0.248
416,XAUUSD_BASE_399,XAUUSD,LONG,2021-07-07 10:00:00,10,True,ONLINE_CAPTURED,-8.75,LOSS,0.588,0.109
417,US500_BASE_423,US500,SHORT,2021-08-07 03:00:00,3,False,OFFLINE_MISSED,-8.78,LOSS,0.299,0.335
418,XAUUSD_BASE_945,XAUUSD,LONG,2023-08-21 07:00:00,7,False,OFFLINE_MISSED,-8.85,LOSS,0.521,0.154
419,XAUUSD_BASE_1447,XAUUSD,LONG,2025-08-01 23:00:00,23,False,OFFLINE_MISSED,-8.89,LOSS,0.35,0.236
420,XAUUSD_BASE_385,XAUUSD,SHORT,2021-06-15 15:00:00,15,True,ONLINE_CAPTURED,-8.9,LOSS,0.566,0.112
421,USDJPY_BASE_1522,USDJPY,SHORT,2025-11-03 19:00:00,19,True,ONLINE_CAPTURED,-8.9,LOSS,0.19,0.327
422,XAUUSD_BASE_505,XAUUSD,LONG,2021-12-13 08:00:00,8,False,OFFLINE_MISSED,-8.98,LOSS,0.559,0.122
423,US500_BASE_440,US500,LONG,2021-09-01 15:00:00,15,True,ONLINE_CAPTURED,-8.99,LOSS,0.291,0.361
424,XAUUSD_BASE_465,XAUUSD,LONG,2021-10-08 18:00:00,18,True,ONLINE_CAPTURED,-9.0,LOSS,0.564,0.124
425,XAUUSD_BASE_892,XAUUSD,SHORT,2023-06-07 21:00:00,21,True,ONLINE_CAPTURED,-9.0,LOSS,0.52,0.193
426,XAUUSD_BASE_735,XAUUSD,LONG,2022-11-09 23:00:00,23,False,OFFLINE_MISSED,-9.14,LOSS,0.56,0.261
427,XAUUSD_BASE_674,XAUUSD,SHORT,2022-08-03 16:00:00,16,False,OFFLINE_MISSED,-9.16,LOSS,0.544,0.212
428,US500_BASE_1202,US500,LONG,2024-08-20 15:00:00,15,True,ONLINE_CAPTURED,-9.18,LOSS,0.197,0.277
429,XAUUSD_BASE_1101,XAUUSD,LONG,2024-04-17 14:00:00,14,True,ONLINE_CAPTURED,-9.26,LOSS,0.396,0.212
430,USDJPY_BASE_731,USDJPY,SHORT,2022-11-02 20:00:00,20,True,ONLINE_CAPTURED,-9.35,LOSS,0.098,0.237
431,XAUUSD_BASE_193,XAUUSD,SHORT,2020-09-15 21:00:00,21,True,ONLINE_CAPTURED,-9.44,LOSS,0.449,0.248
432,XAUUSD_BASE_668,XAUUSD,LONG,2022-07-27 16:00:00,16,False,OFFLINE_MISSED,-9.45,LOSS,0.501,0.204
433,XAUUSD_BASE_692,XAUUSD,SHORT,2022-08-29 23:00:00,23,False,OFFLINE_MISSED,-9.48,LOSS,0.49,0.217
434,USDJPY_BASE_67,USDJPY,SHORT,2020-03-19 11:00:00,11,True,ONLINE_CAPTURED,-9.58,LOSS,0.112,0.214
435,XAUUSD_BASE_1508,XAUUSD,SHORT,2025-10-17 10:00:00,10,True,ONLINE_CAPTURED,-9.79,LOSS,0.263,0.159
436,XAUUSD_BASE_374,XAUUSD,SHORT,2021-06-02 02:00:00,2,False,OFFLINE_MISSED,-9.8,LOSS,0.412,0.145
437,XAUUSD_BASE_724,XAUUSD,LONG,2022-10-20 15:00:00,15,True,ONLINE_CAPTURED,-9.8,LOSS,0.46,0.187
438,USDJPY_BASE_764,USDJPY,SHORT,2022-12-21 02:00:00,2,False,OFFLINE_MISSED,-9.8,LOSS,0.086,0.227
439,XAUUSD_BASE_809,XAUUSD,SHORT,2023-02-15 23:00:00,23,False,OFFLINE_MISSED,-9.84,LOSS,0.416,0.17
440,XAUUSD_BASE_1500,XAUUSD,LONG,2025-10-08 13:00:00,13,True,ONLINE_CAPTURED,-9.88,LOSS,0.255,0.182
441,XAUUSD_BASE_1114,XAUUSD,LONG,2024-05-01 07:00:00,7,False,OFFLINE_MISSED,-9.94,LOSS,0.313,0.197
442,USDJPY_BASE_388,USDJPY,SHORT,2021-06-23 19:00:00,19,True,ONLINE_CAPTURED,-10.03,LOSS,0.083,0.256
443,XAUUSD_BASE_741,XAUUSD,SHORT,2022-11-21 14:00:00,14,True,ONLINE_CAPTURED,-10.14,LOSS,0.393,0.216
444,XAUUSD_BASE_526,XAUUSD,SHORT,2022-01-11 19:00:00,19,True,ONLINE_CAPTURED,-10.33,LOSS,0.345,0.27
445,US500_BASE_1349,US500,LONG,2025-03-18 23:00:00,23,False,OFFLINE_MISSED,-10.33,LOSS,0.106,0.254
446,XAUUSD_BASE_622,XAUUSD,SHORT,2022-05-19 14:00:00,14,True,ONLINE_CAPTURED,-10.38,LOSS,0.329,0.173
447,US500_BASE_1000,US500,LONG,2023-11-25 05:00:00,5,False,OFFLINE_MISSED,-10.43,LOSS,0.129,0.324
448,USDJPY_BASE_74,USDJPY,LONG,2020-03-31 11:00:00,11,True,ONLINE_CAPTURED,-10.48,LOSS,0.077,0.26
449,XAUUSD_BASE_209,XAUUSD,SHORT,2020-10-08 23:00:00,23,False,OFFLINE_MISSED,-10.48,LOSS,0.309,0.25
450,XAUUSD_BASE_967,XAUUSD,SHORT,2023-09-29 18:00:00,18,True,ONLINE_CAPTURED,-10.5,LOSS,0.301,0.14
451,XAUUSD_BASE_1324,XAUUSD,SHORT,2025-02-06 19:00:00,19,True,ONLINE_CAPTURED,-10.54,LOSS,0.206,0.184
452,XAUUSD_BASE_1289,XAUUSD,LONG,2024-12-13 12:00:00,12,True,ONLINE_CAPTURED,-10.67,LOSS,0.2,0.157
453,BTCUSD_BASE_1502,BTCUSD,SHORT,2025-10-10 18:00:00,18,True,ONLINE_CAPTURED,-10.68,LOSS,0.006,0.295
454,USDJPY_BASE_513,USDJPY,LONG,2021-12-20 14:00:00,14,True,ONLINE_CAPTURED,-10.7,LOSS,0.062,0.244
455,USDJPY_BASE_547,USDJPY,LONG,2022-02-03 17:00:00,17,True,ONLINE_CAPTURED,-10.7,LOSS,0.066,0.208
456,US500_BASE_974,US500,SHORT,2023-10-16 15:00:00,15,True,ONLINE_CAPTURED,-10.72,LOSS,0.114,0.29
457,XAUUSD_BASE_1226,XAUUSD,SHORT,2024-09-18 22:00:00,22,False,OFFLINE_MISSED,-10.74,LOSS,0.194,0.25
458,BTCUSD_BASE_1354,BTCUSD,SHORT,2025-03-28 05:00:00,5,False,OFFLINE_MISSED,-10.79,LOSS,0.005,0.277
459,US500_BASE_144,US500,SHORT,2020-07-13 08:00:00,8,False,OFFLINE_MISSED,-10.81,LOSS,0.139,0.372
460,US500_BASE_553,US500,SHORT,2022-02-12 02:00:00,2,False,OFFLINE_MISSED,-10.81,LOSS,0.13,0.403
461,USDJPY_BASE_104,USDJPY,SHORT,2020-05-18 20:00:00,20,True,ONLINE_CAPTURED,-10.92,LOSS,0.059,0.362
462,US500_BASE_664,US500,LONG,2022-07-21 18:00:00,18,True,ONLINE_CAPTURED,-10.93,LOSS,0.121,0.402
463,XAUUSD_BASE_1180,XAUUSD,SHORT,2024-07-24 09:00:00,9,True,ONLINE_CAPTURED,-11.05,LOSS,0.167,0.199
464,XAUUSD_BASE_1420,XAUUSD,LONG,2025-06-27 13:00:00,13,True,ONLINE_CAPTURED,-11.07,LOSS,0.143,0.174
465,US500_BASE_129,US500,LONG,2020-06-20 04:00:00,4,False,OFFLINE_MISSED,-11.11,LOSS,0.123,0.335
466,USDJPY_BASE_653,USDJPY,SHORT,2022-07-09 03:00:00,3,False,OFFLINE_MISSED,-11.15,LOSS,0.045,0.223
467,XAUUSD_BASE_581,XAUUSD,SHORT,2022-03-29 06:00:00,6,False,OFFLINE_MISSED,-11.19,LOSS,0.199,0.178
468,US500_BASE_284,US500,LONG,2021-01-21 22:00:00,22,False,OFFLINE_MISSED,-11.23,LOSS,0.106,0.505
469,US500_BASE_837,US500,LONG,2023-03-27 09:00:00,9,True,ONLINE_CAPTURED,-11.31,LOSS,0.079,0.301
470,USDJPY_BASE_675,USDJPY,SHORT,2022-08-09 02:00:00,2,False,OFFLINE_MISSED,-11.38,LOSS,0.04,0.254
471,XAUUSD_BASE_561,XAUUSD,LONG,2022-02-22 09:00:00,9,True,ONLINE_CAPTURED,-11.57,LOSS,0.142,0.248
472,XAUUSD_BASE_1001,XAUUSD,LONG,2023-11-28 01:00:00,1,False,OFFLINE_MISSED,-11.61,LOSS,0.126,0.214
473,XAUUSD_BASE_1193,XAUUSD,SHORT,2024-08-07 05:00:00,5,False,OFFLINE_MISSED,-11.62,LOSS,0.103,0.208
474,XAUUSD_BASE_1108,XAUUSD,SHORT,2024-04-22 23:00:00,23,False,OFFLINE_MISSED,-11.64,LOSS,0.106,0.302
475,XAUUSD_BASE_20,XAUUSD,SHORT,2020-01-20 20:00:00,20,True,ONLINE_CAPTURED,-11.65,LOSS,0.158,0.259
476,GBPUSD_BASE_1490,GBPUSD,SHORT,2025-09-25 15:00:00,15,True,ONLINE_CAPTURED,-11.8,LOSS,0.002,0.335
477,USDJPY_BASE_1188,USDJPY,LONG,2024-08-01 19:00:00,19,True,ONLINE_CAPTURED,-11.82,LOSS,0.028,0.307
478,US500_BASE_77,US500,SHORT,2020-04-02 22:00:00,22,False,OFFLINE_MISSED,-11.83,LOSS,0.059,0.493
479,XAUUSD_BASE_779,XAUUSD,LONG,2023-01-05 22:00:00,22,False,OFFLINE_MISSED,-11.86,LOSS,0.1,0.19
480,XAUUSD_BASE_1306,XAUUSD,LONG,2025-01-06 20:00:00,20,True,ONLINE_CAPTURED,-11.86,LOSS,0.068,0.228
481,XAUUSD_BASE_313,XAUUSD,LONG,2021-03-04 13:00:00,13,True,ONLINE_CAPTURED,-11.87,LOSS,0.103,0.115
482,XAUUSD_BASE_171,XAUUSD,SHORT,2020-08-22 01:00:00,1,False,OFFLINE_MISSED,-11.88,LOSS,0.09,0.171
483,US500_BASE_863,US500,SHORT,2023-04-27 19:00:00,19,True,ONLINE_CAPTURED,-11.9,LOSS,0.041,0.267
484,US500_BASE_1416,US500,LONG,2025-06-23 18:00:00,18,True,ONLINE_CAPTURED,-11.98,LOSS,0.026,0.213
485,XAUUSD_BASE_453,XAUUSD,SHORT,2021-09-20 09:00:00,9,True,ONLINE_CAPTURED,-12.0,LOSS,0.081,0.096
486,XAUUSD_BASE_1034,XAUUSD,SHORT,2024-01-16 20:00:00,20,True,ONLINE_CAPTURED,-12.0,LOSS,0.069,0.224
487,XAUUSD_BASE_486,XAUUSD,SHORT,2021-11-16 03:00:00,3,False,OFFLINE_MISSED,-12.05,LOSS,0.073,0.157
488,US500_BASE_1027,US500,LONG,2024-01-09 15:00:00,15,True,ONLINE_CAPTURED,-12.1,LOSS,0.026,0.29
489,US500_BASE_1392,US500,SHORT,2025-05-23 14:00:00,14,True,ONLINE_CAPTURED,-12.14,LOSS,0.018,0.222
490,XAUUSD_BASE_46,XAUUSD,LONG,2020-02-19 15:00:00,15,True,ONLINE_CAPTURED,-12.15,LOSS,0.068,0.285
491,XAUUSD_BASE_269,XAUUSD,SHORT,2021-01-05 19:00:00,19,True,ONLINE_CAPTURED,-12.25,LOSS,0.037,0.121
492,XAUUSD_BASE_1526,XAUUSD,SHORT,2025-11-07 03:00:00,3,False,OFFLINE_MISSED,-12.3,LOSS,0.019,0.222
493,XAUUSD_BASE_1518,XAUUSD,SHORT,2025-10-30 21:00:00,21,True,ONLINE_CAPTURED,-12.38,LOSS,0.012,0.201
494,XAUUSD_BASE_1153,XAUUSD,SHORT,2024-06-14 12:00:00,12,True,ONLINE_CAPTURED,-12.47,LOSS,0.004,0.238
495,XAUUSD_BASE_725,XAUUSD,SHORT,2022-10-25 14:00:00,14,True,ONLINE_CAPTURED,-12.48,LOSS,0.004,0.191
496,XAUUSD_BASE_1312,XAUUSD,SHORT,2025-01-21 21:00:00,21,True,ONLINE_CAPTURED,-12.49,LOSS,0.001,0.206
497,XAUUSD_BASE_2,XAUUSD,SHORT,2020-01-02 21:00:00,21,True,ONLINE_CAPTURED,-12.5,LOSS,0.001,0.309
498,XAUUSD_BASE_503,XAUUSD,SHORT,2021-12-08 21:00:00,21,True,ONLINE_CAPTURED,-12.5,LOSS,0.001,0.126
499,USDJPY_BASE_1506,USDJPY,LONG,2025-10-15 10:00:00,10,True,ONLINE_CAPTURED,-12.73,LOSS,0.011,0.325
500,XAUUSD_BASE_1024,XAUUSD,LONG,2024-01-05 20:00:00,20,True,ONLINE_CAPTURED,-12.75,LOSS,0.035,0.261
501,XAUUSD_BASE_105,XAUUSD,LONG,2020-05-21 11:00:00,11,True,ONLINE_CAPTURED,-12.82,LOSS,0.055,0.202
502,XAUUSD_BASE_347,XAUUSD,SHORT,2021-04-21 15:00:00,15,True,ONLINE_CAPTURED,-12.85,LOSS,0.057,0.105
503,XAUUSD_BASE_320,XAUUSD,SHORT,2021-03-13 02:00:00,2,False,OFFLINE_MISSED,-12.87,LOSS,0.06,0.11
504,XAUUSD_BASE_694,XAUUSD,LONG,2022-09-01 17:00:00,17,True,ONLINE_CAPTURED,-12.94,LOSS,0.072,0.182
505,USDJPY_BASE_410,USDJPY,SHORT,2021-07-21 19:00:00,19,True,ONLINE_CAPTURED,-12.95,LOSS,0.016,0.283
506,USDJPY_BASE_869,USDJPY,LONG,2023-05-08 12:00:00,12,True,ONLINE_CAPTURED,-12.95,LOSS,0.017,0.25
507,USDJPY_BASE_1134,USDJPY,SHORT,2024-05-23 23:00:00,23,False,OFFLINE_MISSED,-12.95,LOSS,0.019,0.329
508,XAUUSD_BASE_978,XAUUSD,SHORT,2023-10-25 20:00:00,20,True,ONLINE_CAPTURED,-13.05,LOSS,0.08,0.169
509,XAUUSD_BASE_774,XAUUSD,SHORT,2022-12-29 23:00:00,23,False,OFFLINE_MISSED,-13.14,LOSS,0.102,0.226
510,GBPUSD_BASE_165,GBPUSD,LONG,2020-08-14 15:00:00,15,True,ONLINE_CAPTURED,-13.2,LOSS,0.002,0.216
511,XAUUSD_BASE_259,XAUUSD,LONG,2020-12-19 02:00:00,2,False,OFFLINE_MISSED,-13.26,LOSS,0.117,0.279
512,XAUUSD_BASE_1482,XAUUSD,LONG,2025-09-17 12:00:00,12,True,ONLINE_CAPTURED,-13.29,LOSS,0.078,0.175
513,US500_BASE_571,US500,LONG,2022-03-14 19:00:00,19,True,ONLINE_CAPTURED,-13.31,LOSS,0.056,0.308
514,XAUUSD_BASE_1543,XAUUSD,SHORT,2025-11-28 16:00:00,16,False,OFFLINE_MISSED,-13.34,LOSS,0.084,0.121
515,XAUUSD_BASE_132,XAUUSD,SHORT,2020-06-25 12:00:00,12,True,ONLINE_CAPTURED,-13.35,LOSS,0.135,0.192
516,XAUUSD_BASE_369,XAUUSD,LONG,2021-05-26 22:00:00,22,False,OFFLINE_MISSED,-13.35,LOSS,0.131,0.157
517,XAUUSD_BASE_311,XAUUSD,SHORT,2021-03-02 00:00:00,0,False,OFFLINE_MISSED,-13.36,LOSS,0.141,0.129
518,US500_BASE_1167,US500,LONG,2024-07-05 09:00:00,9,True,ONLINE_CAPTURED,-13.38,LOSS,0.053,0.251
519,USDJPY_BASE_1130,USDJPY,LONG,2024-05-21 05:00:00,5,False,OFFLINE_MISSED,-13.4,LOSS,0.038,0.299
520,XAUUSD_BASE_350,XAUUSD,LONG,2021-04-23 13:00:00,13,True,ONLINE_CAPTURED,-13.41,LOSS,0.147,0.102
521,XAUUSD_BASE_866,XAUUSD,SHORT,2023-05-03 15:00:00,15,True,ONLINE_CAPTURED,-13.46,LOSS,0.139,0.197
522,XAUUSD_BASE_93,XAUUSD,LONG,2020-04-29 22:00:00,22,False,OFFLINE_MISSED,-13.47,LOSS,0.169,0.263
523,XAUUSD_BASE_318,XAUUSD,SHORT,2021-03-10 23:00:00,23,False,OFFLINE_MISSED,-13.47,LOSS,0.159,0.146
524,XAUUSD_BASE_389,XAUUSD,SHORT,2021-06-24 22:00:00,22,False,OFFLINE_MISSED,-13.48,LOSS,0.156,0.107
525,XAUUSD_BASE_291,XAUUSD,LONG,2021-02-01 08:00:00,8,False,OFFLINE_MISSED,-13.49,LOSS,0.15,0.091
526,XAUUSD_BASE_984,XAUUSD,SHORT,2023-11-06 19:00:00,19,True,ONLINE_CAPTURED,-13.54,LOSS,0.154,0.174
527,XAUUSD_BASE_1335,XAUUSD,LONG,2025-02-24 21:00:00,21,True,ONLINE_CAPTURED,-13.55,LOSS,0.112,0.206
528,XAUUSD_BASE_333,XAUUSD,LONG,2021-03-30 18:00:00,18,True,ONLINE_CAPTURED,-13.6,LOSS,0.178,0.106
529,US500_BASE_1372,US500,SHORT,2025-04-22 03:00:00,3,False,OFFLINE_MISSED,-13.61,LOSS,0.054,0.255
530,USDJPY_BASE_371,USDJPY,LONG,2021-05-28 09:00:00,9,True,ONLINE_CAPTURED,-13.63,LOSS,0.038,0.233
531,XAUUSD_BASE_170,XAUUSD,LONG,2020-08-20 01:00:00,1,False,OFFLINE_MISSED,-13.64,LOSS,0.166,0.293
532,XAUUSD_BASE_1382,XAUUSD,LONG,2025-05-06 16:00:00,16,False,OFFLINE_MISSED,-13.68,LOSS,0.117,0.172
533,XAUUSD_BASE_467,XAUUSD,SHORT,2021-10-13 20:00:00,20,True,ONLINE_CAPTURED,-13.7,LOSS,0.192,0.114
534,XAUUSD_BASE_900,XAUUSD,SHORT,2023-06-23 05:00:00,5,False,OFFLINE_MISSED,-13.7,LOSS,0.18,0.182
535,US500_BASE_1166,US500,LONG,2024-07-02 22:00:00,22,False,OFFLINE_MISSED,-13.7,LOSS,0.072,0.319
536,XAUUSD_BASE_107,XAUUSD,LONG,2020-05-25 15:00:00,15,True,ONLINE_CAPTURED,-13.71,LOSS,0.205,0.173
537,XAUUSD_BASE_372,XAUUSD,LONG,2021-05-28 22:00:00,22,False,OFFLINE_MISSED,-13.71,LOSS,0.185,0.166
538,XAUUSD_BASE_405,XAUUSD,SHORT,2021-07-14 17:00:00,17,True,ONLINE_CAPTURED,-13.71,LOSS,0.19,0.12
539,XAUUSD_BASE_456,XAUUSD,SHORT,2021-09-24 11:00:00,11,True,ONLINE_CAPTURED,-13.71,LOSS,0.197,0.09
540,XAUUSD_BASE_360,XAUUSD,SHORT,2021-05-08 04:00:00,4,False,OFFLINE_MISSED,-13.72,LOSS,0.196,0.119
541,XAUUSD_BASE_971,XAUUSD,LONG,2023-10-09 10:00:00,10,True,ONLINE_CAPTURED,-13.79,LOSS,0.193,0.134
542,XAUUSD_BASE_1431,XAUUSD,SHORT,2025-07-07 15:00:00,15,True,ONLINE_CAPTURED,-13.81,LOSS,0.132,0.185
543,GBPUSD_BASE_914,GBPUSD,LONG,2023-07-11 21:00:00,21,True,ONLINE_CAPTURED,-13.9,LOSS,0.003,0.299
544,US500_BASE_1426,US500,LONG,2025-07-02 16:00:00,16,False,OFFLINE_MISSED,-13.9,LOSS,0.071,0.249
545,XAUUSD_BASE_495,XAUUSD,LONG,2021-11-29 10:00:00,10,True,ONLINE_CAPTURED,-13.93,LOSS,0.231,0.12
546,XAUUSD_BASE_246,XAUUSD,LONG,2020-11-26 18:00:00,18,True,ONLINE_CAPTURED,-13.94,LOSS,0.234,0.236
547,XAUUSD_BASE_880,XAUUSD,LONG,2023-05-23 10:00:00,10,True,ONLINE_CAPTURED,-13.98,LOSS,0.216,0.128
548,XAUUSD_BASE_91,XAUUSD,SHORT,2020-04-27 16:00:00,16,False,OFFLINE_MISSED,-13.99,LOSS,0.262,0.199
549,XAUUSD_BASE_791,XAUUSD,SHORT,2023-01-19 19:00:00,19,True,ONLINE_CAPTURED,-14.01,LOSS,0.232,0.185
550,XAUUSD_BASE_201,XAUUSD,LONG,2020-09-30 01:00:00,1,False,OFFLINE_MISSED,-14.03,LOSS,0.231,0.196
551,XAUUSD_BASE_352,XAUUSD,SHORT,2021-04-26 18:00:00,18,True,ONLINE_CAPTURED,-14.06,LOSS,0.253,0.076
552,XAUUSD_BASE_398,XAUUSD,SHORT,2021-07-05 22:00:00,22,False,OFFLINE_MISSED,-14.09,LOSS,0.25,0.137
553,XAUUSD_BASE_916,XAUUSD,SHORT,2023-07-13 16:00:00,16,False,OFFLINE_MISSED,-14.09,LOSS,0.238,0.178
554,XAUUSD_BASE_645,XAUUSD,LONG,2022-07-01 19:00:00,19,True,ONLINE_CAPTURED,-14.16,LOSS,0.27,0.196
555,XAUUSD_BASE_631,XAUUSD,SHORT,2022-06-03 02:00:00,2,False,OFFLINE_MISSED,-14.19,LOSS,0.266,0.197
556,XAUUSD_BASE_597,XAUUSD,LONG,2022-04-19 21:00:00,21,True,ONLINE_CAPTURED,-14.2,LOSS,0.252,0.191
557,XAUUSD_BASE_1060,XAUUSD,LONG,2024-02-20 13:00:00,13,True,ONLINE_CAPTURED,-14.21,LOSS,0.234,0.19
558,XAUUSD_BASE_438,XAUUSD,LONG,2021-08-30 14:00:00,14,True,ONLINE_CAPTURED,-14.24,LOSS,0.275,0.082
559,XAUUSD_BASE_958,XAUUSD,SHORT,2023-09-11 05:00:00,5,False,OFFLINE_MISSED,-14.26,LOSS,0.255,0.142
560,XAUUSD_BASE_888,XAUUSD,SHORT,2023-05-30 19:00:00,19,True,ONLINE_CAPTURED,-14.27,LOSS,0.262,0.156
561,XAUUSD_BASE_53,XAUUSD,LONG,2020-03-02 09:00:00,9,True,ONLINE_CAPTURED,-14.28,LOSS,0.331,0.281
562,XAUUSD_BASE_671,XAUUSD,SHORT,2022-08-01 17:00:00,17,True,ONLINE_CAPTURED,-14.3,LOSS,0.293,0.187
563,USDJPY_BASE_1032,USDJPY,SHORT,2024-01-13 00:00:00,0,False,OFFLINE_MISSED,-14.3,LOSS,0.066,0.28
564,USDJPY_BASE_1128,USDJPY,SHORT,2024-05-16 20:00:00,20,True,ONLINE_CAPTURED,-14.3,LOSS,0.076,0.324
565,XAUUSD_BASE_621,XAUUSD,LONG,2022-05-18 12:00:00,12,True,ONLINE_CAPTURED,-14.31,LOSS,0.28,0.16
566,XAUUSD_BASE_667,XAUUSD,SHORT,2022-07-26 23:00:00,23,False,OFFLINE_MISSED,-14.32,LOSS,0.3,0.207
567,XAUUSD_BASE_337,XAUUSD,SHORT,2021-04-05 12:00:00,12,True,ONLINE_CAPTURED,-14.33,LOSS,0.299,0.139
568,XAUUSD_BASE_661,XAUUSD,SHORT,2022-07-16 02:00:00,2,False,OFFLINE_MISSED,-14.33,LOSS,0.299,0.275
569,XAUUSD_BASE_1345,XAUUSD,SHORT,2025-03-14 17:00:00,17,True,ONLINE_CAPTURED,-14.35,LOSS,0.194,0.225
570,XAUUSD_BASE_315,XAUUSD,SHORT,2021-03-09 13:00:00,13,True,ONLINE_CAPTURED,-14.37,LOSS,0.306,0.092
571,XAUUSD_BASE_828,XAUUSD,LONG,2023-03-16 14:00:00,14,True,ONLINE_CAPTURED,-14.37,LOSS,0.285,0.144
572,XAUUSD_BASE_820,XAUUSD,SHORT,2023-03-06 23:00:00,23,False,OFFLINE_MISSED,-14.39,LOSS,0.291,0.176
573,XAUUSD_BASE_634,XAUUSD,LONG,2022-06-08 11:00:00,11,True,ONLINE_CAPTURED,-14.42,LOSS,0.3,0.195
574,XAUUSD_BASE_335,XAUUSD,LONG,2021-04-02 13:00:00,13,True,ONLINE_CAPTURED,-14.43,LOSS,0.313,0.094
575,XAUUSD_BASE_563,XAUUSD,SHORT,2022-02-25 15:00:00,15,True,ONLINE_CAPTURED,-14.47,LOSS,0.301,0.182
576,XAUUSD_BASE_578,XAUUSD,SHORT,2022-03-23 13:00:00,13,True,ONLINE_CAPTURED,-14.48,LOSS,0.298,0.176
577,XAUUSD_BASE_1397,XAUUSD,LONG,2025-05-28 22:00:00,22,False,OFFLINE_MISSED,-14.52,LOSS,0.202,0.221
578,USDJPY_BASE_256,USDJPY,SHORT,2020-12-12 04:00:00,4,False,OFFLINE_MISSED,-14.53,LOSS,0.064,0.295
579,US500_BASE_707,US500,SHORT,2022-09-29 15:00:00,15,True,ONLINE_CAPTURED,-14.53,LOSS,0.134,0.263
580,XAUUSD_BASE_363,XAUUSD,LONG,2021-05-15 00:00:00,0,False,OFFLINE_MISSED,-14.56,LOSS,0.317,0.181
581,XAUUSD_BASE_881,XAUUSD,SHORT,2023-05-23 19:00:00,19,True,ONLINE_CAPTURED,-14.59,LOSS,0.306,0.148
582,XAUUSD_BASE_30,XAUUSD,LONG,2020-01-30 21:00:00,21,True,ONLINE_CAPTURED,-14.6,LOSS,0.389,0.205
583,XAUUSD_BASE_1535,XAUUSD,LONG,2025-11-15 04:00:00,4,False,OFFLINE_MISSED,-14.6,LOSS,0.206,0.182
584,XAUUSD_BASE_342,XAUUSD,SHORT,2021-04-14 15:00:00,15,True,ONLINE_CAPTURED,-14.62,LOSS,0.344,0.103
585,XAUUSD_BASE_62,XAUUSD,LONG,2020-03-12 11:00:00,11,True,ONLINE_CAPTURED,-14.64,LOSS,0.387,0.165
586,XAUUSD_BASE_100,XAUUSD,LONG,2020-05-13 07:00:00,7,False,OFFLINE_MISSED,-14.65,LOSS,0.355,0.185
587,XAUUSD_BASE_520,XAUUSD,SHORT,2022-01-03 10:00:00,10,True,ONLINE_CAPTURED,-14.65,LOSS,0.335,0.1
588,XAUUSD_BASE_1013,XAUUSD,LONG,2023-12-21 06:00:00,6,False,OFFLINE_MISSED,-14.65,LOSS,0.303,0.178
589,XAUUSD_BASE_205,XAUUSD,LONG,2020-10-02 18:00:00,18,True,ONLINE_CAPTURED,-14.66,LOSS,0.326,0.198
590,XAUUSD_BASE_1028,XAUUSD,LONG,2024-01-10 09:00:00,9,True,ONLINE_CAPTURED,-14.69,LOSS,0.3,0.225
591,XAUUSD_BASE_1288,XAUUSD,SHORT,2024-12-11 10:00:00,10,True,ONLINE_CAPTURED,-14.69,LOSS,0.239,0.206
592,XAUUSD_BASE_1122,XAUUSD,LONG,2024-05-10 16:00:00,16,False,OFFLINE_MISSED,-14.71,LOSS,0.27,0.223
593,XAUUSD_BASE_128,XAUUSD,LONG,2020-06-19 13:00:00,13,True,ONLINE_CAPTURED,-14.72,LOSS,0.354,0.235
594,XAUUSD_BASE_1061,XAUUSD,SHORT,2024-02-22 01:00:00,1,False,OFFLINE_MISSED,-14.72,LOSS,0.304,0.262
595,XAUUSD_BASE_962,XAUUSD,LONG,2023-09-18 17:00:00,17,True,ONLINE_CAPTURED,-14.73,LOSS,0.327,0.139
596,XAUUSD_BASE_1110,XAUUSD,LONG,2024-04-26 20:00:00,20,True,ONLINE_CAPTURED,-14.73,LOSS,0.273,0.193
597,USDJPY_BASE_336,USDJPY,LONG,2021-04-02 21:00:00,21,True,ONLINE_CAPTURED,-14.75,LOSS,0.069,0.228
598,USDJPY_BASE_611,USDJPY,LONG,2022-05-03 20:00:00,20,True,ONLINE_CAPTURED,-14.75,LOSS,0.082,0.264
599,USDJPY_BASE_782,USDJPY,LONG,2023-01-10 16:00:00,16,False,OFFLINE_MISSED,-14.75,LOSS,0.073,0.245
600,XAUUSD_BASE_1004,XAUUSD,LONG,2023-12-04 16:00:00,16,False,OFFLINE_MISSED,-14.75,LOSS,0.315,0.157
601,XAUUSD_BASE_243,XAUUSD,LONG,2020-11-24 19:00:00,19,True,ONLINE_CAPTURED,-14.77,LOSS,0.37,0.194
602,XAUUSD_BASE_459,XAUUSD,LONG,2021-09-27 16:00:00,16,False,OFFLINE_MISSED,-14.78,LOSS,0.367,0.11
603,XAUUSD_BASE_662,XAUUSD,LONG,2022-07-19 03:00:00,3,False,OFFLINE_MISSED,-14.8,LOSS,0.375,0.207
604,US500_BASE_1546,US500,SHORT,2025-12-01 11:00:00,11,True,ONLINE_CAPTURED,-14.83,LOSS,0.126,0.22
605,XAUUSD_BASE_23,XAUUSD,LONG,2020-01-24 01:00:00,1,False,OFFLINE_MISSED,-14.85,LOSS,0.437,0.414
606,XAUUSD_BASE_164,XAUUSD,LONG,2020-08-14 01:00:00,1,False,OFFLINE_MISSED,-14.85,LOSS,0.346,0.206
607,XAUUSD_BASE_1196,XAUUSD,LONG,2024-08-09 22:00:00,22,False,OFFLINE_MISSED,-14.85,LOSS,0.273,0.184
608,XAUUSD_BASE_163,XAUUSD,SHORT,2020-08-13 17:00:00,17,True,ONLINE_CAPTURED,-14.86,LOSS,0.348,0.184
609,XAUUSD_BASE_166,XAUUSD,SHORT,2020-08-14 20:00:00,20,True,ONLINE_CAPTURED,-14.86,LOSS,0.347,0.208
610,XAUUSD_BASE_549,XAUUSD,SHORT,2022-02-07 10:00:00,10,True,ONLINE_CAPTURED,-14.87,LOSS,0.371,0.177
611,XAUUSD_BASE_812,XAUUSD,LONG,2023-02-20 23:00:00,23,False,OFFLINE_MISSED,-14.87,LOSS,0.372,0.2
612,XAUUSD_BASE_734,XAUUSD,SHORT,2022-11-08 22:00:00,22,False,OFFLINE_MISSED,-14.89,LOSS,0.4,0.219
613,US500_BASE_1360,US500,SHORT,2025-04-05 00:00:00,0,False,OFFLINE_MISSED,-14.89,LOSS,0.118,0.284
614,XAUUSD_BASE_168,XAUUSD,LONG,2020-08-18 06:00:00,6,False,OFFLINE_MISSED,-15.0,LOSS,0.367,0.167
615,XAUUSD_BASE_179,XAUUSD,SHORT,2020-09-03 00:00:00,0,False,OFFLINE_MISSED,-15.0,LOSS,0.367,0.177
616,XAUUSD_BASE_199,XAUUSD,SHORT,2020-09-25 23:00:00,23,False,OFFLINE_MISSED,-15.0,LOSS,0.378,0.253
617,XAUUSD_BASE_1183,XAUUSD,LONG,2024-07-26 11:00:00,11,True,ONLINE_CAPTURED,-15.0,LOSS,0.288,0.235
618,XAUUSD_BASE_1355,XAUUSD,SHORT,2025-03-28 21:00:00,21,True,ONLINE_CAPTURED,-15.0,LOSS,0.262,0.182
619,XAUUSD_BASE_80,XAUUSD,LONG,2020-04-09 07:00:00,7,False,OFFLINE_MISSED,-15.01,LOSS,0.447,0.254
620,XAUUSD_BASE_287,XAUUSD,SHORT,2021-01-28 19:00:00,19,True,ONLINE_CAPTURED,-15.01,LOSS,0.381,0.139
621,XAUUSD_BASE_378,XAUUSD,SHORT,2021-06-07 20:00:00,20,True,ONLINE_CAPTURED,-15.01,LOSS,0.388,0.116
622,XAUUSD_BASE_169,XAUUSD,SHORT,2020-08-18 21:00:00,21,True,ONLINE_CAPTURED,-15.02,LOSS,0.371,0.226
623,US500_BASE_1044,US500,LONG,2024-01-30 08:00:00,8,False,OFFLINE_MISSED,-15.04,LOSS,0.157,0.31
624,XAUUSD_BASE_8,XAUUSD,LONG,2020-01-13 21:00:00,21,True,ONLINE_CAPTURED,-15.11,LOSS,0.48,0.191
625,XAUUSD_BASE_533,XAUUSD,SHORT,2022-01-18 14:00:00,14,True,ONLINE_CAPTURED,-15.11,LOSS,0.421,0.226
626,US500_BASE_247,US500,SHORT,2020-11-27 17:00:00,17,True,ONLINE_CAPTURED,-15.13,LOSS,0.215,0.327
627,XAUUSD_BASE_153,XAUUSD,SHORT,2020-07-28 13:00:00,13,True,ONLINE_CAPTURED,-15.14,LOSS,0.389,0.202
628,US500_BASE_1432,US500,SHORT,2025-07-08 21:00:00,21,True,ONLINE_CAPTURED,-15.15,LOSS,0.136,0.279
629,XAUUSD_BASE_677,XAUUSD,LONG,2022-08-10 10:00:00,10,True,ONLINE_CAPTURED,-15.16,LOSS,0.431,0.208
630,XAUUSD_BASE_711,XAUUSD,LONG,2022-09-30 22:00:00,22,False,OFFLINE_MISSED,-15.16,LOSS,0.436,0.216
631,XAUUSD_BASE_679,XAUUSD,SHORT,2022-08-10 22:00:00,22,False,OFFLINE_MISSED,-15.18,LOSS,0.435,0.251
632,XAUUSD_BASE_115,XAUUSD,LONG,2020-06-04 14:00:00,14,True,ONLINE_CAPTURED,-15.19,LOSS,0.429,0.173
633,XAUUSD_BASE_161,XAUUSD,LONG,2020-08-12 22:00:00,22,False,OFFLINE_MISSED,-15.19,LOSS,0.395,0.221
634,XAUUSD_BASE_188,XAUUSD,LONG,2020-09-11 00:00:00,0,False,OFFLINE_MISSED,-15.2,LOSS,0.393,0.202
635,USDJPY_BASE_1170,USDJPY,LONG,2024-07-10 14:00:00,14,True,ONLINE_CAPTURED,-15.2,LOSS,0.109,0.252
636,XAUUSD_BASE_680,XAUUSD,LONG,2022-08-12 07:00:00,7,False,OFFLINE_MISSED,-15.22,LOSS,0.44,0.278
637,XAUUSD_BASE_873,XAUUSD,SHORT,2023-05-11 14:00:00,14,True,ONLINE_CAPTURED,-15.22,LOSS,0.396,0.168
638,XAUUSD_BASE_926,XAUUSD,LONG,2023-07-29 04:00:00,4,False,OFFLINE_MISSED,-15.22,LOSS,0.398,0.197
639,US500_BASE_370,US500,LONG,2021-05-27 15:00:00,15,True,ONLINE_CAPTURED,-15.24,LOSS,0.221,0.346
640,XAUUSD_BASE_904,XAUUSD,LONG,2023-06-26 18:00:00,18,True,ONLINE_CAPTURED,-15.24,LOSS,0.41,0.123
641,XAUUSD_BASE_745,XAUUSD,LONG,2022-11-28 19:00:00,19,True,ONLINE_CAPTURED,-15.31,LOSS,0.471,0.173
642,XAUUSD_BASE_766,XAUUSD,LONG,2022-12-22 11:00:00,11,True,ONLINE_CAPTURED,-15.31,LOSS,0.446,0.185
643,XAUUSD_BASE_824,XAUUSD,SHORT,2023-03-14 14:00:00,14,True,ONLINE_CAPTURED,-15.34,LOSS,0.436,0.222
644,XAUUSD_BASE_829,XAUUSD,SHORT,2023-03-17 07:00:00,7,False,OFFLINE_MISSED,-15.35,LOSS,0.437,0.19
645,XAUUSD_BASE_921,XAUUSD,SHORT,2023-07-21 14:00:00,14,True,ONLINE_CAPTURED,-15.37,LOSS,0.433,0.13
646,XAUUSD_BASE_13,XAUUSD,SHORT,2020-01-15 18:00:00,18,True,ONLINE_CAPTURED,-15.38,LOSS,0.537,0.258
647,XAUUSD_BASE_1161,XAUUSD,SHORT,2024-06-27 13:00:00,13,True,ONLINE_CAPTURED,-15.39,LOSS,0.359,0.222
648,XAUUSD_BASE_4,XAUUSD,LONG,2020-01-07 21:00:00,21,True,ONLINE_CAPTURED,-15.4,LOSS,0.544,0.231
649,XAUUSD_BASE_197,XAUUSD,LONG,2020-09-22 01:00:00,1,False,OFFLINE_MISSED,-15.4,LOSS,0.429,0.196
650,XAUUSD_BASE_606,XAUUSD,LONG,2022-04-28 11:00:00,11,True,ONLINE_CAPTURED,-15.4,LOSS,0.427,0.152
651,XAUUSD_BASE_237,XAUUSD,LONG,2020-11-18 21:00:00,21,True,ONLINE_CAPTURED,-15.41,LOSS,0.464,0.258
652,XAUUSD_BASE_763,XAUUSD,SHORT,2022-12-19 09:00:00,9,True,ONLINE_CAPTURED,-15.41,LOSS,0.468,0.208
653,XAUUSD_BASE_176,XAUUSD,LONG,2020-09-01 03:00:00,3,False,OFFLINE_MISSED,-15.42,LOSS,0.424,0.225
654,XAUUSD_BASE_823,XAUUSD,LONG,2023-03-10 22:00:00,22,False,OFFLINE_MISSED,-15.42,LOSS,0.444,0.215
655,XAUUSD_BASE_951,XAUUSD,LONG,2023-08-30 20:00:00,20,True,ONLINE_CAPTURED,-15.43,LOSS,0.42,0.189
656,USDJPY_BASE_1207,USDJPY,SHORT,2024-08-29 12:00:00,12,True,ONLINE_CAPTURED,-15.43,LOSS,0.118,0.321
657,XAUUSD_BASE_522,XAUUSD,LONG,2022-01-04 23:00:00,23,False,OFFLINE_MISSED,-15.44,LOSS,0.454,0.224
658,XAUUSD_BASE_1120,XAUUSD,LONG,2024-05-09 11:00:00,11,True,ONLINE_CAPTURED,-15.45,LOSS,0.362,0.168
659,XAUUSD_BASE_174,XAUUSD,SHORT,2020-08-28 13:00:00,13,True,ONLINE_CAPTURED,-15.48,LOSS,0.435,0.194
660,US500_BASE_198,US500,SHORT,2020-09-22 23:00:00,23,False,OFFLINE_MISSED,-15.49,LOSS,0.26,0.451
661,XAUUSD_BASE_559,XAUUSD,SHORT,2022-02-17 13:00:00,13,True,ONLINE_CAPTURED,-15.49,LOSS,0.454,0.19
662,XAUUSD_BASE_757,XAUUSD,SHORT,2022-12-13 18:00:00,18,True,ONLINE_CAPTURED,-15.49,LOSS,0.483,0.208
663,XAUUSD_BASE_1481,XAUUSD,SHORT,2025-09-16 10:00:00,10,True,ONLINE_CAPTURED,-15.49,LOSS,0.295,0.16
664,XAUUSD_BASE_988,XAUUSD,LONG,2023-11-10 08:00:00,8,False,OFFLINE_MISSED,-15.54,LOSS,0.452,0.136
665,US500_BASE_1474,US500,SHORT,2025-09-04 10:00:00,10,True,ONLINE_CAPTURED,-15.55,LOSS,0.156,0.215
666,XAUUSD_BASE_1556,XAUUSD,SHORT,2025-12-12 16:00:00,16,False,OFFLINE_MISSED,-15.56,LOSS,0.298,0.152
667,XAUUSD_BASE_1203,XAUUSD,SHORT,2024-08-20 18:00:00,18,True,ONLINE_CAPTURED,-15.58,LOSS,0.357,0.162
668,XAUUSD_BASE_850,XAUUSD,SHORT,2023-04-14 22:00:00,22,False,OFFLINE_MISSED,-15.6,LOSS,0.455,0.211
669,XAUUSD_BASE_214,XAUUSD,SHORT,2020-10-16 23:00:00,23,False,OFFLINE_MISSED,-15.61,LOSS,0.485,0.261
670,XAUUSD_BASE_857,XAUUSD,LONG,2023-04-24 05:00:00,5,False,OFFLINE_MISSED,-15.64,LOSS,0.45,0.135
671,XAUUSD_BASE_663,XAUUSD,SHORT,2022-07-21 08:00:00,8,False,OFFLINE_MISSED,-15.65,LOSS,0.516,0.155
672,XAUUSD_BASE_6,XAUUSD,SHORT,2020-01-08 14:00:00,14,True,ONLINE_CAPTURED,-15.67,LOSS,0.597,0.179
673,XAUUSD_BASE_254,XAUUSD,SHORT,2020-12-10 19:00:00,19,True,ONLINE_CAPTURED,-15.69,LOSS,0.498,0.2
674,XAUUSD_BASE_158,XAUUSD,SHORT,2020-08-07 00:00:00,0,False,OFFLINE_MISSED,-15.7,LOSS,0.466,0.233
675,XAUUSD_BASE_739,XAUUSD,SHORT,2022-11-18 02:00:00,2,False,OFFLINE_MISSED,-15.7,LOSS,0.53,0.219
676,XAUUSD_BASE_1418,XAUUSD,SHORT,2025-06-25 12:00:00,12,True,ONLINE_CAPTURED,-15.7,LOSS,0.322,0.152
677,XAUUSD_BASE_941,XAUUSD,SHORT,2023-08-18 10:00:00,10,True,ONLINE_CAPTURED,-15.73,LOSS,0.463,0.139
678,XAUUSD_BASE_986,XAUUSD,LONG,2023-11-08 10:00:00,10,True,ONLINE_CAPTURED,-15.75,LOSS,0.482,0.145
679,XAUUSD_BASE_585,XAUUSD,LONG,2022-04-04 21:00:00,21,True,ONLINE_CAPTURED,-15.76,LOSS,0.5,0.209
680,XAUUSD_BASE_657,XAUUSD,SHORT,2022-07-14 13:00:00,13,True,ONLINE_CAPTURED,-15.76,LOSS,0.532,0.16
681,XAUUSD_BASE_931,XAUUSD,LONG,2023-08-03 12:00:00,12,True,ONLINE_CAPTURED,-15.76,LOSS,0.473,0.142
682,XAUUSD_BASE_1364,XAUUSD,LONG,2025-04-09 21:00:00,21,True,ONLINE_CAPTURED,-15.78,LOSS,0.341,0.232
683,XAUUSD_BASE_706,XAUUSD,SHORT,2022-09-28 12:00:00,12,True,ONLINE_CAPTURED,-15.79,LOSS,0.551,0.165
684,XAUUSD_BASE_955,XAUUSD,LONG,2023-09-05 14:00:00,14,True,ONLINE_CAPTURED,-15.8,LOSS,0.472,0.142
685,US500_BASE_1138,US500,SHORT,2024-05-29 08:00:00,8,False,OFFLINE_MISSED,-15.8,LOSS,0.198,0.248
686,XAUUSD_BASE_1216,XAUUSD,LONG,2024-09-05 00:00:00,0,False,OFFLINE_MISSED,-15.82,LOSS,0.369,0.165
687,XAUUSD_BASE_884,XAUUSD,LONG,2023-05-24 19:00:00,19,True,ONLINE_CAPTURED,-15.83,LOSS,0.485,0.146
688,XAUUSD_BASE_586,XAUUSD,SHORT,2022-04-05 16:00:00,16,False,OFFLINE_MISSED,-15.86,LOSS,0.518,0.207
689,XAUUSD_BASE_1048,XAUUSD,LONG,2024-02-06 06:00:00,6,False,OFFLINE_MISSED,-15.86,LOSS,0.468,0.255
690,XAUUSD_BASE_840,XAUUSD,SHORT,2023-03-30 16:00:00,16,False,OFFLINE_MISSED,-15.89,LOSS,0.507,0.152
691,XAUUSD_BASE_1529,XAUUSD,LONG,2025-11-11 07:00:00,7,False,OFFLINE_MISSED,-15.89,LOSS,0.331,0.197
692,XAUUSD_BASE_118,XAUUSD,SHORT,2020-06-06 01:00:00,1,False,OFFLINE_MISSED,-15.9,LOSS,0.549,0.311
693,XAUUSD_BASE_803,XAUUSD,LONG,2023-02-02 02:00:00,2,False,OFFLINE_MISSED,-15.95,LOSS,0.524,0.157
694,XAUUSD_BASE_690,XAUUSD,LONG,2022-08-25 17:00:00,17,True,ONLINE_CAPTURED,-15.98,LOSS,0.561,0.295
695,US500_BASE_461,US500,LONG,2021-10-01 01:00:00,1,False,OFFLINE_MISSED,-15.99,LOSS,0.277,0.411
696,XAUUSD_BASE_804,XAUUSD,SHORT,2023-02-03 03:00:00,3,False,OFFLINE_MISSED,-15.99,LOSS,0.531,0.159
697,XAUUSD_BASE_35,XAUUSD,LONG,2020-02-06 17:00:00,17,True,ONLINE_CAPTURED,-16.03,LOSS,0.652,0.196
698,XAUUSD_BASE_1247,XAUUSD,SHORT,2024-10-17 10:00:00,10,True,ONLINE_CAPTURED,-16.03,LOSS,0.369,0.191
699,XAUUSD_BASE_842,XAUUSD,SHORT,2023-03-31 13:00:00,13,True,ONLINE_CAPTURED,-16.05,LOSS,0.531,0.159
700,XAUUSD_BASE_1050,XAUUSD,SHORT,2024-02-06 22:00:00,22,False,OFFLINE_MISSED,-16.07,LOSS,0.5,0.265
701,XAUUSD_BASE_1489,XAUUSD,SHORT,2025-09-24 23:00:00,23,False,OFFLINE_MISSED,-16.11,LOSS,0.361,0.235
702,US500_BASE_1141,US500,LONG,2024-05-31 15:00:00,15,True,ONLINE_CAPTURED,-16.14,LOSS,0.217,0.236
703,US500_BASE_614,US500,LONG,2022-05-09 22:00:00,22,False,OFFLINE_MISSED,-16.15,LOSS,0.279,0.39
704,XAUUSD_BASE_1017,XAUUSD,LONG,2023-12-25 18:00:00,18,True,ONLINE_CAPTURED,-16.16,LOSS,0.511,0.153
705,XAUUSD_BASE_1205,XAUUSD,LONG,2024-08-23 20:00:00,20,True,ONLINE_CAPTURED,-16.22,LOSS,0.426,0.204
706,XAUUSD_BASE_1228,XAUUSD,LONG,2024-09-24 22:00:00,22,False,OFFLINE_MISSED,-16.22,LOSS,0.409,0.189
707,XAUUSD_BASE_234,XAUUSD,LONG,2020-11-17 13:00:00,13,True,ONLINE_CAPTURED,-16.23,LOSS,0.596,0.179
708,XAUUSD_BASE_33,XAUUSD,SHORT,2020-02-05 17:00:00,17,True,ONLINE_CAPTURED,-16.24,LOSS,0.696,0.241
709,XAUUSD_BASE_1498,XAUUSD,SHORT,2025-10-04 04:00:00,4,False,OFFLINE_MISSED,-16.26,LOSS,0.367,0.167
710,XAUUSD_BASE_1563,XAUUSD,LONG,2025-12-24 16:00:00,16,False,OFFLINE_MISSED,-16.27,LOSS,0.371,0.157
711,XAUUSD_BASE_609,XAUUSD,SHORT,2022-05-02 20:00:00,20,True,ONLINE_CAPTURED,-16.28,LOSS,0.56,0.168
712,XAUUSD_BASE_695,XAUUSD,SHORT,2022-09-06 07:00:00,7,False,OFFLINE_MISSED,-16.28,LOSS,0.617,0.231
713,XAUUSD_BASE_1131,XAUUSD,SHORT,2024-05-21 20:00:00,20,True,ONLINE_CAPTURED,-16.29,LOSS,0.467,0.218
714,XAUUSD_BASE_96,XAUUSD,SHORT,2020-05-06 16:00:00,16,False,OFFLINE_MISSED,-16.3,LOSS,0.662,0.215
715,XAUUSD_BASE_861,XAUUSD,SHORT,2023-04-25 19:00:00,19,True,ONLINE_CAPTURED,-16.3,LOSS,0.549,0.165
716,XAUUSD_BASE_1331,XAUUSD,SHORT,2025-02-17 22:00:00,22,False,OFFLINE_MISSED,-16.3,LOSS,0.405,0.229
717,US500_BASE_1405,US500,SHORT,2025-06-10 18:00:00,18,True,ONLINE_CAPTURED,-16.32,LOSS,0.192,0.21
718,XAUUSD_BASE_767,XAUUSD,SHORT,2022-12-23 18:00:00,18,True,ONLINE_CAPTURED,-16.33,LOSS,0.61,0.242
719,XAUUSD_BASE_123,XAUUSD,SHORT,2020-06-11 20:00:00,20,True,ONLINE_CAPTURED,-16.36,LOSS,0.617,0.185
720,XAUUSD_BASE_1375,XAUUSD,SHORT,2025-04-24 07:00:00,7,False,OFFLINE_MISSED,-16.36,LOSS,0.394,0.194
721,US500_BASE_1261,US500,SHORT,2024-11-09 02:00:00,2,False,OFFLINE_MISSED,-16.37,LOSS,0.194,0.232
722,XAUUSD_BASE_50,XAUUSD,LONG,2020-02-24 14:00:00,14,True,ONLINE_CAPTURED,-16.38,LOSS,0.727,0.218
723,US500_BASE_230,US500,LONG,2020-11-11 00:00:00,0,False,OFFLINE_MISSED,-16.38,LOSS,0.292,0.378
724,US500_BASE_489,US500,LONG,2021-11-22 11:00:00,11,True,ONLINE_CAPTURED,-16.43,LOSS,0.31,0.368
725,XAUUSD_BASE_136,XAUUSD,SHORT,2020-07-01 21:00:00,21,True,ONLINE_CAPTURED,-16.44,LOSS,0.633,0.316
726,XAUUSD_BASE_556,XAUUSD,LONG,2022-02-15 17:00:00,17,True,ONLINE_CAPTURED,-16.47,LOSS,0.604,0.181
727,US500_BASE_701,US500,LONG,2022-09-22 16:00:00,16,False,OFFLINE_MISSED,-16.49,LOSS,0.263,0.282
728,XAUUSD_BASE_1464,XAUUSD,SHORT,2025-08-27 02:00:00,2,False,OFFLINE_MISSED,-16.49,LOSS,0.397,0.25
729,XAUUSD_BASE_26,XAUUSD,SHORT,2020-01-28 13:00:00,13,True,ONLINE_CAPTURED,-16.52,LOSS,0.755,0.227
730,USDJPY_BASE_1528,USDJPY,SHORT,2025-11-10 21:00:00,21,True,ONLINE_CAPTURED,-16.55,LOSS,0.216,0.345
731,XAUUSD_BASE_619,XAUUSD,SHORT,2022-05-16 21:00:00,21,True,ONLINE_CAPTURED,-16.58,LOSS,0.64,0.192
732,XAUUSD_BASE_649,XAUUSD,SHORT,2022-07-06 20:00:00,20,True,ONLINE_CAPTURED,-16.58,LOSS,0.676,0.203
733,XAUUSD_BASE_1127,XAUUSD,LONG,2024-05-16 02:00:00,2,False,OFFLINE_MISSED,-16.6,LOSS,0.499,0.242
734,XAUUSD_BASE_1469,XAUUSD,LONG,2025-08-30 00:00:00,0,False,OFFLINE_MISSED,-16.62,LOSS,0.408,0.241
735,US500_BASE_122,US500,LONG,2020-06-09 16:00:00,16,False,OFFLINE_MISSED,-16.66,LOSS,0.361,0.346
736,XAUUSD_BASE_1334,XAUUSD,SHORT,2025-02-24 14:00:00,14,True,ONLINE_CAPTURED,-16.68,LOSS,0.443,0.159
737,XAUUSD_BASE_1359,XAUUSD,SHORT,2025-04-04 20:00:00,20,True,ONLINE_CAPTURED,-16.69,LOSS,0.437,0.2
738,XAUUSD_BASE_1559,XAUUSD,LONG,2025-12-15 09:00:00,9,True,ONLINE_CAPTURED,-16.83,LOSS,0.42,0.173
739,US500_BASE_646,US500,LONG,2022-07-02 03:00:00,3,False,OFFLINE_MISSED,-16.88,LOSS,0.356,0.392
740,XAUUSD_BASE_755,XAUUSD,LONG,2022-12-12 19:00:00,19,True,ONLINE_CAPTURED,-16.91,LOSS,0.711,0.213
741,XAUUSD_BASE_249,XAUUSD,SHORT,2020-11-30 18:00:00,18,True,ONLINE_CAPTURED,-16.95,LOSS,0.73,0.219
742,US500_BASE_1235,US500,LONG,2024-10-03 01:00:00,1,False,OFFLINE_MISSED,-16.99,LOSS,0.259,0.299
743,XAUUSD_BASE_1067,XAUUSD,LONG,2024-02-27 14:00:00,14,True,ONLINE_CAPTURED,-17.01,LOSS,0.613,0.184
744,XAUUSD_BASE_1133,XAUUSD,SHORT,2024-05-23 13:00:00,13,True,ONLINE_CAPTURED,-17.04,LOSS,0.558,0.167
745,XAUUSD_BASE_1190,XAUUSD,SHORT,2024-08-02 22:00:00,22,False,OFFLINE_MISSED,-17.04,LOSS,0.527,0.227
746,XAUUSD_BASE_1455,XAUUSD,SHORT,2025-08-13 21:00:00,21,True,ONLINE_CAPTURED,-17.04,LOSS,0.446,0.205
747,US500_BASE_375,US500,LONG,2021-06-03 16:00:00,16,False,OFFLINE_MISSED,-17.08,LOSS,0.362,0.326
748,US500_BASE_890,US500,SHORT,2023-06-01 06:00:00,6,False,OFFLINE_MISSED,-17.08,LOSS,0.308,0.341
749,XAUUSD_BASE_1156,XAUUSD,SHORT,2024-06-18 21:00:00,21,True,ONLINE_CAPTURED,-17.09,LOSS,0.582,0.241
750,XAUUSD_BASE_1145,XAUUSD,LONG,2024-06-04 23:00:00,23,False,OFFLINE_MISSED,-17.11,LOSS,0.565,0.279
751,USDJPY_BASE_295,USDJPY,SHORT,2021-02-03 10:00:00,10,True,ONLINE_CAPTURED,-17.22,LOSS,0.149,0.182
752,XAUUSD_BASE_629,XAUUSD,LONG,2022-05-30 23:00:00,23,False,OFFLINE_MISSED,-17.23,LOSS,0.738,0.221
753,US500_BASE_55,US500,LONG,2020-03-03 06:00:00,6,False,OFFLINE_MISSED,-17.31,LOSS,0.435,0.367
754,XAUUSD_BASE_1266,XAUUSD,SHORT,2024-11-13 15:00:00,15,True,ONLINE_CAPTURED,-17.36,LOSS,0.52,0.156
755,XAUUSD_BASE_95,XAUUSD,SHORT,2020-05-04 08:00:00,8,False,OFFLINE_MISSED,-17.37,LOSS,0.852,0.255
756,US500_BASE_539,US500,LONG,2022-01-24 05:00:00,5,False,OFFLINE_MISSED,-17.37,LOSS,0.382,0.302
757,US500_BASE_564,US500,LONG,2022-02-28 19:00:00,19,True,ONLINE_CAPTURED,-17.43,LOSS,0.364,0.28
758,USDJPY_BASE_573,USDJPY,SHORT,2022-03-16 14:00:00,14,True,ONLINE_CAPTURED,-17.45,LOSS,0.177,0.291
759,USDJPY_BASE_830,USDJPY,LONG,2023-03-17 17:00:00,17,True,ONLINE_CAPTURED,-17.45,LOSS,0.164,0.245
760,US500_BASE_1209,US500,LONG,2024-08-30 14:00:00,14,True,ONLINE_CAPTURED,-17.51,LOSS,0.298,0.216
761,US500_BASE_592,US500,SHORT,2022-04-13 06:00:00,6,False,OFFLINE_MISSED,-17.52,LOSS,0.388,0.341
762,XAUUSD_BASE_1273,XAUUSD,LONG,2024-11-18 18:00:00,18,True,ONLINE_CAPTURED,-17.58,LOSS,0.543,0.163
763,XAUUSD_BASE_1136,XAUUSD,LONG,2024-05-28 16:00:00,16,False,OFFLINE_MISSED,-17.59,LOSS,0.617,0.185
764,XAUUSD_BASE_227,XAUUSD,LONG,2020-11-09 17:00:00,17,True,ONLINE_CAPTURED,-17.61,LOSS,0.791,0.237
765,XAUUSD_BASE_150,XAUUSD,SHORT,2020-07-23 17:00:00,17,True,ONLINE_CAPTURED,-17.63,LOSS,0.772,0.232
766,US500_BASE_1002,US500,SHORT,2023-12-01 14:00:00,14,True,ONLINE_CAPTURED,-17.68,LOSS,0.324,0.265
767,XAUUSD_BASE_1290,XAUUSD,SHORT,2024-12-17 10:00:00,10,True,ONLINE_CAPTURED,-17.68,LOSS,0.564,0.169
768,US500_BASE_1009,US500,SHORT,2023-12-15 17:00:00,17,True,ONLINE_CAPTURED,-17.7,LOSS,0.338,0.254
769,XAUUSD_BASE_1373,XAUUSD,SHORT,2025-04-22 14:00:00,14,True,ONLINE_CAPTURED,-17.7,LOSS,0.532,0.159
770,XAUUSD_BASE_1531,XAUUSD,SHORT,2025-11-12 16:00:00,16,False,OFFLINE_MISSED,-17.76,LOSS,0.515,0.154
771,XAUUSD_BASE_1286,XAUUSD,LONG,2024-12-10 16:00:00,16,False,OFFLINE_MISSED,-17.82,LOSS,0.578,0.173
772,XAUUSD_BASE_1467,XAUUSD,SHORT,2025-08-28 20:00:00,20,True,ONLINE_CAPTURED,-17.84,LOSS,0.531,0.2
773,USDJPY_BASE_1005,USDJPY,SHORT,2023-12-05 19:00:00,19,True,ONLINE_CAPTURED,-17.9,LOSS,0.185,0.253
774,XAUUSD_BASE_1402,XAUUSD,LONG,2025-06-04 07:00:00,7,False,OFFLINE_MISSED,-17.93,LOSS,0.54,0.162
775,US500_BASE_1448,US500,SHORT,2025-08-06 10:00:00,10,True,ONLINE_CAPTURED,-18.08,LOSS,0.277,0.193
776,US500_BASE_1146,US500,SHORT,2024-06-05 01:00:00,1,False,OFFLINE_MISSED,-18.09,LOSS,0.335,0.255
777,USDJPY_BASE_979,USDJPY,LONG,2023-10-27 15:00:00,15,True,ONLINE_CAPTURED,-18.12,LOSS,0.185,0.221
778,USDJPY_BASE_1206,USDJPY,LONG,2024-08-24 02:00:00,2,False,OFFLINE_MISSED,-18.12,LOSS,0.225,0.247
779,US500_BASE_744,US500,SHORT,2022-11-25 15:00:00,15,True,ONLINE_CAPTURED,-18.16,LOSS,0.369,0.302
780,XAUUSD_BASE_1398,XAUUSD,SHORT,2025-05-30 17:00:00,17,True,ONLINE_CAPTURED,-18.16,LOSS,0.566,0.17
781,US500_BASE_749,US500,LONG,2022-12-05 06:00:00,6,False,OFFLINE_MISSED,-18.18,LOSS,0.369,0.254
782,XAUUSD_BASE_1069,XAUUSD,SHORT,2024-02-28 13:00:00,13,True,ONLINE_CAPTURED,-18.2,LOSS,0.778,0.233
783,XAUUSD_BASE_1463,XAUUSD,LONG,2025-08-26 14:00:00,14,True,ONLINE_CAPTURED,-18.2,LOSS,0.565,0.169
784,XAUUSD_BASE_1328,XAUUSD,SHORT,2025-02-14 19:00:00,19,True,ONLINE_CAPTURED,-18.21,LOSS,0.611,0.183
785,XAUUSD_BASE_1041,XAUUSD,LONG,2024-01-24 23:00:00,23,False,OFFLINE_MISSED,-18.23,LOSS,0.792,0.238
786,XAUUSD_BASE_1293,XAUUSD,LONG,2024-12-18 19:00:00,19,True,ONLINE_CAPTURED,-18.25,LOSS,0.623,0.187
787,US500_BASE_190,US500,SHORT,2020-09-15 05:00:00,5,False,OFFLINE_MISSED,-18.33,LOSS,0.508,0.392
788,USDJPY_BASE_719,USDJPY,SHORT,2022-10-14 22:00:00,22,False,OFFLINE_MISSED,-18.35,LOSS,0.191,0.233
789,USDJPY_BASE_1488,USDJPY,SHORT,2025-09-24 21:00:00,21,True,ONLINE_CAPTURED,-18.35,LOSS,0.275,0.341
790,XAUUSD_BASE_1305,XAUUSD,SHORT,2025-01-04 01:00:00,1,False,OFFLINE_MISSED,-18.36,LOSS,0.617,0.185
791,XAUUSD_BASE_1513,XAUUSD,LONG,2025-10-23 07:00:00,7,False,OFFLINE_MISSED,-18.39,LOSS,0.574,0.172
792,US500_BASE_504,US500,SHORT,2021-12-09 22:00:00,22,False,OFFLINE_MISSED,-18.45,LOSS,0.456,0.433
793,US500_BASE_497,US500,SHORT,2021-12-01 23:00:00,23,False,OFFLINE_MISSED,-18.47,LOSS,0.442,0.416
794,US500_BASE_1423,US500,SHORT,2025-07-01 03:00:00,3,False,OFFLINE_MISSED,-18.47,LOSS,0.304,0.26
795,USDJPY_BASE_1299,USDJPY,LONG,2024-12-26 13:00:00,13,True,ONLINE_CAPTURED,-18.57,LOSS,0.247,0.251
796,XAUUSD_BASE_1568,XAUUSD,LONG,2025-12-30 07:00:00,7,False,OFFLINE_MISSED,-18.63,LOSS,0.601,0.18
797,US500_BASE_277,US500,LONG,2021-01-13 21:00:00,21,True,ONLINE_CAPTURED,-18.64,LOSS,0.528,0.429
798,US500_BASE_419,US500,LONG,2021-08-02 17:00:00,17,True,ONLINE_CAPTURED,-18.67,LOSS,0.49,0.313
799,US500_BASE_434,US500,SHORT,2021-08-25 22:00:00,22,False,OFFLINE_MISSED,-18.94,LOSS,0.534,0.369
800,US500_BASE_1241,US500,SHORT,2024-10-12 04:00:00,4,False,OFFLINE_MISSED,-18.96,LOSS,0.36,0.216
801,USDJPY_BASE_796,USDJPY,SHORT,2023-01-23 23:00:00,23,False,OFFLINE_MISSED,-19.02,LOSS,0.211,0.225
802,USDJPY_BASE_1504,USDJPY,SHORT,2025-10-13 16:00:00,16,False,OFFLINE_MISSED,-19.02,LOSS,0.33,0.402
803,XAUUSD_BASE_1569,XAUUSD,SHORT,2025-12-30 21:00:00,21,True,ONLINE_CAPTURED,-19.1,LOSS,0.648,0.195
804,US500_BASE_1038,US500,LONG,2024-01-22 15:00:00,15,True,ONLINE_CAPTURED,-19.13,LOSS,0.411,0.28
805,XAUUSD_BASE_1178,XAUUSD,LONG,2024-07-23 16:00:00,16,False,OFFLINE_MISSED,-19.18,LOSS,0.768,0.23
806,US500_BASE_1297,US500,SHORT,2024-12-25 06:00:00,6,False,OFFLINE_MISSED,-19.23,LOSS,0.323,0.261
807,USDJPY_BASE_594,USDJPY,LONG,2022-04-14 17:00:00,17,True,ONLINE_CAPTURED,-19.25,LOSS,0.245,0.238
808,USDJPY_BASE_875,USDJPY,LONG,2023-05-17 05:00:00,5,False,OFFLINE_MISSED,-19.25,LOSS,0.252,0.247
809,US500_BASE_1051,US500,LONG,2024-02-07 21:00:00,21,True,ONLINE_CAPTURED,-19.25,LOSS,0.431,0.263
810,BTCUSD_BASE_1169,BTCUSD,LONG,2024-07-08 21:00:00,21,True,ONLINE_CAPTURED,-19.27,LOSS,0.022,0.289
811,US500_BASE_1419,US500,SHORT,2025-06-25 20:00:00,20,True,ONLINE_CAPTURED,-19.33,LOSS,0.346,0.267
812,US500_BASE_348,US500,LONG,2021-04-22 19:00:00,19,True,ONLINE_CAPTURED,-19.47,LOSS,0.546,0.375
813,USDJPY_BASE_49,USDJPY,LONG,2020-02-21 07:00:00,7,False,OFFLINE_MISSED,-19.48,LOSS,0.268,0.261
814,USDJPY_BASE_458,USDJPY,SHORT,2021-09-27 08:00:00,8,False,OFFLINE_MISSED,-19.48,LOSS,0.272,0.265
815,US500_BASE_1020,US500,LONG,2024-01-01 17:00:00,17,True,ONLINE_CAPTURED,-19.49,LOSS,0.457,0.286
816,XAUUSD_BASE_1438,XAUUSD,SHORT,2025-07-22 15:00:00,15,True,ONLINE_CAPTURED,-19.49,LOSS,0.691,0.207
817,US500_BASE_1550,US500,SHORT,2025-12-05 05:00:00,5,False,OFFLINE_MISSED,-19.55,LOSS,0.381,0.264
818,US500_BASE_1125,US500,LONG,2024-05-14 02:00:00,2,False,OFFLINE_MISSED,-19.62,LOSS,0.434,0.223
819,XAUUSD_BASE_1361,XAUUSD,LONG,2025-04-07 17:00:00,17,True,ONLINE_CAPTURED,-19.68,LOSS,0.746,0.23
820,USDJPY_BASE_289,USDJPY,SHORT,2021-01-29 23:00:00,23,False,OFFLINE_MISSED,-19.7,LOSS,0.227,0.226
821,US500_BASE_659,US500,LONG,2022-07-15 07:00:00,7,False,OFFLINE_MISSED,-19.71,LOSS,0.576,0.376
822,US500_BASE_1077,US500,LONG,2024-03-11 05:00:00,5,False,OFFLINE_MISSED,-19.81,LOSS,0.475,0.28
823,US500_BASE_771,US500,SHORT,2022-12-28 07:00:00,7,False,OFFLINE_MISSED,-19.84,LOSS,0.49,0.31
824,USDJPY_BASE_801,USDJPY,SHORT,2023-01-30 05:00:00,5,False,OFFLINE_MISSED,-19.92,LOSS,0.243,0.245
825,US500_BASE_10,US500,LONG,2020-01-14 17:00:00,17,True,ONLINE_CAPTURED,-20.07,LOSS,0.692,0.389
826,US500_BASE_813,US500,SHORT,2023-02-21 01:00:00,1,False,OFFLINE_MISSED,-20.12,LOSS,0.499,0.297
827,US500_BASE_1562,US500,SHORT,2025-12-24 01:00:00,1,False,OFFLINE_MISSED,-20.12,LOSS,0.404,0.238
828,USDJPY_BASE_106,USDJPY,SHORT,2020-05-21 23:00:00,23,False,OFFLINE_MISSED,-20.15,LOSS,0.29,0.351
829,USDJPY_BASE_476,USDJPY,SHORT,2021-10-23 02:00:00,2,False,OFFLINE_MISSED,-20.15,LOSS,0.283,0.26
830,USDJPY_BASE_802,USDJPY,LONG,2023-01-31 22:00:00,22,False,OFFLINE_MISSED,-20.15,LOSS,0.249,0.29
831,US500_BASE_688,US500,SHORT,2022-08-24 05:00:00,5,False,OFFLINE_MISSED,-20.23,LOSS,0.531,0.365
832,US500_BASE_433,US500,LONG,2021-08-24 05:00:00,5,False,OFFLINE_MISSED,-20.27,LOSS,0.641,0.351
833,US500_BASE_1363,US500,SHORT,2025-04-09 15:00:00,15,True,ONLINE_CAPTURED,-20.35,LOSS,0.394,0.218
834,USDJPY_BASE_1394,USDJPY,SHORT,2025-05-26 09:00:00,9,True,ONLINE_CAPTURED,-20.37,LOSS,0.328,0.254
835,USDJPY_BASE_21,USDJPY,LONG,2020-01-21 05:00:00,5,False,OFFLINE_MISSED,-20.38,LOSS,0.315,0.248
836,US500_BASE_541,US500,LONG,2022-01-26 14:00:00,14,True,ONLINE_CAPTURED,-20.43,LOSS,0.617,0.321
837,US500_BASE_1012,US500,SHORT,2023-12-21 02:00:00,2,False,OFFLINE_MISSED,-20.44,LOSS,0.513,0.304
838,US500_BASE_120,US500,SHORT,2020-06-09 00:00:00,0,False,OFFLINE_MISSED,-20.45,LOSS,0.692,0.391
839,US500_BASE_726,US500,LONG,2022-10-25 19:00:00,19,True,ONLINE_CAPTURED,-20.58,LOSS,0.519,0.269
840,USDJPY_BASE_213,USDJPY,LONG,2020-10-16 17:00:00,17,True,ONLINE_CAPTURED,-20.6,LOSS,0.265,0.248
841,USDJPY_BASE_826,USDJPY,LONG,2023-03-15 11:00:00,11,True,ONLINE_CAPTURED,-20.6,LOSS,0.27,0.202
842,US500_BASE_1311,US500,SHORT,2025-01-21 00:00:00,0,False,OFFLINE_MISSED,-20.64,LOSS,0.392,0.25
843,US500_BASE_932,US500,SHORT,2023-08-03 14:00:00,14,True,ONLINE_CAPTURED,-20.66,LOSS,0.55,0.303
844,US500_BASE_1384,US500,LONG,2025-05-10 02:00:00,2,False,OFFLINE_MISSED,-20.67,LOSS,0.409,0.221
845,US500_BASE_492,US500,SHORT,2021-11-26 03:00:00,3,False,OFFLINE_MISSED,-20.68,LOSS,0.628,0.41
846,USDJPY_BASE_981,USDJPY,SHORT,2023-10-30 16:00:00,16,False,OFFLINE_MISSED,-20.83,LOSS,0.275,0.189
847,US500_BASE_279,US500,SHORT,2021-01-15 03:00:00,3,False,OFFLINE_MISSED,-20.96,LOSS,0.734,0.354
848,US500_BASE_1096,US500,LONG,2024-04-09 05:00:00,5,False,OFFLINE_MISSED,-21.0,LOSS,0.529,0.296
849,US500_BASE_567,US500,SHORT,2022-03-04 22:00:00,22,False,OFFLINE_MISSED,-21.04,LOSS,0.628,0.356
850,USDJPY_BASE_991,USDJPY,LONG,2023-11-13 23:00:00,23,False,OFFLINE_MISSED,-21.05,LOSS,0.284,0.221
851,USDJPY_BASE_1062,USDJPY,SHORT,2024-02-22 12:00:00,12,True,ONLINE_CAPTURED,-21.05,LOSS,0.319,0.207
852,USDJPY_BASE_1291,USDJPY,LONG,2024-12-18 00:00:00,0,False,OFFLINE_MISSED,-21.05,LOSS,0.336,0.311
853,US500_BASE_149,US500,SHORT,2020-07-23 01:00:00,1,False,OFFLINE_MISSED,-21.09,LOSS,0.713,0.41
854,US500_BASE_759,US500,LONG,2022-12-15 09:00:00,9,True,ONLINE_CAPTURED,-21.09,LOSS,0.578,0.307
855,US500_BASE_212,US500,LONG,2020-10-16 02:00:00,2,False,OFFLINE_MISSED,-21.11,LOSS,0.691,0.393
856,US500_BASE_1340,US500,SHORT,2025-03-05 15:00:00,15,True,ONLINE_CAPTURED,-21.29,LOSS,0.432,0.204
857,US500_BASE_15,US500,SHORT,2020-01-16 15:00:00,15,True,ONLINE_CAPTURED,-21.38,LOSS,0.84,0.431
858,US500_BASE_1389,US500,SHORT,2025-05-20 22:00:00,22,False,OFFLINE_MISSED,-21.4,LOSS,0.447,0.243
859,US500_BASE_474,US500,SHORT,2021-10-21 03:00:00,3,False,OFFLINE_MISSED,-21.44,LOSS,0.712,0.34
860,US500_BASE_1014,US500,LONG,2023-12-22 19:00:00,19,True,ONLINE_CAPTURED,-21.45,LOSS,0.574,0.303
861,US500_BASE_178,US500,LONG,2020-09-01 19:00:00,19,True,ONLINE_CAPTURED,-21.47,LOSS,0.791,0.4
862,US500_BASE_1089,US500,LONG,2024-03-29 21:00:00,21,True,ONLINE_CAPTURED,-21.52,LOSS,0.576,0.36
863,GBPUSD_BASE_730,GBPUSD,LONG,2022-11-01 15:00:00,15,True,ONLINE_CAPTURED,-21.6,LOSS,0.023,0.261
864,US500_BASE_858,US500,SHORT,2023-04-24 14:00:00,14,True,ONLINE_CAPTURED,-21.66,LOSS,0.624,0.288
865,USDJPY_BASE_310,USDJPY,LONG,2021-03-01 19:00:00,19,True,ONLINE_CAPTURED,-21.72,LOSS,0.282,0.212
866,USDJPY_BASE_822,USDJPY,SHORT,2023-03-09 05:00:00,5,False,OFFLINE_MISSED,-21.72,LOSS,0.31,0.279
867,USDJPY_BASE_1233,USDJPY,SHORT,2024-09-30 16:00:00,16,False,OFFLINE_MISSED,-21.73,LOSS,0.366,0.231
868,US500_BASE_1057,US500,LONG,2024-02-15 01:00:00,1,False,OFFLINE_MISSED,-21.77,LOSS,0.575,0.303
869,US500_BASE_341,US500,SHORT,2021-04-13 20:00:00,20,True,ONLINE_CAPTURED,-21.79,LOSS,0.725,0.361
870,US500_BASE_838,US500,SHORT,2023-03-29 00:00:00,0,False,OFFLINE_MISSED,-21.82,LOSS,0.609,0.408
871,US500_BASE_605,US500,SHORT,2022-04-27 21:00:00,21,True,ONLINE_CAPTURED,-21.85,LOSS,0.765,0.457
872,US500_BASE_566,US500,LONG,2022-03-03 15:00:00,15,True,ONLINE_CAPTURED,-21.89,LOSS,0.689,0.368
873,US500_BASE_239,US500,LONG,2020-11-19 16:00:00,16,False,OFFLINE_MISSED,-21.92,LOSS,0.717,0.307
874,USDJPY_BASE_16,USDJPY,SHORT,2020-01-16 20:00:00,20,True,ONLINE_CAPTURED,-21.95,LOSS,0.382,0.291
875,US500_BASE_510,US500,LONG,2021-12-17 03:00:00,3,False,OFFLINE_MISSED,-21.99,LOSS,0.75,0.388
876,US500_BASE_43,US500,LONG,2020-02-15 04:00:00,4,False,OFFLINE_MISSED,-22.03,LOSS,0.87,0.414
877,US500_BASE_947,US500,LONG,2023-08-25 15:00:00,15,True,ONLINE_CAPTURED,-22.24,LOSS,0.651,0.304
878,US500_BASE_1185,US500,LONG,2024-07-31 07:00:00,7,False,OFFLINE_MISSED,-22.26,LOSS,0.576,0.261
879,US500_BASE_1102,US500,SHORT,2024-04-19 11:00:00,11,True,ONLINE_CAPTURED,-22.31,LOSS,0.608,0.243
880,US500_BASE_936,US500,SHORT,2023-08-11 22:00:00,22,False,OFFLINE_MISSED,-22.4,LOSS,0.651,0.327
881,US500_BASE_324,US500,SHORT,2021-03-17 20:00:00,20,True,ONLINE_CAPTURED,-22.42,LOSS,0.884,0.443
882,US500_BASE_81,US500,LONG,2020-04-09 22:00:00,22,False,OFFLINE_MISSED,-22.45,LOSS,0.858,0.423
883,US500_BASE_543,US500,SHORT,2022-01-27 05:00:00,5,False,OFFLINE_MISSED,-22.51,LOSS,0.782,0.315
884,USDJPY_BASE_393,USDJPY,SHORT,2021-07-02 03:00:00,3,False,OFFLINE_MISSED,-22.62,LOSS,0.336,0.224
885,BTCUSD_BASE_1385,BTCUSD,LONG,2025-05-11 16:00:00,16,False,OFFLINE_MISSED,-22.78,LOSS,0.031,0.227
886,USDJPY_BASE_204,USDJPY,LONG,2020-09-30 23:00:00,23,False,OFFLINE_MISSED,-22.85,LOSS,0.347,0.21
887,US500_BASE_854,US500,LONG,2023-04-20 05:00:00,5,False,OFFLINE_MISSED,-22.91,LOSS,0.705,0.321
888,US500_BASE_506,US500,LONG,2021-12-14 09:00:00,9,True,ONLINE_CAPTURED,-22.92,LOSS,0.792,0.33
889,US500_BASE_887,US500,SHORT,2023-05-29 23:00:00,23,False,OFFLINE_MISSED,-22.94,LOSS,0.703,0.462
890,US500_BASE_114,US500,LONG,2020-06-03 19:00:00,19,True,ONLINE_CAPTURED,-22.95,LOSS,0.898,0.373
891,US500_BASE_942,US500,SHORT,2023-08-18 15:00:00,15,True,ONLINE_CAPTURED,-22.95,LOSS,0.698,0.209
892,US500_BASE_1090,US500,SHORT,2024-04-01 21:00:00,21,True,ONLINE_CAPTURED,-22.96,LOSS,0.671,0.299
893,US500_BASE_897,US500,LONG,2023-06-14 23:00:00,23,False,OFFLINE_MISSED,-22.98,LOSS,0.69,0.293
894,US500_BASE_1483,US500,SHORT,2025-09-17 17:00:00,17,True,ONLINE_CAPTURED,-23.02,LOSS,0.529,0.221
895,USDJPY_BASE_557,USDJPY,LONG,2022-02-16 14:00:00,14,True,ONLINE_CAPTURED,-23.07,LOSS,0.372,0.243
896,US500_BASE_288,US500,LONG,2021-01-29 01:00:00,1,False,OFFLINE_MISSED,-23.08,LOSS,0.91,0.423
897,US500_BASE_1163,US500,LONG,2024-06-28 21:00:00,21,True,ONLINE_CAPTURED,-23.17,LOSS,0.64,0.4
898,US500_BASE_1565,US500,SHORT,2025-12-26 02:00:00,2,False,OFFLINE_MISSED,-23.17,LOSS,0.56,0.253
899,US500_BASE_1348,US500,SHORT,2025-03-18 12:00:00,12,True,ONLINE_CAPTURED,-23.19,LOSS,0.522,0.157
900,USDJPY_BASE_321,USDJPY,SHORT,2021-03-15 17:00:00,17,True,ONLINE_CAPTURED,-23.3,LOSS,0.322,0.204
901,USDJPY_BASE_422,USDJPY,SHORT,2021-08-06 05:00:00,5,False,OFFLINE_MISSED,-23.3,LOSS,0.377,0.253
902,USDJPY_BASE_938,USDJPY,SHORT,2023-08-15 22:00:00,22,False,OFFLINE_MISSED,-23.3,LOSS,0.372,0.28
903,USDJPY_BASE_1220,USDJPY,LONG,2024-09-09 23:00:00,23,False,OFFLINE_MISSED,-23.3,LOSS,0.446,0.334
904,US500_BASE_293,US500,LONG,2021-02-01 17:00:00,17,True,ONLINE_CAPTURED,-23.35,LOSS,0.931,0.427
905,GBPUSD_BASE_1295,GBPUSD,LONG,2024-12-20 20:00:00,20,True,ONLINE_CAPTURED,-23.35,LOSS,0.032,0.313
906,US500_BASE_652,US500,SHORT,2022-07-08 08:00:00,8,False,OFFLINE_MISSED,-23.4,LOSS,0.896,0.355
907,US500_BASE_1046,US500,LONG,2024-02-02 05:00:00,5,False,OFFLINE_MISSED,-23.43,LOSS,0.675,0.265
908,US500_BASE_1378,US500,SHORT,2025-04-29 15:00:00,15,True,ONLINE_CAPTURED,-23.45,LOSS,0.546,0.164
909,US500_BASE_1192,US500,SHORT,2024-08-06 21:00:00,21,True,ONLINE_CAPTURED,-23.5,LOSS,0.651,0.309
910,USDJPY_BASE_596,USDJPY,SHORT,2022-04-18 22:00:00,22,False,OFFLINE_MISSED,-23.52,LOSS,0.404,0.33
911,USDJPY_BASE_1451,USDJPY,SHORT,2025-08-08 23:00:00,23,False,OFFLINE_MISSED,-23.52,LOSS,0.49,0.373
912,USDJPY_BASE_244,USDJPY,LONG,2020-11-24 22:00:00,22,False,OFFLINE_MISSED,-23.53,LOSS,0.361,0.236
913,USDJPY_BASE_1215,USDJPY,SHORT,2024-09-04 19:00:00,19,True,ONLINE_CAPTURED,-23.53,LOSS,0.453,0.258
914,US500_BASE_1065,US500,LONG,2024-02-27 06:00:00,6,False,OFFLINE_MISSED,-23.7,LOSS,0.698,0.36
915,US500_BASE_379,US500,SHORT,2021-06-08 23:00:00,23,False,OFFLINE_MISSED,-23.71,LOSS,0.897,0.41
916,US500_BASE_271,US500,SHORT,2021-01-07 21:00:00,21,True,ONLINE_CAPTURED,-23.81,LOSS,0.953,0.438
917,US500_BASE_117,US500,SHORT,2020-06-05 11:00:00,11,True,ONLINE_CAPTURED,-23.98,LOSS,0.999,0.3
918,USDJPY_BASE_588,USDJPY,LONG,2022-04-08 14:00:00,14,True,ONLINE_CAPTURED,-23.98,LOSS,0.42,0.237
919,US500_BASE_761,US500,SHORT,2022-12-16 05:00:00,5,False,OFFLINE_MISSED,-24.16,LOSS,0.79,0.328
920,USDJPY_BASE_14,USDJPY,LONG,2020-01-15 21:00:00,21,True,ONLINE_CAPTURED,-24.2,LOSS,0.472,0.296
921,USDJPY_BASE_240,USDJPY,SHORT,2020-11-19 21:00:00,21,True,ONLINE_CAPTURED,-24.2,LOSS,0.387,0.266
922,USDJPY_BASE_613,USDJPY,LONG,2022-05-09 15:00:00,15,True,ONLINE_CAPTURED,-24.2,LOSS,0.418,0.219
923,USDJPY_BASE_1263,USDJPY,SHORT,2024-11-12 23:00:00,23,False,OFFLINE_MISSED,-24.2,LOSS,0.484,0.319
924,US500_BASE_1471,US500,LONG,2025-09-02 13:00:00,13,True,ONLINE_CAPTURED,-24.27,LOSS,0.596,0.179
925,US500_BASE_598,US500,SHORT,2022-04-20 02:00:00,2,False,OFFLINE_MISSED,-24.28,LOSS,0.932,0.332
926,US500_BASE_1056,US500,LONG,2024-02-13 19:00:00,19,True,ONLINE_CAPTURED,-24.33,LOSS,0.733,0.22
927,US500_BASE_1337,US500,LONG,2025-02-27 12:00:00,12,True,ONLINE_CAPTURED,-24.37,LOSS,0.581,0.174
928,US500_BASE_319,US500,LONG,2021-03-12 21:00:00,21,True,ONLINE_CAPTURED,-24.38,LOSS,1.031,0.51
929,US500_BASE_700,US500,SHORT,2022-09-21 17:00:00,17,True,ONLINE_CAPTURED,-24.51,LOSS,0.8,0.324
930,USDJPY_BASE_137,USDJPY,SHORT,2020-07-03 12:00:00,12,True,ONLINE_CAPTURED,-24.65,LOSS,0.447,0.239
931,USDJPY_BASE_693,USDJPY,SHORT,2022-09-01 02:00:00,2,False,OFFLINE_MISSED,-24.65,LOSS,0.441,0.294
932,US500_BASE_1440,US500,SHORT,2025-07-22 23:00:00,23,False,OFFLINE_MISSED,-24.67,LOSS,0.621,0.285
933,US500_BASE_963,US500,SHORT,2023-09-20 09:00:00,9,True,ONLINE_CAPTURED,-24.81,LOSS,0.74,0.282
934,US500_BASE_1406,US500,LONG,2025-06-12 01:00:00,1,False,OFFLINE_MISSED,-24.81,LOSS,0.618,0.251
935,US500_BASE_1407,US500,SHORT,2025-06-13 02:00:00,2,False,OFFLINE_MISSED,-24.86,LOSS,0.624,0.232
936,USDJPY_BASE_1461,USDJPY,LONG,2025-08-21 18:00:00,18,True,ONLINE_CAPTURED,-24.87,LOSS,0.574,0.299
937,USDJPY_BASE_1495,USDJPY,LONG,2025-10-03 06:00:00,6,False,OFFLINE_MISSED,-24.87,LOSS,0.582,0.345
938,US500_BASE_1499,US500,LONG,2025-10-07 14:00:00,14,True,ONLINE_CAPTURED,-24.97,LOSS,0.621,0.186
939,US500_BASE_1107,US500,LONG,2024-04-22 22:00:00,22,False,OFFLINE_MISSED,-25.02,LOSS,0.766,0.344
940,US500_BASE_853,US500,LONG,2023-04-17 22:00:00,22,False,OFFLINE_MISSED,-25.05,LOSS,0.844,0.355
941,USDJPY_BASE_616,USDJPY,LONG,2022-05-12 01:00:00,1,False,OFFLINE_MISSED,-25.1,LOSS,0.457,0.278
942,USDJPY_BASE_748,USDJPY,SHORT,2022-11-30 21:00:00,21,True,ONLINE_CAPTURED,-25.1,LOSS,0.396,0.267
943,USDJPY_BASE_788,USDJPY,LONG,2023-01-18 16:00:00,16,False,OFFLINE_MISSED,-25.1,LOSS,0.405,0.2
944,USDJPY_BASE_1160,USDJPY,LONG,2024-06-26 02:00:00,2,False,OFFLINE_MISSED,-25.1,LOSS,0.511,0.325
945,USDJPY_BASE_1281,USDJPY,LONG,2024-12-03 10:00:00,10,True,ONLINE_CAPTURED,-25.1,LOSS,0.501,0.293
946,US500_BASE_280,US500,LONG,2021-01-15 12:00:00,12,True,ONLINE_CAPTURED,-25.2,LOSS,1.093,0.328
947,US500_BASE_1571,US500,SHORT,2025-12-31 15:00:00,15,True,ONLINE_CAPTURED,-25.27,LOSS,0.665,0.199
948,US500_BASE_786,US500,SHORT,2023-01-16 15:00:00,15,True,ONLINE_CAPTURED,-25.3,LOSS,0.866,0.26
949,USDJPY_BASE_361,USDJPY,SHORT,2021-05-11 20:00:00,20,True,ONLINE_CAPTURED,-25.32,LOSS,0.428,0.223
950,US500_BASE_825,US500,SHORT,2023-03-14 14:00:00,14,True,ONLINE_CAPTURED,-25.32,LOSS,0.827,0.248
951,USDJPY_BASE_531,USDJPY,SHORT,2022-01-17 07:00:00,7,False,OFFLINE_MISSED,-25.33,LOSS,0.457,0.226
952,US500_BASE_138,US500,LONG,2020-07-03 17:00:00,17,True,ONLINE_CAPTURED,-25.51,LOSS,1.099,0.33
953,USDJPY_BASE_5,USDJPY,SHORT,2020-01-08 12:00:00,12,True,ONLINE_CAPTURED,-25.55,LOSS,0.529,0.267
954,USDJPY_BASE_258,USDJPY,LONG,2020-12-16 18:00:00,18,True,ONLINE_CAPTURED,-25.55,LOSS,0.412,0.247
955,USDJPY_BASE_325,USDJPY,LONG,2021-03-18 06:00:00,6,False,OFFLINE_MISSED,-25.55,LOSS,0.387,0.241
956,USDJPY_BASE_1255,USDJPY,SHORT,2024-10-31 11:00:00,11,True,ONLINE_CAPTURED,-25.55,LOSS,0.527,0.295
957,US500_BASE_704,US500,SHORT,2022-09-26 14:00:00,14,True,ONLINE_CAPTURED,-25.58,LOSS,0.867,0.352
958,US500_BASE_1121,US500,SHORT,2024-05-10 12:00:00,12,True,ONLINE_CAPTURED,-25.61,LOSS,0.801,0.24
959,US500_BASE_560,US500,LONG,2022-02-21 14:00:00,14,True,ONLINE_CAPTURED,-25.7,LOSS,0.991,0.297
960,USDJPY_BASE_1071,USDJPY,SHORT,2024-02-28 21:00:00,21,True,ONLINE_CAPTURED,-25.77,LOSS,0.495,0.24
961,USDJPY_BASE_382,USDJPY,LONG,2021-06-10 03:00:00,3,False,OFFLINE_MISSED,-25.78,LOSS,0.445,0.276
962,USDJPY_BASE_508,USDJPY,SHORT,2021-12-15 18:00:00,18,True,ONLINE_CAPTURED,-25.78,LOSS,0.469,0.23
963,USDJPY_BASE_895,USDJPY,SHORT,2023-06-13 05:00:00,5,False,OFFLINE_MISSED,-25.78,LOSS,0.495,0.297
964,USDJPY_BASE_1168,USDJPY,SHORT,2024-07-06 04:00:00,4,False,OFFLINE_MISSED,-25.78,LOSS,0.534,0.284
965,US500_BASE_639,US500,SHORT,2022-06-22 03:00:00,3,False,OFFLINE_MISSED,-25.79,LOSS,1.082,0.325
966,US500_BASE_139,US500,SHORT,2020-07-06 08:00:00,8,False,OFFLINE_MISSED,-25.94,LOSS,1.142,0.343
967,USDJPY_BASE_268,USDJPY,SHORT,2021-01-05 07:00:00,7,False,OFFLINE_MISSED,-26.0,LOSS,0.415,0.202
968,USDJPY_BASE_599,USDJPY,LONG,2022-04-20 13:00:00,13,True,ONLINE_CAPTURED,-26.0,LOSS,0.493,0.225
969,USDJPY_BASE_669,USDJPY,LONG,2022-07-28 20:00:00,20,True,ONLINE_CAPTURED,-26.0,LOSS,0.456,0.259
970,USDJPY_BASE_954,USDJPY,LONG,2023-09-04 23:00:00,23,False,OFFLINE_MISSED,-26.0,LOSS,0.46,0.282
971,USDJPY_BASE_1094,USDJPY,SHORT,2024-04-06 02:00:00,2,False,OFFLINE_MISSED,-26.0,LOSS,0.518,0.314
972,US500_BASE_922,US500,SHORT,2023-07-24 23:00:00,23,False,OFFLINE_MISSED,-26.1,LOSS,0.913,0.391
973,US500_BASE_1533,US500,LONG,2025-11-12 22:00:00,22,False,OFFLINE_MISSED,-26.2,LOSS,0.721,0.294
974,USDJPY_BASE_79,USDJPY,LONG,2020-04-08 12:00:00,12,True,ONLINE_CAPTURED,-26.22,LOSS,0.52,0.277
975,USDJPY_BASE_496,USDJPY,SHORT,2021-11-29 23:00:00,23,False,OFFLINE_MISSED,-26.22,LOSS,0.488,0.349
976,USDJPY_BASE_901,USDJPY,SHORT,2023-06-23 18:00:00,18,True,ONLINE_CAPTURED,-26.23,LOSS,0.527,0.283
977,US500_BASE_92,US500,SHORT,2020-04-28 17:00:00,17,True,ONLINE_CAPTURED,-26.24,LOSS,1.269,0.392
978,US500_BASE_672,US500,SHORT,2022-08-01 21:00:00,21,True,ONLINE_CAPTURED,-26.24,LOSS,1.017,0.401
979,US500_BASE_1214,US500,LONG,2024-09-03 19:00:00,19,True,ONLINE_CAPTURED,-26.26,LOSS,0.813,0.244
980,US500_BASE_383,US500,SHORT,2021-06-11 18:00:00,18,True,ONLINE_CAPTURED,-26.28,LOSS,1.088,0.326
981,US500_BASE_1149,US500,LONG,2024-06-07 21:00:00,21,True,ONLINE_CAPTURED,-26.3,LOSS,0.811,0.299
982,USDJPY_BASE_498,USDJPY,LONG,2021-12-02 01:00:00,1,False,OFFLINE_MISSED,-26.45,LOSS,0.492,0.32
983,USDJPY_BASE_1175,USDJPY,LONG,2024-07-16 23:00:00,23,False,OFFLINE_MISSED,-26.45,LOSS,0.562,0.34
984,BTCUSD_BASE_651,BTCUSD,SHORT,2022-07-07 21:00:00,21,True,ONLINE_CAPTURED,-26.5,LOSS,0.084,0.551
985,US500_BASE_1172,US500,SHORT,2024-07-12 12:00:00,12,True,ONLINE_CAPTURED,-26.63,LOSS,0.847,0.254
986,USDJPY_BASE_658,USDJPY,LONG,2022-07-14 19:00:00,19,True,ONLINE_CAPTURED,-26.67,LOSS,0.476,0.261
987,USDJPY_BASE_987,USDJPY,SHORT,2023-11-09 19:00:00,19,True,ONLINE_CAPTURED,-26.67,LOSS,0.474,0.219
988,USDJPY_BASE_1477,USDJPY,SHORT,2025-09-11 16:00:00,16,False,OFFLINE_MISSED,-26.67,LOSS,0.645,0.35
989,USDJPY_BASE_1525,USDJPY,LONG,2025-11-06 07:00:00,7,False,OFFLINE_MISSED,-26.67,LOSS,0.746,0.325
990,USDJPY_BASE_1554,USDJPY,SHORT,2025-12-10 00:00:00,0,False,OFFLINE_MISSED,-26.67,LOSS,0.797,0.487
991,BTCUSD_BASE_1150,BTCUSD,SHORT,2024-06-08 05:00:00,5,False,OFFLINE_MISSED,-26.73,LOSS,0.049,0.345
992,US500_BASE_413,US500,SHORT,2021-07-27 21:00:00,21,True,ONLINE_CAPTURED,-26.78,LOSS,1.177,0.353
993,US500_BASE_940,US500,LONG,2023-08-17 07:00:00,7,False,OFFLINE_MISSED,-26.85,LOSS,0.946,0.284
994,US500_BASE_994,US500,SHORT,2023-11-16 14:00:00,14,True,ONLINE_CAPTURED,-26.89,LOSS,0.912,0.274
995,USDJPY_BASE_750,USDJPY,LONG,2022-12-06 14:00:00,14,True,ONLINE_CAPTURED,-26.9,LOSS,0.448,0.22
996,USDJPY_BASE_859,USDJPY,LONG,2023-04-24 21:00:00,21,True,ONLINE_CAPTURED,-26.9,LOSS,0.509,0.272
997,USDJPY_BASE_915,USDJPY,SHORT,2023-07-11 23:00:00,23,False,OFFLINE_MISSED,-26.9,LOSS,0.526,0.261
998,USDJPY_BASE_1280,USDJPY,SHORT,2024-12-02 16:00:00,16,False,OFFLINE_MISSED,-26.9,LOSS,0.574,0.284
999,US500_BASE_793,US500,SHORT,2023-01-20 20:00:00,20,True,ONLINE_CAPTURED,-26.94,LOSS,0.966,0.29
1000,US500_BASE_1006,US500,SHORT,2023-12-06 16:00:00,16,False,OFFLINE_MISSED,-26.97,LOSS,0.921,0.276
1001,US500_BASE_790,US500,SHORT,2023-01-19 13:00:00,13,True,ONLINE_CAPTURED,-27.11,LOSS,0.979,0.294
1002,USDJPY_BASE_108,USDJPY,LONG,2020-05-26 13:00:00,13,True,ONLINE_CAPTURED,-27.13,LOSS,0.552,0.282
1003,USDJPY_BASE_450,USDJPY,SHORT,2021-09-18 05:00:00,5,False,OFFLINE_MISSED,-27.13,LOSS,0.567,0.261
1004,USDJPY_BASE_778,USDJPY,LONG,2023-01-04 20:00:00,20,True,ONLINE_CAPTURED,-27.13,LOSS,0.463,0.274
1005,USDJPY_BASE_1113,USDJPY,LONG,2024-04-30 15:00:00,15,True,ONLINE_CAPTURED,-27.13,LOSS,0.567,0.22
1006,US500_BASE_601,US500,LONG,2022-04-21 22:00:00,22,False,OFFLINE_MISSED,-27.18,LOSS,1.144,0.343
1007,BTCUSD_BASE_1532,BTCUSD,LONG,2025-11-12 17:00:00,17,True,ONLINE_CAPTURED,-27.23,LOSS,0.048,0.313
1008,US500_BASE_975,US500,LONG,2023-10-18 22:00:00,22,False,OFFLINE_MISSED,-27.25,LOSS,0.949,0.392
1009,US500_BASE_182,US500,LONG,2020-09-04 13:00:00,13,True,ONLINE_CAPTURED,-27.26,LOSS,1.283,0.385
1010,US500_BASE_1269,US500,LONG,2024-11-15 15:00:00,15,True,ONLINE_CAPTURED,-27.26,LOSS,0.732,0.22
1011,US500_BASE_1092,US500,LONG,2024-04-03 21:00:00,21,True,ONLINE_CAPTURED,-27.29,LOSS,0.934,0.28
1012,US500_BASE_590,US500,LONG,2022-04-11 19:00:00,19,True,ONLINE_CAPTURED,-27.32,LOSS,1.139,0.342
1013,US500_BASE_1492,US500,SHORT,2025-09-26 16:00:00,16,False,OFFLINE_MISSED,-27.33,LOSS,0.76,0.228
1014,USDJPY_BASE_449,USDJPY,LONG,2021-09-16 00:00:00,0,False,OFFLINE_MISSED,-27.35,LOSS,0.568,0.291
1015,US500_BASE_1040,US500,SHORT,2024-01-24 03:00:00,3,False,OFFLINE_MISSED,-27.46,LOSS,0.931,0.279
1016,US500_BASE_876,US500,LONG,2023-05-17 17:00:00,17,True,ONLINE_CAPTURED,-27.47,LOSS,1.07,0.321
1017,US500_BASE_186,US500,SHORT,2020-09-09 06:00:00,6,False,OFFLINE_MISSED,-27.5,LOSS,1.309,0.393
1018,USDJPY_BASE_1519,USDJPY,SHORT,2025-10-31 01:00:00,1,False,OFFLINE_MISSED,-27.57,LOSS,0.793,0.416
1019,USDJPY_BASE_66,USDJPY,LONG,2020-03-18 19:00:00,19,True,ONLINE_CAPTURED,-27.58,LOSS,0.573,0.261
1020,USDJPY_BASE_294,USDJPY,LONG,2021-02-01 23:00:00,23,False,OFFLINE_MISSED,-27.58,LOSS,0.474,0.229
1021,US500_BASE_131,US500,SHORT,2020-06-24 15:00:00,15,True,ONLINE_CAPTURED,-27.66,LOSS,1.341,0.402
1022,US500_BASE_42,US500,SHORT,2020-02-14 17:00:00,17,True,ONLINE_CAPTURED,-27.7,LOSS,1.397,0.419
1023,US500_BASE_889,US500,LONG,2023-05-31 14:00:00,14,True,ONLINE_CAPTURED,-27.71,LOSS,1.017,0.305
1024,US500_BASE_641,US500,SHORT,2022-06-24 18:00:00,18,True,ONLINE_CAPTURED,-27.79,LOSS,1.246,0.374
1025,USDJPY_BASE_272,USDJPY,LONG,2021-01-08 00:00:00,0,False,OFFLINE_MISSED,-27.8,LOSS,0.466,0.275
1026,USDJPY_BASE_1079,USDJPY,LONG,2024-03-12 02:00:00,2,False,OFFLINE_MISSED,-27.8,LOSS,0.57,0.299
1027,USDJPY_BASE_1501,USDJPY,SHORT,2025-10-09 15:00:00,15,True,ONLINE_CAPTURED,-27.8,LOSS,0.762,0.319
1028,US500_BASE_670,US500,SHORT,2022-07-29 07:00:00,7,False,OFFLINE_MISSED,-27.88,LOSS,1.15,0.345
1029,USDJPY_BASE_29,USDJPY,SHORT,2020-01-30 09:00:00,9,True,ONLINE_CAPTURED,-28.02,LOSS,0.636,0.278
1030,USDJPY_BASE_698,USDJPY,SHORT,2022-09-09 18:00:00,18,True,ONLINE_CAPTURED,-28.02,LOSS,0.552,0.278
1031,USDJPY_BASE_1366,USDJPY,LONG,2025-04-10 15:00:00,15,True,ONLINE_CAPTURED,-28.02,LOSS,0.679,0.272
1032,US500_BASE_1313,US500,LONG,2025-01-22 03:00:00,3,False,OFFLINE_MISSED,-28.14,LOSS,0.75,0.266
1033,USDJPY_BASE_110,USDJPY,SHORT,2020-05-27 11:00:00,11,True,ONLINE_CAPTURED,-28.25,LOSS,0.597,0.272
1034,USDJPY_BASE_113,USDJPY,LONG,2020-05-29 22:00:00,22,False,OFFLINE_MISSED,-28.25,LOSS,0.591,0.301
1035,USDJPY_BASE_518,USDJPY,SHORT,2021-12-30 11:00:00,11,True,ONLINE_CAPTURED,-28.25,LOSS,0.562,0.233
1036,USDJPY_BASE_1073,USDJPY,LONG,2024-03-06 20:00:00,20,True,ONLINE_CAPTURED,-28.25,LOSS,0.579,0.306
1037,USDJPY_BASE_1201,USDJPY,SHORT,2024-08-20 03:00:00,3,False,OFFLINE_MISSED,-28.25,LOSS,0.633,0.331
1038,US500_BASE_798,US500,LONG,2023-01-25 22:00:00,22,False,OFFLINE_MISSED,-28.27,LOSS,1.047,0.314
1039,US500_BASE_1237,US500,SHORT,2024-10-04 15:00:00,15,True,ONLINE_CAPTURED,-28.31,LOSS,0.915,0.274
1040,US500_BASE_444,US500,LONG,2021-09-08 11:00:00,11,True,ONLINE_CAPTURED,-28.32,LOSS,1.319,0.396
1041,US500_BASE_463,US500,SHORT,2021-10-06 22:00:00,22,False,OFFLINE_MISSED,-28.35,LOSS,1.273,0.382
1042,US500_BASE_1410,US500,LONG,2025-06-16 17:00:00,17,True,ONLINE_CAPTURED,-28.41,LOSS,0.799,0.24
1043,USDJPY_BASE_523,USDJPY,SHORT,2022-01-07 21:00:00,21,True,ONLINE_CAPTURED,-28.47,LOSS,0.57,0.248
1044,US500_BASE_1524,US500,LONG,2025-11-05 17:00:00,17,True,ONLINE_CAPTURED,-28.68,LOSS,0.855,0.257
1045,US500_BASE_322,US500,SHORT,2021-03-16 14:00:00,14,True,ONLINE_CAPTURED,-28.69,LOSS,1.434,0.43
1046,USDJPY_BASE_416,USDJPY,SHORT,2021-07-30 16:00:00,16,False,OFFLINE_MISSED,-28.7,LOSS,0.559,0.224
1047,USDJPY_BASE_862,USDJPY,LONG,2023-04-27 09:00:00,9,True,ONLINE_CAPTURED,-28.7,LOSS,0.582,0.237
1048,USDJPY_BASE_1173,USDJPY,SHORT,2024-07-12 22:00:00,22,False,OFFLINE_MISSED,-28.7,LOSS,0.658,0.296
1049,USDJPY_BASE_1194,USDJPY,LONG,2024-08-08 19:00:00,19,True,ONLINE_CAPTURED,-28.7,LOSS,0.654,0.29
1050,US500_BASE_925,US500,LONG,2023-07-27 20:00:00,20,True,ONLINE_CAPTURED,-28.8,LOSS,1.058,0.318
1051,US500_BASE_1510,US500,LONG,2025-10-22 14:00:00,14,True,ONLINE_CAPTURED,-28.8,LOSS,0.825,0.247
1052,US500_BASE_47,US500,LONG,2020-02-19 19:00:00,19,True,ONLINE_CAPTURED,-29.04,LOSS,1.564,0.469
1053,USDJPY_BASE_334,USDJPY,SHORT,2021-04-01 15:00:00,15,True,ONLINE_CAPTURED,-29.15,LOSS,0.511,0.245
1054,USDJPY_BASE_789,USDJPY,SHORT,2023-01-19 12:00:00,12,True,ONLINE_CAPTURED,-29.15,LOSS,0.538,0.23
1055,US500_BASE_1466,US500,SHORT,2025-08-27 21:00:00,21,True,ONLINE_CAPTURED,-29.24,LOSS,0.854,0.256
1056,USDJPY_BASE_71,USDJPY,SHORT,2020-03-26 20:00:00,20,True,ONLINE_CAPTURED,-29.38,LOSS,0.644,0.388
1057,USDJPY_BASE_1350,USDJPY,LONG,2025-03-20 13:00:00,13,True,ONLINE_CAPTURED,-29.6,LOSS,0.764,0.333
1058,GBPUSD_BASE_402,GBPUSD,SHORT,2021-07-09 09:00:00,9,True,ONLINE_CAPTURED,-29.65,LOSS,0.041,0.25
1059,USDJPY_BASE_615,USDJPY,SHORT,2022-05-11 11:00:00,11,True,ONLINE_CAPTURED,-29.83,LOSS,0.63,0.277
1060,USDJPY_BASE_733,USDJPY,LONG,2022-11-07 19:00:00,19,True,ONLINE_CAPTURED,-29.83,LOSS,0.539,0.259
1061,US500_BASE_306,US500,LONG,2021-02-23 22:00:00,22,False,OFFLINE_MISSED,-29.95,LOSS,1.449,0.435
1062,US500_BASE_687,US500,LONG,2022-08-22 19:00:00,19,True,ONLINE_CAPTURED,-30.02,LOSS,1.201,0.36
1063,USDJPY_BASE_620,USDJPY,SHORT,2022-05-17 10:00:00,10,True,ONLINE_CAPTURED,-30.05,LOSS,0.641,0.277
1064,USDJPY_BASE_1081,USDJPY,SHORT,2024-03-14 15:00:00,15,True,ONLINE_CAPTURED,-30.05,LOSS,0.651,0.239
1065,USDJPY_BASE_346,USDJPY,LONG,2021-04-21 13:00:00,13,True,ONLINE_CAPTURED,-30.27,LOSS,0.565,0.215
1066,USDJPY_BASE_420,USDJPY,LONG,2021-08-02 21:00:00,21,True,ONLINE_CAPTURED,-30.27,LOSS,0.607,0.276
1067,USDJPY_BASE_773,USDJPY,SHORT,2022-12-29 09:00:00,9,True,ONLINE_CAPTURED,-30.27,LOSS,0.57,0.25
1068,USDJPY_BASE_1319,USDJPY,LONG,2025-01-30 18:00:00,18,True,ONLINE_CAPTURED,-30.27,LOSS,0.722,0.305
1069,USDJPY_BASE_602,USDJPY,LONG,2022-04-22 15:00:00,15,True,ONLINE_CAPTURED,-30.28,LOSS,0.646,0.247
1070,USDJPY_BASE_849,USDJPY,LONG,2023-04-14 14:00:00,14,True,ONLINE_CAPTURED,-30.28,LOSS,0.634,0.265
1071,USDJPY_BASE_911,USDJPY,LONG,2023-07-10 19:00:00,19,True,ONLINE_CAPTURED,-30.28,LOSS,0.647,0.292
1072,USDJPY_BASE_1245,USDJPY,SHORT,2024-10-16 17:00:00,17,True,ONLINE_CAPTURED,-30.72,LOSS,0.749,0.357
1073,USDJPY_BASE_112,USDJPY,SHORT,2020-05-29 07:00:00,7,False,OFFLINE_MISSED,-30.95,LOSS,0.696,0.296
1074,USDJPY_BASE_1066,USDJPY,LONG,2024-02-27 10:00:00,10,True,ONLINE_CAPTURED,-31.17,LOSS,0.69,0.299
1075,USDJPY_BASE_1144,USDJPY,SHORT,2024-06-04 14:00:00,14,True,ONLINE_CAPTURED,-31.49,LOSS,0.793,0.238
1076,BTCUSD_BASE_390,BTCUSD,SHORT,2021-06-27 17:00:00,17,True,ONLINE_CAPTURED,-31.62,LOSS,0.14,0.662
1077,USDJPY_BASE_432,USDJPY,LONG,2021-08-21 02:00:00,2,False,OFFLINE_MISSED,-31.62,LOSS,0.686,0.329
1078,USDJPY_BASE_1142,USDJPY,LONG,2024-05-31 22:00:00,22,False,OFFLINE_MISSED,-31.71,LOSS,0.796,0.239
1079,BTCUSD_BASE_285,BTCUSD,SHORT,2021-01-26 08:00:00,8,False,OFFLINE_MISSED,-31.77,LOSS,0.11,0.548
1080,USDJPY_BASE_130,USDJPY,SHORT,2020-06-22 21:00:00,21,True,ONLINE_CAPTURED,-31.85,LOSS,0.717,0.36
1081,USDJPY_BASE_177,USDJPY,SHORT,2020-09-01 15:00:00,15,True,ONLINE_CAPTURED,-31.85,LOSS,0.673,0.264
1082,USDJPY_BASE_1139,USDJPY,SHORT,2024-05-29 23:00:00,23,False,OFFLINE_MISSED,-31.85,LOSS,0.81,0.349
1083,USDJPY_BASE_993,USDJPY,SHORT,2023-11-15 15:00:00,15,True,ONLINE_CAPTURED,-32.04,LOSS,0.65,0.195
1084,USDJPY_BASE_70,USDJPY,LONG,2020-03-25 20:00:00,20,True,ONLINE_CAPTURED,-32.07,LOSS,0.742,0.338
1085,USDJPY_BASE_300,USDJPY,LONG,2021-02-15 13:00:00,13,True,ONLINE_CAPTURED,-32.21,LOSS,0.615,0.184
1086,USDJPY_BASE_1267,USDJPY,LONG,2024-11-14 14:00:00,14,True,ONLINE_CAPTURED,-32.46,LOSS,0.819,0.246
1087,USDJPY_BASE_152,USDJPY,LONG,2020-07-27 18:00:00,18,True,ONLINE_CAPTURED,-32.5,LOSS,0.756,0.227
1088,USDJPY_BASE_1285,USDJPY,LONG,2024-12-09 20:00:00,20,True,ONLINE_CAPTURED,-32.53,LOSS,0.806,0.357
1089,USDJPY_BASE_821,USDJPY,SHORT,2023-03-07 14:00:00,14,True,ONLINE_CAPTURED,-32.54,LOSS,0.672,0.201
1090,USDJPY_BASE_401,USDJPY,SHORT,2021-07-08 10:00:00,10,True,ONLINE_CAPTURED,-32.75,LOSS,0.686,0.232
1091,USDJPY_BASE_9,USDJPY,SHORT,2020-01-14 09:00:00,9,True,ONLINE_CAPTURED,-32.97,LOSS,0.832,0.297
1092,USDJPY_BASE_1430,USDJPY,LONG,2025-07-07 13:00:00,13,True,ONLINE_CAPTURED,-33.09,LOSS,0.915,0.275
1093,USDJPY_BASE_937,USDJPY,LONG,2023-08-14 23:00:00,23,False,OFFLINE_MISSED,-33.2,LOSS,0.709,0.284
1094,USDJPY_BASE_1377,USDJPY,SHORT,2025-04-25 15:00:00,15,True,ONLINE_CAPTURED,-33.2,LOSS,0.91,0.315
1095,USDJPY_BASE_1479,USDJPY,LONG,2025-09-12 21:00:00,21,True,ONLINE_CAPTURED,-33.2,LOSS,0.938,0.412
1096,USDJPY_BASE_650,USDJPY,LONG,2022-07-07 14:00:00,14,True,ONLINE_CAPTURED,-33.22,LOSS,0.691,0.207
1097,USDJPY_BASE_852,USDJPY,SHORT,2023-04-17 12:00:00,12,True,ONLINE_CAPTURED,-33.28,LOSS,0.744,0.223
1098,USDJPY_BASE_148,USDJPY,LONG,2020-07-21 20:00:00,20,True,ONLINE_CAPTURED,-33.53,LOSS,0.802,0.24
1099,USDJPY_BASE_25,USDJPY,LONG,2020-01-27 15:00:00,15,True,ONLINE_CAPTURED,-33.66,LOSS,0.846,0.254
1100,USDJPY_BASE_39,USDJPY,SHORT,2020-02-12 15:00:00,15,True,ONLINE_CAPTURED,-33.9,LOSS,0.844,0.253
1101,USDJPY_BASE_1415,USDJPY,SHORT,2025-06-23 15:00:00,15,True,ONLINE_CAPTURED,-33.94,LOSS,0.922,0.277
1102,USDJPY_BASE_1346,USDJPY,LONG,2025-03-14 18:00:00,18,True,ONLINE_CAPTURED,-34.09,LOSS,0.946,0.284
1103,USDJPY_BASE_38,USDJPY,LONG,2020-02-11 20:00:00,20,True,ONLINE_CAPTURED,-34.1,LOSS,0.847,0.315
1104,USDJPY_BASE_329,USDJPY,LONG,2021-03-23 15:00:00,15,True,ONLINE_CAPTURED,-34.18,LOSS,0.643,0.193
1105,USDJPY_BASE_612,USDJPY,SHORT,2022-05-05 22:00:00,22,False,OFFLINE_MISSED,-34.32,LOSS,0.789,0.337
1106,GBPUSD_BASE_1240,GBPUSD,LONG,2024-10-11 01:00:00,1,False,OFFLINE_MISSED,-34.55,LOSS,0.063,0.307
1107,USDJPY_BASE_1181,USDJPY,SHORT,2024-07-24 14:00:00,14,True,ONLINE_CAPTURED,-34.88,LOSS,0.925,0.278
1108,USDJPY_BASE_1473,USDJPY,LONG,2025-09-03 18:00:00,18,True,ONLINE_CAPTURED,-34.88,LOSS,1.022,0.306
1109,BTCUSD_BASE_1468,BTCUSD,SHORT,2025-08-28 21:00:00,21,True,ONLINE_CAPTURED,-34.91,LOSS,0.079,0.385
1110,USDJPY_BASE_1155,USDJPY,SHORT,2024-06-18 19:00:00,19,True,ONLINE_CAPTURED,-34.93,LOSS,0.928,0.278
1111,USDJPY_BASE_708,USDJPY,LONG,2022-09-29 15:00:00,15,True,ONLINE_CAPTURED,-34.99,LOSS,0.772,0.232
1112,BTCUSD_BASE_1224,BTCUSD,LONG,2024-09-17 17:00:00,17,True,ONLINE_CAPTURED,-35.23,LOSS,0.075,0.304
1113,USDJPY_BASE_1018,USDJPY,LONG,2023-12-27 09:00:00,9,True,ONLINE_CAPTURED,-35.24,LOSS,0.784,0.235
1114,USDJPY_BASE_956,USDJPY,LONG,2023-09-08 07:00:00,7,False,OFFLINE_MISSED,-35.35,LOSS,0.77,0.231
1115,GBPUSD_BASE_127,GBPUSD,SHORT,2020-06-18 21:00:00,21,True,ONLINE_CAPTURED,-35.6,LOSS,0.049,0.212
1116,USDJPY_BASE_1091,USDJPY,SHORT,2024-04-02 16:00:00,16,False,OFFLINE_MISSED,-35.63,LOSS,0.882,0.265
1117,USDJPY_BASE_1417,USDJPY,LONG,2025-06-24 09:00:00,9,True,ONLINE_CAPTURED,-35.63,LOSS,0.99,0.297
1118,USDJPY_BASE_607,USDJPY,LONG,2022-04-28 16:00:00,16,False,OFFLINE_MISSED,-35.66,LOSS,0.859,0.258
1119,USDJPY_BASE_776,USDJPY,SHORT,2023-01-04 09:00:00,9,True,ONLINE_CAPTURED,-35.95,LOSS,0.744,0.223
1120,USDJPY_BASE_1399,USDJPY,LONG,2025-05-30 19:00:00,19,True,ONLINE_CAPTURED,-36.01,LOSS,0.977,0.293
1121,USDJPY_BASE_1124,USDJPY,LONG,2024-05-13 18:00:00,18,True,ONLINE_CAPTURED,-36.06,LOSS,0.971,0.291
1122,USDJPY_BASE_85,USDJPY,SHORT,2020-04-17 12:00:00,12,True,ONLINE_CAPTURED,-36.11,LOSS,0.881,0.264
1123,USDJPY_BASE_223,USDJPY,SHORT,2020-11-02 18:00:00,18,True,ONLINE_CAPTURED,-36.22,LOSS,0.781,0.234
1124,USDJPY_BASE_145,USDJPY,LONG,2020-07-14 18:00:00,18,True,ONLINE_CAPTURED,-36.24,LOSS,0.866,0.26
1125,USDJPY_BASE_1511,USDJPY,LONG,2025-10-22 14:00:00,14,True,ONLINE_CAPTURED,-36.43,LOSS,1.21,0.363
1126,BTCUSD_BASE_570,BTCUSD,SHORT,2022-03-10 09:00:00,9,True,ONLINE_CAPTURED,-36.51,LOSS,0.22,0.698
1127,USDJPY_BASE_362,USDJPY,LONG,2021-05-13 09:00:00,9,True,ONLINE_CAPTURED,-36.87,LOSS,0.809,0.243
1128,USDJPY_BASE_995,USDJPY,SHORT,2023-11-17 11:00:00,11,True,ONLINE_CAPTURED,-37.13,LOSS,0.825,0.248
1129,USDJPY_BASE_834,USDJPY,LONG,2023-03-24 06:00:00,6,False,OFFLINE_MISSED,-37.21,LOSS,0.826,0.248
1130,USDJPY_BASE_1104,USDJPY,SHORT,2024-04-19 20:00:00,20,True,ONLINE_CAPTURED,-37.34,LOSS,0.971,0.291
1131,USDJPY_BASE_1509,USDJPY,SHORT,2025-10-21 15:00:00,15,True,ONLINE_CAPTURED,-37.42,LOSS,1.269,0.381
1132,USDJPY_BASE_184,USDJPY,LONG,2020-09-04 23:00:00,23,False,OFFLINE_MISSED,-37.79,LOSS,0.852,0.256
1133,USDJPY_BASE_1055,USDJPY,SHORT,2024-02-12 17:00:00,17,True,ONLINE_CAPTURED,-38.05,LOSS,0.929,0.279
1134,USDJPY_BASE_278,USDJPY,LONG,2021-01-14 18:00:00,18,True,ONLINE_CAPTURED,-38.14,LOSS,0.785,0.236
1135,USDJPY_BASE_236,USDJPY,LONG,2020-11-18 15:00:00,15,True,ONLINE_CAPTURED,-38.61,LOSS,0.856,0.257
1136,USDJPY_BASE_1442,USDJPY,SHORT,2025-07-25 15:00:00,15,True,ONLINE_CAPTURED,-38.65,LOSS,1.155,0.347
1137,USDJPY_BASE_1390,USDJPY,LONG,2025-05-21 14:00:00,14,True,ONLINE_CAPTURED,-38.76,LOSS,1.069,0.321
1138,USDJPY_BASE_349,USDJPY,SHORT,2021-04-22 20:00:00,20,True,ONLINE_CAPTURED,-39.06,LOSS,0.848,0.255
1139,USDJPY_BASE_576,USDJPY,LONG,2022-03-21 19:00:00,19,True,ONLINE_CAPTURED,-39.53,LOSS,0.958,0.287
1140,USDJPY_BASE_1362,USDJPY,SHORT,2025-04-09 03:00:00,3,False,OFFLINE_MISSED,-39.78,LOSS,1.207,0.362
1141,USDJPY_BASE_44,USDJPY,SHORT,2020-02-18 19:00:00,19,True,ONLINE_CAPTURED,-39.89,LOSS,1.065,0.32
1142,BTCUSD_BASE_160,BTCUSD,SHORT,2020-08-11 13:00:00,13,True,ONLINE_CAPTURED,-40.11,LOSS,0.244,0.702
1143,USDJPY_BASE_1322,USDJPY,LONG,2025-02-04 15:00:00,15,True,ONLINE_CAPTURED,-40.33,LOSS,1.134,0.34
1144,USDJPY_BASE_162,USDJPY,SHORT,2020-08-13 00:00:00,0,False,OFFLINE_MISSED,-41.19,LOSS,1.059,0.318
1145,USDJPY_BASE_229,USDJPY,SHORT,2020-11-10 22:00:00,22,False,OFFLINE_MISSED,-41.2,LOSS,0.937,0.281
1146,USDJPY_BASE_1137,USDJPY,LONG,2024-05-28 23:00:00,23,False,OFFLINE_MISSED,-41.53,LOSS,1.202,0.361
1147,USDJPY_BASE_1544,USDJPY,SHORT,2025-11-28 20:00:00,20,True,ONLINE_CAPTURED,-42.47,LOSS,1.716,0.515
1148,GBPUSD_BASE_1439,GBPUSD,SHORT,2025-07-22 22:00:00,22,False,OFFLINE_MISSED,-42.6,LOSS,0.096,0.335
1149,BTCUSD_BASE_715,BTCUSD,LONG,2022-10-06 19:00:00,19,True,ONLINE_CAPTURED,-43.66,LOSS,0.175,0.555
1150,BTCUSD_BASE_1015,BTCUSD,LONG,2023-12-23 18:00:00,18,True,ONLINE_CAPTURED,-45.6,LOSS,0.133,0.321
1151,BTCUSD_BASE_19,BTCUSD,LONG,2020-01-19 17:00:00,17,True,ONLINE_CAPTURED,-46.52,LOSS,1.1,3.205
1152,BTCUSD_BASE_88,BTCUSD,LONG,2020-04-21 08:00:00,8,False,OFFLINE_MISSED,-46.73,LOSS,0.469,1.184
1153,BTCUSD_BASE_1315,BTCUSD,SHORT,2025-01-25 13:00:00,13,True,ONLINE_CAPTURED,-46.73,LOSS,0.095,0.227
1154,BTCUSD_BASE_855,BTCUSD,LONG,2023-04-21 21:00:00,21,True,ONLINE_CAPTURED,-50.09,LOSS,0.27,0.624
1155,BTCUSD_BASE_769,BTCUSD,SHORT,2022-12-25 15:00:00,15,True,ONLINE_CAPTURED,-50.19,LOSS,0.369,0.751
1156,BTCUSD_BASE_1064,BTCUSD,SHORT,2024-02-24 20:00:00,20,True,ONLINE_CAPTURED,-50.38,LOSS,0.164,0.451
1157,BTCUSD_BASE_582,BTCUSD,LONG,2022-03-30 17:00:00,17,True,ONLINE_CAPTURED,-52.64,LOSS,0.367,0.954
1158,GBPUSD_BASE_192,GBPUSD,LONG,2020-09-15 19:00:00,19,True,ONLINE_CAPTURED,-54.15,LOSS,0.09,0.233
1159,BTCUSD_BASE_119,BTCUSD,SHORT,2020-06-06 17:00:00,17,True,ONLINE_CAPTURED,-57.65,LOSS,0.424,1.01
1160,GBPUSD_BASE_647,GBPUSD,LONG,2022-07-05 13:00:00,13,True,ONLINE_CAPTURED,-58.7,LOSS,0.112,0.216
1161,BTCUSD_BASE_421,BTCUSD,SHORT,2021-08-05 06:00:00,6,False,OFFLINE_MISSED,-61.23,LOSS,0.342,0.571
1162,BTCUSD_BASE_758,BTCUSD,LONG,2022-12-15 04:00:00,4,False,OFFLINE_MISSED,-63.67,LOSS,0.426,0.773
1163,GBPUSD_BASE_737,GBPUSD,SHORT,2022-11-16 23:00:00,23,False,OFFLINE_MISSED,-65.35,LOSS,0.138,0.342
1164,BTCUSD_BASE_1165,BTCUSD,SHORT,2024-07-02 19:00:00,19,True,ONLINE_CAPTURED,-65.91,LOSS,0.174,0.291
1165,BTCUSD_BASE_143,BTCUSD,LONG,2020-07-13 03:00:00,3,False,OFFLINE_MISSED,-66.69,LOSS,0.421,0.765
1166,GBPUSD_BASE_159,GBPUSD,LONG,2020-08-10 23:00:00,23,False,OFFLINE_MISSED,-66.75,LOSS,0.117,0.193
1167,BTCUSD_BASE_18,BTCUSD,SHORT,2020-01-18 17:00:00,17,True,ONLINE_CAPTURED,-67.21,LOSS,1.75,2.69
1168,BTCUSD_BASE_1112,BTCUSD,SHORT,2024-04-30 02:00:00,2,False,OFFLINE_MISSED,-68.28,LOSS,0.213,0.36
1169,BTCUSD_BASE_72,BTCUSD,SHORT,2020-03-29 12:00:00,12,True,ONLINE_CAPTURED,-70.83,LOSS,0.782,0.961
1170,GBPUSD_BASE_1126,GBPUSD,SHORT,2024-05-14 23:00:00,23,False,OFFLINE_MISSED,-70.95,LOSS,0.163,0.344
1171,BTCUSD_BASE_1503,BTCUSD,LONG,2025-10-12 15:00:00,15,True,ONLINE_CAPTURED,-71.05,LOSS,0.202,0.304
1172,BTCUSD_BASE_1171,BTCUSD,SHORT,2024-07-11 03:00:00,3,False,OFFLINE_MISSED,-71.54,LOSS,0.196,0.327
1173,GBPUSD_BASE_1449,GBPUSD,LONG,2025-08-07 19:00:00,19,True,ONLINE_CAPTURED,-77.6,LOSS,0.201,0.341
1174,GBPUSD_BASE_365,GBPUSD,SHORT,2021-05-17 17:00:00,17,True,ONLINE_CAPTURED,-77.95,LOSS,0.149,0.299
1175,BTCUSD_BASE_961,BTCUSD,LONG,2023-09-18 12:00:00,12,True,ONLINE_CAPTURED,-78.09,LOSS,0.357,0.447
1176,GBPUSD_BASE_656,GBPUSD,LONG,2022-07-14 12:00:00,12,True,ONLINE_CAPTURED,-78.65,LOSS,0.161,0.242
1177,GBPUSD_BASE_208,GBPUSD,LONG,2020-10-08 03:00:00,3,False,OFFLINE_MISSED,-79.7,LOSS,0.147,0.223
1178,GBPUSD_BASE_1318,GBPUSD,LONG,2025-01-30 16:00:00,16,False,OFFLINE_MISSED,-81.45,LOSS,0.199,0.318
1179,GBPUSD_BASE_1222,GBPUSD,LONG,2024-09-11 15:00:00,15,True,ONLINE_CAPTURED,-85.65,LOSS,0.202,0.218
1180,BTCUSD_BASE_1383,BTCUSD,SHORT,2025-05-09 18:00:00,18,True,ONLINE_CAPTURED,-86.07,LOSS,0.224,0.316
1181,GBPUSD_BASE_406,GBPUSD,SHORT,2021-07-16 22:00:00,22,False,OFFLINE_MISSED,-86.7,LOSS,0.178,0.252
1182,BTCUSD_BASE_1396,BTCUSD,LONG,2025-05-27 23:00:00,23,False,OFFLINE_MISSED,-88.39,LOSS,0.244,0.383
1183,BTCUSD_BASE_1353,BTCUSD,LONG,2025-03-26 08:00:00,8,False,OFFLINE_MISSED,-89.84,LOSS,0.239,0.277
1184,BTCUSD_BASE_1523,BTCUSD,LONG,2025-11-04 17:00:00,17,True,ONLINE_CAPTURED,-90.43,LOSS,0.256,0.261
1185,BTCUSD_BASE_579,BTCUSD,LONG,2022-03-23 19:00:00,19,True,ONLINE_CAPTURED,-91.48,LOSS,0.727,1.087
1186,BTCUSD_BASE_1413,BTCUSD,SHORT,2025-06-20 10:00:00,10,True,ONLINE_CAPTURED,-92.0,LOSS,0.266,0.317
1187,BTCUSD_BASE_1084,BTCUSD,LONG,2024-03-22 02:00:00,2,False,OFFLINE_MISSED,-94.56,LOSS,0.325,0.479
1188,BTCUSD_BASE_475,BTCUSD,LONG,2021-10-22 06:00:00,6,False,OFFLINE_MISSED,-96.66,LOSS,0.635,0.586
1189,BTCUSD_BASE_1162,BTCUSD,LONG,2024-06-28 03:00:00,3,False,OFFLINE_MISSED,-97.29,LOSS,0.275,0.337
1190,BTCUSD_BASE_283,BTCUSD,SHORT,2021-01-19 19:00:00,19,True,ONLINE_CAPTURED,-98.84,LOSS,0.485,0.587
1191,BTCUSD_BASE_1217,BTCUSD,SHORT,2024-09-05 22:00:00,22,False,OFFLINE_MISSED,-99.1,LOSS,0.274,0.295
1192,BTCUSD_BASE_482,BTCUSD,SHORT,2021-11-06 20:00:00,20,True,ONLINE_CAPTURED,-99.29,LOSS,0.764,0.722
1193,GBPUSD_BASE_770,GBPUSD,LONG,2022-12-27 19:00:00,19,True,ONLINE_CAPTURED,-103.5,LOSS,0.233,0.349
1194,BTCUSD_BASE_953,BTCUSD,LONG,2023-09-03 15:00:00,15,True,ONLINE_CAPTURED,-104.35,LOSS,0.508,0.439
1195,GBPUSD_BASE_394,GBPUSD,LONG,2021-07-02 22:00:00,22,False,OFFLINE_MISSED,-104.9,LOSS,0.219,0.249
1196,BTCUSD_BASE_846,BTCUSD,SHORT,2023-04-09 10:00:00,10,True,ONLINE_CAPTURED,-106.45,LOSS,0.686,0.695
1197,BTCUSD_BASE_245,BTCUSD,LONG,2020-11-25 23:00:00,23,False,OFFLINE_MISSED,-106.56,LOSS,0.569,0.767
1198,BTCUSD_BASE_86,BTCUSD,LONG,2020-04-18 21:00:00,21,True,ONLINE_CAPTURED,-108.12,LOSS,1.319,1.43
1199,GBPUSD_BASE_1010,GBPUSD,LONG,2023-12-18 08:00:00,8,False,OFFLINE_MISSED,-108.4,LOSS,0.27,0.325
1200,GBPUSD_BASE_751,GBPUSD,LONG,2022-12-06 23:00:00,23,False,OFFLINE_MISSED,-109.45,LOSS,0.255,0.297
1201,BTCUSD_BASE_1570,BTCUSD,SHORT,2025-12-30 22:00:00,22,False,OFFLINE_MISSED,-111.34,LOSS,0.347,0.314
1202,BTCUSD_BASE_738,BTCUSD,SHORT,2022-11-17 18:00:00,18,True,ONLINE_CAPTURED,-112.34,LOSS,0.682,0.662
1203,BTCUSD_BASE_404,BTCUSD,SHORT,2021-07-13 21:00:00,21,True,ONLINE_CAPTURED,-114.87,LOSS,0.738,0.762
1204,BTCUSD_BASE_1343,BTCUSD,LONG,2025-03-07 20:00:00,20,True,ONLINE_CAPTURED,-114.98,LOSS,0.318,0.343
1205,BTCUSD_BASE_1478,BTCUSD,SHORT,2025-09-12 09:00:00,9,True,ONLINE_CAPTURED,-114.99,LOSS,0.351,0.293
1206,BTCUSD_BASE_1140,BTCUSD,LONG,2024-05-30 18:00:00,18,True,ONLINE_CAPTURED,-118.0,LOSS,0.372,0.384
1207,BTCUSD_BASE_783,BTCUSD,LONG,2023-01-12 10:00:00,10,True,ONLINE_CAPTURED,-118.4,LOSS,0.93,0.603
1208,BTCUSD_BASE_1053,BTCUSD,SHORT,2024-02-09 20:00:00,20,True,ONLINE_CAPTURED,-118.66,LOSS,0.446,0.404
1209,BTCUSD_BASE_1332,BTCUSD,SHORT,2025-02-18 18:00:00,18,True,ONLINE_CAPTURED,-119.18,LOSS,0.307,0.236
1210,BTCUSD_BASE_446,BTCUSD,SHORT,2021-09-10 22:00:00,22,False,OFFLINE_MISSED,-119.91,LOSS,0.846,0.656
1211,BTCUSD_BASE_1344,BTCUSD,SHORT,2025-03-08 20:00:00,20,True,ONLINE_CAPTURED,-120.04,LOSS,0.334,0.385
1212,GBPUSD_BASE_1083,GBPUSD,LONG,2024-03-19 08:00:00,8,False,OFFLINE_MISSED,-120.65,LOSS,0.299,0.276
1213,BTCUSD_BASE_1370,BTCUSD,LONG,2025-04-18 03:00:00,3,False,OFFLINE_MISSED,-121.15,LOSS,0.335,0.36
1214,GBPUSD_BASE_899,GBPUSD,LONG,2023-06-22 20:00:00,20,True,ONLINE_CAPTURED,-121.7,LOSS,0.276,0.212
1215,GBPUSD_BASE_1219,GBPUSD,LONG,2024-09-09 12:00:00,12,True,ONLINE_CAPTURED,-121.7,LOSS,0.301,0.311
1216,GBPUSD_BASE_1270,GBPUSD,SHORT,2024-11-15 21:00:00,21,True,ONLINE_CAPTURED,-122.05,LOSS,0.319,0.306
1217,BTCUSD_BASE_1457,BTCUSD,LONG,2025-08-16 12:00:00,12,True,ONLINE_CAPTURED,-122.26,LOSS,0.376,0.311
1218,BTCUSD_BASE_870,BTCUSD,SHORT,2023-05-09 13:00:00,13,True,ONLINE_CAPTURED,-123.31,LOSS,0.749,0.465
1219,GBPUSD_BASE_714,GBPUSD,LONG,2022-10-04 03:00:00,3,False,OFFLINE_MISSED,-123.8,LOSS,0.27,0.21
1220,BTCUSD_BASE_1200,BTCUSD,SHORT,2024-08-19 22:00:00,22,False,OFFLINE_MISSED,-125.83,LOSS,0.363,0.384
1221,BTCUSD_BASE_1408,BTCUSD,LONG,2025-06-14 04:00:00,4,False,OFFLINE_MISSED,-126.02,LOSS,0.371,0.27
1222,BTCUSD_BASE_608,BTCUSD,SHORT,2022-04-30 10:00:00,10,True,ONLINE_CAPTURED,-128.39,LOSS,1.047,0.727
1223,GBPUSD_BASE_1411,GBPUSD,SHORT,2025-06-17 05:00:00,5,False,OFFLINE_MISSED,-131.85,LOSS,0.372,0.295
1224,BTCUSD_BASE_1234,BTCUSD,SHORT,2024-09-30 16:00:00,16,False,OFFLINE_MISSED,-134.27,LOSS,0.404,0.263
1225,BTCUSD_BASE_431,BTCUSD,SHORT,2021-08-20 00:00:00,0,False,OFFLINE_MISSED,-135.48,LOSS,0.781,0.795
1226,BTCUSD_BASE_780,BTCUSD,SHORT,2023-01-07 22:00:00,22,False,OFFLINE_MISSED,-137.18,LOSS,1.044,0.914
1227,BTCUSD_BASE_54,BTCUSD,LONG,2020-03-02 18:00:00,18,True,ONLINE_CAPTURED,-138.19,LOSS,2.061,1.552
1228,BTCUSD_BASE_665,BTCUSD,LONG,2022-07-22 21:00:00,21,True,ONLINE_CAPTURED,-138.42,LOSS,0.721,0.682
1229,BTCUSD_BASE_1223,BTCUSD,SHORT,2024-09-15 01:00:00,1,False,OFFLINE_MISSED,-138.72,LOSS,0.414,0.317
1230,BTCUSD_BASE_1213,BTCUSD,LONG,2024-09-03 15:00:00,15,True,ONLINE_CAPTURED,-139.55,LOSS,0.393,0.26
1231,BTCUSD_BASE_720,BTCUSD,LONG,2022-10-14 23:00:00,23,False,OFFLINE_MISSED,-139.71,LOSS,0.724,0.646
1232,BTCUSD_BASE_1063,BTCUSD,LONG,2024-02-22 16:00:00,16,False,OFFLINE_MISSED,-141.06,LOSS,0.548,0.398
1233,GBPUSD_BASE_1109,GBPUSD,LONG,2024-04-23 23:00:00,23,False,OFFLINE_MISSED,-142.35,LOSS,0.365,0.369
1234,BTCUSD_BASE_919,BTCUSD,LONG,2023-07-17 21:00:00,21,True,ONLINE_CAPTURED,-143.48,LOSS,0.725,0.471
1235,GBPUSD_BASE_1258,GBPUSD,SHORT,2024-11-05 02:00:00,2,False,OFFLINE_MISSED,-143.75,LOSS,0.385,0.354
1236,GBPUSD_BASE_1516,GBPUSD,SHORT,2025-10-24 23:00:00,23,False,OFFLINE_MISSED,-144.45,LOSS,0.431,0.437
1237,BTCUSD_BASE_990,BTCUSD,SHORT,2023-11-13 18:00:00,18,True,ONLINE_CAPTURED,-144.78,LOSS,0.687,0.485
1238,GBPUSD_BASE_304,GBPUSD,LONG,2021-02-22 23:00:00,23,False,OFFLINE_MISSED,-144.8,LOSS,0.293,0.209
1239,BTCUSD_BASE_1425,BTCUSD,LONG,2025-07-02 07:00:00,7,False,OFFLINE_MISSED,-145.09,LOSS,0.438,0.315
1240,BTCUSD_BASE_1164,BTCUSD,SHORT,2024-06-30 08:00:00,8,False,OFFLINE_MISSED,-145.32,LOSS,0.431,0.254
1241,BTCUSD_BASE_833,BTCUSD,LONG,2023-03-23 08:00:00,8,False,OFFLINE_MISSED,-145.92,LOSS,1.012,0.683
1242,BTCUSD_BASE_1512,BTCUSD,LONG,2025-10-23 00:00:00,0,False,OFFLINE_MISSED,-146.12,LOSS,0.445,0.268
1243,BTCUSD_BASE_1116,BTCUSD,LONG,2024-05-05 20:00:00,20,True,ONLINE_CAPTURED,-146.59,LOSS,0.496,0.32
1244,BTCUSD_BASE_417,BTCUSD,SHORT,2021-07-30 23:00:00,23,False,OFFLINE_MISSED,-148.17,LOSS,0.9,0.708
1245,BTCUSD_BASE_1232,BTCUSD,LONG,2024-09-29 03:00:00,3,False,OFFLINE_MISSED,-148.81,LOSS,0.449,0.235
1246,BTCUSD_BASE_290,BTCUSD,LONG,2021-01-30 15:00:00,15,True,ONLINE_CAPTURED,-149.82,LOSS,0.765,0.37
1247,GBPUSD_BASE_264,GBPUSD,SHORT,2020-12-29 20:00:00,20,True,ONLINE_CAPTURED,-150.05,LOSS,0.299,0.274
1248,BTCUSD_BASE_1450,BTCUSD,LONG,2025-08-08 12:00:00,12,True,ONLINE_CAPTURED,-150.2,LOSS,0.463,0.226
1249,BTCUSD_BASE_1099,BTCUSD,LONG,2024-04-13 19:00:00,19,True,ONLINE_CAPTURED,-151.19,LOSS,0.537,0.361
1250,BTCUSD_BASE_1292,BTCUSD,LONG,2024-12-18 17:00:00,17,True,ONLINE_CAPTURED,-152.15,LOSS,0.382,0.191
1251,BTCUSD_BASE_1075,BTCUSD,SHORT,2024-03-07 21:00:00,21,True,ONLINE_CAPTURED,-155.34,LOSS,0.608,0.487
1252,GBPUSD_BASE_819,GBPUSD,SHORT,2023-03-03 02:00:00,2,False,OFFLINE_MISSED,-156.7,LOSS,0.352,0.243
1253,GBPUSD_BASE_1212,GBPUSD,SHORT,2024-09-03 01:00:00,1,False,OFFLINE_MISSED,-156.7,LOSS,0.394,0.337
1254,GBPUSD_BASE_1336,GBPUSD,SHORT,2025-02-25 09:00:00,9,True,ONLINE_CAPTURED,-157.05,LOSS,0.411,0.283
1255,BTCUSD_BASE_373,BTCUSD,SHORT,2021-05-31 21:00:00,21,True,ONLINE_CAPTURED,-157.08,LOSS,1.007,0.662
1256,BTCUSD_BASE_87,BTCUSD,SHORT,2020-04-19 21:00:00,21,True,ONLINE_CAPTURED,-157.44,LOSS,1.994,1.14
1257,BTCUSD_BASE_1567,BTCUSD,LONG,2025-12-28 21:00:00,21,True,ONLINE_CAPTURED,-160.37,LOSS,0.517,0.341
1258,BTCUSD_BASE_301,BTCUSD,SHORT,2021-02-15 16:00:00,16,False,OFFLINE_MISSED,-161.05,LOSS,0.836,0.514
1259,GBPUSD_BASE_1119,GBPUSD,SHORT,2024-05-08 16:00:00,16,False,OFFLINE_MISSED,-161.6,LOSS,0.406,0.222
1260,BTCUSD_BASE_1025,BTCUSD,LONG,2024-01-07 21:00:00,21,True,ONLINE_CAPTURED,-161.73,LOSS,0.636,0.445
1261,BTCUSD_BASE_73,BTCUSD,LONG,2020-03-31 08:00:00,8,False,OFFLINE_MISSED,-162.14,LOSS,1.989,1.167
1262,BTCUSD_BASE_640,BTCUSD,SHORT,2022-06-22 21:00:00,21,True,ONLINE_CAPTURED,-163.25,LOSS,1.026,0.696
1263,BTCUSD_BASE_1129,BTCUSD,LONG,2024-05-16 21:00:00,21,True,ONLINE_CAPTURED,-163.25,LOSS,0.536,0.336
1264,BTCUSD_BASE_1368,BTCUSD,SHORT,2025-04-13 06:00:00,6,False,OFFLINE_MISSED,-163.66,LOSS,0.469,0.308
1265,BTCUSD_BASE_1545,BTCUSD,LONG,2025-11-30 04:00:00,4,False,OFFLINE_MISSED,-163.84,LOSS,0.511,0.325
1266,BTCUSD_BASE_860,BTCUSD,SHORT,2023-04-25 13:00:00,13,True,ONLINE_CAPTURED,-164.02,LOSS,1.111,0.545
1267,BTCUSD_BASE_1238,BTCUSD,SHORT,2024-10-05 12:00:00,12,True,ONLINE_CAPTURED,-164.53,LOSS,0.504,0.306
1268,GBPUSD_BASE_753,GBPUSD,SHORT,2022-12-09 05:00:00,5,False,OFFLINE_MISSED,-165.45,LOSS,0.402,0.255
1269,BTCUSD_BASE_587,BTCUSD,LONG,2022-04-08 10:00:00,10,True,ONLINE_CAPTURED,-165.61,LOSS,1.474,0.742
1270,BTCUSD_BASE_525,BTCUSD,LONG,2022-01-10 15:00:00,15,True,ONLINE_CAPTURED,-166.24,LOSS,1.337,0.844
1271,GBPUSD_BASE_68,GBPUSD,LONG,2020-03-20 02:00:00,2,False,OFFLINE_MISSED,-167.2,LOSS,0.373,0.259
1272,GBPUSD_BASE_624,GBPUSD,SHORT,2022-05-21 01:00:00,1,False,OFFLINE_MISSED,-167.2,LOSS,0.378,0.256
1273,BTCUSD_BASE_1271,BTCUSD,LONG,2024-11-16 10:00:00,10,True,ONLINE_CAPTURED,-167.49,LOSS,0.458,0.243
1274,GBPUSD_BASE_600,GBPUSD,SHORT,2022-04-20 21:00:00,21,True,ONLINE_CAPTURED,-167.55,LOSS,0.371,0.245
1275,BTCUSD_BASE_740,BTCUSD,LONG,2022-11-20 23:00:00,23,False,OFFLINE_MISSED,-167.63,LOSS,1.002,0.575
1276,BTCUSD_BASE_270,BTCUSD,LONG,2021-01-05 22:00:00,22,False,OFFLINE_MISSED,-168.28,LOSS,0.909,0.525
1277,BTCUSD_BASE_1151,BTCUSD,LONG,2024-06-09 13:00:00,13,True,ONLINE_CAPTURED,-168.58,LOSS,0.544,0.294
1278,BTCUSD_BASE_867,BTCUSD,SHORT,2023-05-03 16:00:00,16,False,OFFLINE_MISSED,-168.76,LOSS,1.156,0.643
1279,BTCUSD_BASE_722,BTCUSD,SHORT,2022-10-19 12:00:00,12,True,ONLINE_CAPTURED,-168.79,LOSS,0.925,0.551
1280,BTCUSD_BASE_1476,BTCUSD,LONG,2025-09-08 21:00:00,21,True,ONLINE_CAPTURED,-169.16,LOSS,0.529,0.308
1281,GBPUSD_BASE_241,GBPUSD,SHORT,2020-11-21 03:00:00,3,False,OFFLINE_MISSED,-169.65,LOSS,0.337,0.197
1282,BTCUSD_BASE_330,BTCUSD,SHORT,2021-03-24 14:00:00,14,True,ONLINE_CAPTURED,-170.09,LOSS,1.05,0.564
1283,GBPUSD_BASE_572,GBPUSD,SHORT,2022-03-16 10:00:00,10,True,ONLINE_CAPTURED,-170.7,LOSS,0.369,0.264
1284,BTCUSD_BASE_470,BTCUSD,SHORT,2021-10-15 02:00:00,2,False,OFFLINE_MISSED,-172.05,LOSS,1.258,0.77
1285,GBPUSD_BASE_1494,GBPUSD,SHORT,2025-10-01 06:00:00,6,False,OFFLINE_MISSED,-172.1,LOSS,0.519,0.333
1286,BTCUSD_BASE_1551,BTCUSD,SHORT,2025-12-06 10:00:00,10,True,ONLINE_CAPTURED,-172.65,LOSS,0.54,0.281
1287,GBPUSD_BASE_195,GBPUSD,LONG,2020-09-18 02:00:00,2,False,OFFLINE_MISSED,-172.8,LOSS,0.347,0.227
1288,BTCUSD_BASE_316,BTCUSD,LONG,2021-03-09 22:00:00,22,False,OFFLINE_MISSED,-173.76,LOSS,1.064,0.625
1289,BTCUSD_BASE_595,BTCUSD,LONG,2022-04-18 07:00:00,7,False,OFFLINE_MISSED,-173.85,LOSS,1.687,0.954
1290,BTCUSD_BASE_709,BTCUSD,SHORT,2022-09-29 19:00:00,19,True,ONLINE_CAPTURED,-173.99,LOSS,0.91,0.505
1291,BTCUSD_BASE_912,BTCUSD,LONG,2023-07-11 05:00:00,5,False,OFFLINE_MISSED,-174.27,LOSS,0.925,0.579
1292,BTCUSD_BASE_997,BTCUSD,SHORT,2023-11-19 07:00:00,7,False,OFFLINE_MISSED,-174.6,LOSS,0.801,0.406
1293,BTCUSD_BASE_1186,BTCUSD,SHORT,2024-07-31 19:00:00,19,True,ONLINE_CAPTURED,-176.36,LOSS,0.532,0.346
1294,BTCUSD_BASE_260,BTCUSD,LONG,2020-12-21 14:00:00,14,True,ONLINE_CAPTURED,-176.9,LOSS,0.952,0.461
1295,BTCUSD_BASE_395,BTCUSD,SHORT,2021-07-03 00:00:00,0,False,OFFLINE_MISSED,-177.15,LOSS,1.173,0.903
1296,GBPUSD_BASE_1023,GBPUSD,LONG,2024-01-05 15:00:00,15,True,ONLINE_CAPTURED,-177.35,LOSS,0.458,0.263
1297,GBPUSD_BASE_1460,GBPUSD,SHORT,2025-08-21 12:00:00,12,True,ONLINE_CAPTURED,-177.7,LOSS,0.521,0.282
1298,GBPUSD_BASE_1093,GBPUSD,LONG,2024-04-05 01:00:00,1,False,OFFLINE_MISSED,-178.4,LOSS,0.456,0.281
1299,GBPUSD_BASE_99,GBPUSD,LONG,2020-05-12 21:00:00,21,True,ONLINE_CAPTURED,-178.75,LOSS,0.373,0.206
1300,BTCUSD_BASE_877,BTCUSD,LONG,2023-05-18 02:00:00,2,False,OFFLINE_MISSED,-179.06,LOSS,1.075,0.692
1301,BTCUSD_BASE_1393,BTCUSD,LONG,2025-05-24 21:00:00,21,True,ONLINE_CAPTURED,-179.27,LOSS,0.533,0.296
1302,BTCUSD_BASE_187,BTCUSD,SHORT,2020-09-10 03:00:00,3,False,OFFLINE_MISSED,-179.32,LOSS,1.346,0.907
1303,BTCUSD_BASE_103,BTCUSD,SHORT,2020-05-17 22:00:00,22,False,OFFLINE_MISSED,-181.08,LOSS,1.866,1.05
1304,BTCUSD_BASE_952,BTCUSD,SHORT,2023-09-01 15:00:00,15,True,ONLINE_CAPTURED,-181.22,LOSS,0.94,0.522
1305,BTCUSD_BASE_805,BTCUSD,LONG,2023-02-03 22:00:00,22,False,OFFLINE_MISSED,-181.43,LOSS,1.709,0.982
1306,BTCUSD_BASE_882,BTCUSD,SHORT,2023-05-23 22:00:00,22,False,OFFLINE_MISSED,-182.55,LOSS,1.009,0.584
1307,GBPUSD_BASE_827,GBPUSD,SHORT,2023-03-16 00:00:00,0,False,OFFLINE_MISSED,-182.95,LOSS,0.416,0.275
1308,GBPUSD_BASE_157,GBPUSD,SHORT,2020-08-07 00:00:00,0,False,OFFLINE_MISSED,-184.0,LOSS,0.373,0.28
1309,BTCUSD_BASE_189,BTCUSD,LONG,2020-09-11 15:00:00,15,True,ONLINE_CAPTURED,-184.2,LOSS,1.359,0.673
1310,BTCUSD_BASE_799,BTCUSD,LONG,2023-01-28 04:00:00,4,False,OFFLINE_MISSED,-184.38,LOSS,1.767,0.884
1311,GBPUSD_BASE_235,GBPUSD,SHORT,2020-11-18 09:00:00,9,True,ONLINE_CAPTURED,-185.4,LOSS,0.368,0.218
1312,BTCUSD_BASE_1264,BTCUSD,SHORT,2024-11-13 04:00:00,4,False,OFFLINE_MISSED,-185.67,LOSS,0.52,0.334
1313,BTCUSD_BASE_464,BTCUSD,SHORT,2021-10-07 01:00:00,1,False,OFFLINE_MISSED,-185.99,LOSS,1.293,0.629
1314,GBPUSD_BASE_1026,GBPUSD,LONG,2024-01-08 20:00:00,20,True,ONLINE_CAPTURED,-186.1,LOSS,0.484,0.329
1315,BTCUSD_BASE_175,BTCUSD,SHORT,2020-08-29 23:00:00,23,False,OFFLINE_MISSED,-186.78,LOSS,1.504,0.962
1316,BTCUSD_BASE_1341,BTCUSD,SHORT,2025-03-06 12:00:00,12,True,ONLINE_CAPTURED,-186.87,LOSS,0.543,0.277
1317,BTCUSD_BASE_1076,BTCUSD,LONG,2024-03-09 03:00:00,3,False,OFFLINE_MISSED,-187.02,LOSS,0.739,0.429
1318,GBPUSD_BASE_1035,GBPUSD,SHORT,2024-01-16 21:00:00,21,True,ONLINE_CAPTURED,-187.85,LOSS,0.501,0.397
1319,BTCUSD_BASE_964,BTCUSD,LONG,2023-09-22 04:00:00,4,False,OFFLINE_MISSED,-188.64,LOSS,0.957,0.598
1320,BTCUSD_BASE_765,BTCUSD,LONG,2022-12-21 09:00:00,9,True,ONLINE_CAPTURED,-188.88,LOSS,1.682,0.839
1321,BTCUSD_BASE_705,BTCUSD,SHORT,2022-09-27 13:00:00,13,True,ONLINE_CAPTURED,-189.65,LOSS,0.989,0.513
1322,GBPUSD_BASE_384,GBPUSD,LONG,2021-06-15 07:00:00,7,False,OFFLINE_MISSED,-189.95,LOSS,0.412,0.226
1323,BTCUSD_BASE_451,BTCUSD,LONG,2021-09-18 15:00:00,15,True,ONLINE_CAPTURED,-190.84,LOSS,1.386,0.715
1324,BTCUSD_BASE_815,BTCUSD,SHORT,2023-02-23 11:00:00,11,True,ONLINE_CAPTURED,-191.7,LOSS,3.023,1.471
1325,GBPUSD_BASE_231,GBPUSD,LONG,2020-11-11 23:00:00,23,False,OFFLINE_MISSED,-192.05,LOSS,0.378,0.254
1326,BTCUSD_BASE_681,BTCUSD,LONG,2022-08-13 06:00:00,6,False,OFFLINE_MISSED,-192.1,LOSS,1.172,0.549
1327,BTCUSD_BASE_469,BTCUSD,LONG,2021-10-14 15:00:00,15,True,ONLINE_CAPTURED,-192.38,LOSS,1.412,0.534
1328,GBPUSD_BASE_1294,GBPUSD,SHORT,2024-12-19 14:00:00,14,True,ONLINE_CAPTURED,-192.4,LOSS,0.537,0.321
1329,BTCUSD_BASE_302,BTCUSD,LONG,2021-02-17 04:00:00,4,False,OFFLINE_MISSED,-192.53,LOSS,1.012,0.624
1330,GBPUSD_BASE_638,GBPUSD,LONG,2022-06-20 23:00:00,23,False,OFFLINE_MISSED,-192.75,LOSS,0.433,0.252
1331,GBPUSD_BASE_626,GBPUSD,SHORT,2022-05-25 00:00:00,0,False,OFFLINE_MISSED,-193.45,LOSS,0.44,0.3
1332,BTCUSD_BASE_1356,BTCUSD,LONG,2025-03-30 00:00:00,0,False,OFFLINE_MISSED,-194.09,LOSS,0.559,0.348
1333,BTCUSD_BASE_1330,BTCUSD,LONG,2025-02-16 17:00:00,17,True,ONLINE_CAPTURED,-195.73,LOSS,0.514,0.271
1334,BTCUSD_BASE_905,BTCUSD,SHORT,2023-06-27 02:00:00,2,False,OFFLINE_MISSED,-197.25,LOSS,1.084,0.539
1335,BTCUSD_BASE_1325,BTCUSD,LONG,2025-02-09 15:00:00,15,True,ONLINE_CAPTURED,-197.73,LOSS,0.511,0.255
1336,BTCUSD_BASE_568,BTCUSD,LONG,2022-03-08 23:00:00,23,False,OFFLINE_MISSED,-198.42,LOSS,1.671,0.943
1337,BTCUSD_BASE_1088,BTCUSD,SHORT,2024-03-29 14:00:00,14,True,ONLINE_CAPTURED,-198.61,LOSS,0.759,0.382
1338,BTCUSD_BASE_1159,BTCUSD,SHORT,2024-06-25 04:00:00,4,False,OFFLINE_MISSED,-199.23,LOSS,0.613,0.301
1339,BTCUSD_BASE_36,BTCUSD,LONG,2020-02-06 21:00:00,21,True,ONLINE_CAPTURED,-200.26,LOSS,4.603,2.939
1340,BTCUSD_BASE_407,BTCUSD,LONG,2021-07-17 01:00:00,1,False,OFFLINE_MISSED,-200.37,LOSS,1.35,0.772
1341,BTCUSD_BASE_584,BTCUSD,SHORT,2022-04-01 21:00:00,21,True,ONLINE_CAPTURED,-201.1,LOSS,1.72,0.987
1342,GBPUSD_BASE_548,GBPUSD,SHORT,2022-02-07 09:00:00,9,True,ONLINE_CAPTURED,-201.5,LOSS,0.5,0.229
1343,BTCUSD_BASE_856,BTCUSD,SHORT,2023-04-23 18:00:00,18,True,ONLINE_CAPTURED,-201.57,LOSS,1.375,0.607
1344,GBPUSD_BASE_1530,GBPUSD,SHORT,2025-11-12 05:00:00,5,False,OFFLINE_MISSED,-202.2,LOSS,0.609,0.337
1345,BTCUSD_BASE_185,BTCUSD,SHORT,2020-09-07 23:00:00,23,False,OFFLINE_MISSED,-202.4,LOSS,1.525,0.816
1346,BTCUSD_BASE_485,BTCUSD,SHORT,2021-11-14 08:00:00,8,False,OFFLINE_MISSED,-202.92,LOSS,1.581,0.812
1347,BTCUSD_BASE_511,BTCUSD,LONG,2021-12-18 07:00:00,7,False,OFFLINE_MISSED,-203.0,LOSS,1.422,0.57
1348,BTCUSD_BASE_17,BTCUSD,LONG,2020-01-17 13:00:00,13,True,ONLINE_CAPTURED,-203.36,LOSS,5.997,3.021
1349,BTCUSD_BASE_250,BTCUSD,LONG,2020-12-01 11:00:00,11,True,ONLINE_CAPTURED,-203.39,LOSS,1.143,0.528
1350,GBPUSD_BASE_841,GBPUSD,SHORT,2023-03-31 11:00:00,11,True,ONLINE_CAPTURED,-203.6,LOSS,0.478,0.223
1351,BTCUSD_BASE_617,BTCUSD,LONG,2022-05-14 18:00:00,18,True,ONLINE_CAPTURED,-203.61,LOSS,1.304,0.601
1352,BTCUSD_BASE_358,BTCUSD,LONG,2021-05-06 22:00:00,22,False,OFFLINE_MISSED,-203.73,LOSS,1.3,0.749
1353,GBPUSD_BASE_40,GBPUSD,LONG,2020-02-13 11:00:00,11,True,ONLINE_CAPTURED,-203.95,LOSS,0.438,0.222
1354,GBPUSD_BASE_309,GBPUSD,SHORT,2021-02-26 21:00:00,21,True,ONLINE_CAPTURED,-203.95,LOSS,0.427,0.264
1355,GBPUSD_BASE_655,GBPUSD,SHORT,2022-07-13 17:00:00,17,True,ONLINE_CAPTURED,-204.65,LOSS,0.469,0.237
1356,BTCUSD_BASE_1251,BTCUSD,LONG,2024-10-24 12:00:00,12,True,ONLINE_CAPTURED,-204.76,LOSS,0.596,0.263
1357,BTCUSD_BASE_501,BTCUSD,SHORT,2021-12-05 17:00:00,17,True,ONLINE_CAPTURED,-205.4,LOSS,1.451,0.621
1358,GBPUSD_BASE_630,GBPUSD,SHORT,2022-06-02 19:00:00,19,True,ONLINE_CAPTURED,-206.05,LOSS,0.465,0.252
1359,BTCUSD_BASE_970,BTCUSD,LONG,2023-10-07 22:00:00,22,False,OFFLINE_MISSED,-206.22,LOSS,1.149,0.672
1360,BTCUSD_BASE_918,BTCUSD,SHORT,2023-07-15 07:00:00,7,False,OFFLINE_MISSED,-206.76,LOSS,1.094,0.517
1361,BTCUSD_BASE_1310,BTCUSD,LONG,2025-01-19 10:00:00,10,True,ONLINE_CAPTURED,-206.99,LOSS,0.533,0.23
1362,GBPUSD_BASE_368,GBPUSD,LONG,2021-05-26 10:00:00,10,True,ONLINE_CAPTURED,-207.1,LOSS,0.452,0.201
1363,BTCUSD_BASE_191,BTCUSD,LONG,2020-09-15 05:00:00,5,False,OFFLINE_MISSED,-207.34,LOSS,1.496,0.67
1364,BTCUSD_BASE_1210,BTCUSD,LONG,2024-08-31 22:00:00,22,False,OFFLINE_MISSED,-207.65,LOSS,0.599,0.328
1365,BTCUSD_BASE_435,BTCUSD,SHORT,2021-08-27 06:00:00,6,False,OFFLINE_MISSED,-207.75,LOSS,1.36,0.648
1366,BTCUSD_BASE_228,BTCUSD,SHORT,2020-11-09 19:00:00,19,True,ONLINE_CAPTURED,-207.97,LOSS,1.256,0.541
1367,BTCUSD_BASE_996,BTCUSD,LONG,2023-11-18 18:00:00,18,True,ONLINE_CAPTURED,-209.21,LOSS,0.968,0.428
1368,GBPUSD_BASE_1371,GBPUSD,SHORT,2025-04-21 11:00:00,11,True,ONLINE_CAPTURED,-210.6,LOSS,0.596,0.261
1369,BTCUSD_BASE_886,BTCUSD,LONG,2023-05-29 00:00:00,0,False,OFFLINE_MISSED,-210.91,LOSS,1.181,0.654
1370,GBPUSD_BASE_528,GBPUSD,LONG,2022-01-13 22:00:00,22,False,OFFLINE_MISSED,-211.3,LOSS,0.516,0.293
1371,GBPUSD_BASE_477,GBPUSD,LONG,2021-10-25 16:00:00,16,False,OFFLINE_MISSED,-211.65,LOSS,0.461,0.255
1372,GBPUSD_BASE_1453,GBPUSD,LONG,2025-08-13 01:00:00,1,False,OFFLINE_MISSED,-211.65,LOSS,0.625,0.338
1373,BTCUSD_BASE_1538,BTCUSD,SHORT,2025-11-19 19:00:00,19,True,ONLINE_CAPTURED,-211.93,LOSS,0.658,0.33
1374,BTCUSD_BASE_913,BTCUSD,SHORT,2023-07-11 18:00:00,18,True,ONLINE_CAPTURED,-212.57,LOSS,1.149,0.504
1375,BTCUSD_BASE_1427,BTCUSD,LONG,2025-07-04 18:00:00,18,True,ONLINE_CAPTURED,-213.94,LOSS,0.669,0.28
1376,BTCUSD_BASE_24,BTCUSD,LONG,2020-01-26 14:00:00,14,True,ONLINE_CAPTURED,-214.23,LOSS,6.46,2.557
1377,BTCUSD_BASE_1218,BTCUSD,LONG,2024-09-08 10:00:00,10,True,ONLINE_CAPTURED,-214.23,LOSS,0.633,0.269
1378,BTCUSD_BASE_1404,BTCUSD,LONG,2025-06-07 20:00:00,20,True,ONLINE_CAPTURED,-214.93,LOSS,0.668,0.406
1379,BTCUSD_BASE_1434,BTCUSD,SHORT,2025-07-10 12:00:00,12,True,ONLINE_CAPTURED,-215.16,LOSS,0.659,0.271
1380,BTCUSD_BASE_1549,BTCUSD,LONG,2025-12-03 19:00:00,19,True,ONLINE_CAPTURED,-215.24,LOSS,0.681,0.397
1381,BTCUSD_BASE_364,BTCUSD,LONG,2021-05-17 00:00:00,0,False,OFFLINE_MISSED,-215.37,LOSS,1.444,0.787
1382,BTCUSD_BASE_716,BTCUSD,LONG,2022-10-09 05:00:00,5,False,OFFLINE_MISSED,-215.59,LOSS,1.124,0.602
1383,BTCUSD_BASE_544,BTCUSD,LONG,2022-01-30 10:00:00,10,True,ONLINE_CAPTURED,-215.74,LOSS,1.959,0.801
1384,BTCUSD_BASE_226,BTCUSD,LONG,2020-11-06 04:00:00,4,False,OFFLINE_MISSED,-216.55,LOSS,1.256,0.494
1385,BTCUSD_BASE_957,BTCUSD,SHORT,2023-09-10 13:00:00,13,True,ONLINE_CAPTURED,-217.98,LOSS,1.111,0.394
1386,GBPUSD_BASE_442,GBPUSD,LONG,2021-09-03 22:00:00,22,False,OFFLINE_MISSED,-218.65,LOSS,0.485,0.265
1387,GBPUSD_BASE_1052,GBPUSD,LONG,2024-02-08 19:00:00,19,True,ONLINE_CAPTURED,-219.0,LOSS,0.575,0.322
1388,BTCUSD_BASE_851,BTCUSD,LONG,2023-04-15 08:00:00,8,False,OFFLINE_MISSED,-219.18,LOSS,1.483,0.631
1389,BTCUSD_BASE_545,BTCUSD,SHORT,2022-01-31 05:00:00,5,False,OFFLINE_MISSED,-219.83,LOSS,2.04,1.141
1390,BTCUSD_BASE_1367,BTCUSD,LONG,2025-04-12 06:00:00,6,False,OFFLINE_MISSED,-220.58,LOSS,0.641,0.281
1391,GBPUSD_BASE_1244,GBPUSD,SHORT,2024-10-16 03:00:00,3,False,OFFLINE_MISSED,-221.45,LOSS,0.593,0.306
1392,BTCUSD_BASE_1098,BTCUSD,SHORT,2024-04-12 16:00:00,16,False,OFFLINE_MISSED,-221.5,LOSS,0.815,0.381
1393,GBPUSD_BASE_58,GBPUSD,SHORT,2020-03-06 22:00:00,22,False,OFFLINE_MISSED,-222.15,LOSS,0.512,0.32
1394,BTCUSD_BASE_666,BTCUSD,SHORT,2022-07-24 20:00:00,20,True,ONLINE_CAPTURED,-222.71,LOSS,1.206,0.565
1395,GBPUSD_BASE_323,GBPUSD,SHORT,2021-03-17 09:00:00,9,True,ONLINE_CAPTURED,-222.85,LOSS,0.46,0.207
1396,BTCUSD_BASE_795,BTCUSD,SHORT,2023-01-23 23:00:00,23,False,OFFLINE_MISSED,-223.16,LOSS,2.076,1.209
1397,GBPUSD_BASE_509,GBPUSD,SHORT,2021-12-16 17:00:00,17,True,ONLINE_CAPTURED,-223.2,LOSS,0.529,0.277
1398,BTCUSD_BASE_746,BTCUSD,LONG,2022-11-29 00:00:00,0,False,OFFLINE_MISSED,-223.26,LOSS,1.461,0.609
1399,BTCUSD_BASE_1272,BTCUSD,LONG,2024-11-18 10:00:00,10,True,ONLINE_CAPTURED,-223.42,LOSS,0.617,0.27
1400,BTCUSD_BASE_1558,BTCUSD,SHORT,2025-12-13 15:00:00,15,True,ONLINE_CAPTURED,-224.37,LOSS,0.741,0.222
1401,BTCUSD_BASE_848,BTCUSD,SHORT,2023-04-13 14:00:00,14,True,ONLINE_CAPTURED,-226.18,LOSS,1.592,0.616
1402,BTCUSD_BASE_400,BTCUSD,LONG,2021-07-07 13:00:00,13,True,ONLINE_CAPTURED,-226.7,LOSS,1.501,0.45
1403,BTCUSD_BASE_89,BTCUSD,SHORT,2020-04-24 10:00:00,10,True,ONLINE_CAPTURED,-226.91,LOSS,2.954,1.296
1404,GBPUSD_BASE_832,GBPUSD,LONG,2023-03-21 23:00:00,23,False,OFFLINE_MISSED,-227.05,LOSS,0.526,0.386
1405,BTCUSD_BASE_534,BTCUSD,SHORT,2022-01-20 04:00:00,4,False,OFFLINE_MISSED,-227.21,LOSS,1.981,0.594
1406,BTCUSD_BASE_1552,BTCUSD,SHORT,2025-12-07 20:00:00,20,True,ONLINE_CAPTURED,-227.22,LOSS,0.731,0.306
1407,BTCUSD_BASE_203,BTCUSD,SHORT,2020-09-30 16:00:00,16,False,OFFLINE_MISSED,-227.6,LOSS,1.526,0.526
1408,BTCUSD_BASE_415,BTCUSD,LONG,2021-07-29 09:00:00,9,True,ONLINE_CAPTURED,-228.01,LOSS,1.4,0.641
1409,GBPUSD_BASE_447,GBPUSD,SHORT,2021-09-13 14:00:00,14,True,ONLINE_CAPTURED,-228.8,LOSS,0.515,0.244
1410,GBPUSD_BASE_1211,GBPUSD,LONG,2024-09-02 05:00:00,5,False,OFFLINE_MISSED,-229.85,LOSS,0.591,0.321
1411,BTCUSD_BASE_1252,BTCUSD,SHORT,2024-10-25 14:00:00,14,True,ONLINE_CAPTURED,-230.33,LOSS,0.679,0.348
1412,BTCUSD_BASE_1229,BTCUSD,LONG,2024-09-25 03:00:00,3,False,OFFLINE_MISSED,-230.71,LOSS,0.714,0.343
1413,GBPUSD_BASE_468,GBPUSD,LONG,2021-10-13 20:00:00,20,True,ONLINE_CAPTURED,-230.9,LOSS,0.493,0.291
1414,BTCUSD_BASE_1268,BTCUSD,SHORT,2024-11-15 06:00:00,6,False,OFFLINE_MISSED,-231.31,LOSS,0.654,0.295
1415,BTCUSD_BASE_1462,BTCUSD,LONG,2025-08-25 17:00:00,17,True,ONLINE_CAPTURED,-232.14,LOSS,0.756,0.326
1416,BTCUSD_BASE_1496,BTCUSD,LONG,2025-10-03 11:00:00,11,True,ONLINE_CAPTURED,-232.81,LOSS,0.742,0.293
1417,GBPUSD_BASE_756,GBPUSD,SHORT,2022-12-13 03:00:00,3,False,OFFLINE_MISSED,-233.35,LOSS,0.581,0.297
1418,BTCUSD_BASE_1421,BTCUSD,LONG,2025-06-27 18:00:00,18,True,ONLINE_CAPTURED,-233.94,LOSS,0.716,0.307
1419,BTCUSD_BASE_1539,BTCUSD,LONG,2025-11-20 22:00:00,22,False,OFFLINE_MISSED,-235.96,LOSS,0.735,0.328
1420,GBPUSD_BASE_142,GBPUSD,LONG,2020-07-08 21:00:00,21,True,ONLINE_CAPTURED,-238.25,LOSS,0.481,0.252
1421,BTCUSD_BASE_929,BTCUSD,SHORT,2023-08-01 02:00:00,2,False,OFFLINE_MISSED,-238.33,LOSS,1.335,0.593
1422,GBPUSD_BASE_27,GBPUSD,LONG,2020-01-29 05:00:00,5,False,OFFLINE_MISSED,-238.6,LOSS,0.502,0.251
1423,BTCUSD_BASE_1243,BTCUSD,SHORT,2024-10-15 17:00:00,17,True,ONLINE_CAPTURED,-240.47,LOSS,0.728,0.281
1424,BTCUSD_BASE_648,BTCUSD,SHORT,2022-07-05 22:00:00,22,False,OFFLINE_MISSED,-241.13,LOSS,1.359,0.642
1425,BTCUSD_BASE_1428,BTCUSD,SHORT,2025-07-05 19:00:00,19,True,ONLINE_CAPTURED,-242.44,LOSS,0.77,0.231
1426,GBPUSD_BASE_865,GBPUSD,SHORT,2023-05-03 09:00:00,9,True,ONLINE_CAPTURED,-243.5,LOSS,0.593,0.236
1427,GBPUSD_BASE_345,GBPUSD,LONG,2021-04-20 19:00:00,19,True,ONLINE_CAPTURED,-244.55,LOSS,0.489,0.227
1428,BTCUSD_BASE_530,BTCUSD,LONG,2022-01-15 19:00:00,19,True,ONLINE_CAPTURED,-244.56,LOSS,2.044,0.807
1429,GBPUSD_BASE_1437,GBPUSD,LONG,2025-07-22 00:00:00,0,False,OFFLINE_MISSED,-244.9,LOSS,0.733,0.348
1430,GBPUSD_BASE_1507,GBPUSD,LONG,2025-10-16 20:00:00,20,True,ONLINE_CAPTURED,-245.25,LOSS,0.766,0.32
1431,GBPUSD_BASE_1388,GBPUSD,SHORT,2025-05-20 14:00:00,14,True,ONLINE_CAPTURED,-245.95,LOSS,0.728,0.335
1432,BTCUSD_BASE_308,BTCUSD,LONG,2021-02-26 02:00:00,2,False,OFFLINE_MISSED,-246.42,LOSS,1.402,0.672
1433,BTCUSD_BASE_457,BTCUSD,LONG,2021-09-25 20:00:00,20,True,ONLINE_CAPTURED,-247.11,LOSS,1.861,0.86
1434,BTCUSD_BASE_574,BTCUSD,LONG,2022-03-16 16:00:00,16,False,OFFLINE_MISSED,-247.16,LOSS,2.262,0.679
1435,BTCUSD_BASE_1465,BTCUSD,SHORT,2025-08-27 04:00:00,4,False,OFFLINE_MISSED,-247.35,LOSS,0.822,0.407
1436,BTCUSD_BASE_972,BTCUSD,SHORT,2023-10-12 10:00:00,10,True,ONLINE_CAPTURED,-247.87,LOSS,1.413,0.572
1437,BTCUSD_BASE_1074,BTCUSD,LONG,2024-03-06 23:00:00,23,False,OFFLINE_MISSED,-248.65,LOSS,0.994,0.443
1438,BTCUSD_BASE_636,BTCUSD,SHORT,2022-06-15 21:00:00,21,True,ONLINE_CAPTURED,-249.96,LOSS,1.764,0.675
1439,GBPUSD_BASE_1537,GBPUSD,SHORT,2025-11-19 12:00:00,12,True,ONLINE_CAPTURED,-250.5,LOSS,0.74,0.253
1440,BTCUSD_BASE_1505,BTCUSD,SHORT,2025-10-14 14:00:00,14,True,ONLINE_CAPTURED,-251.27,LOSS,0.828,0.248
1441,GBPUSD_BASE_98,GBPUSD,LONG,2020-05-08 19:00:00,19,True,ONLINE_CAPTURED,-253.3,LOSS,0.543,0.243
1442,GBPUSD_BASE_63,GBPUSD,SHORT,2020-03-13 16:00:00,16,False,OFFLINE_MISSED,-253.65,LOSS,0.582,0.273
1443,BTCUSD_BASE_1409,BTCUSD,SHORT,2025-06-15 21:00:00,21,True,ONLINE_CAPTURED,-254.16,LOSS,0.799,0.312
1444,BTCUSD_BASE_45,BTCUSD,LONG,2020-02-19 06:00:00,6,False,OFFLINE_MISSED,-254.18,LOSS,4.432,1.706
1445,BTCUSD_BASE_248,BTCUSD,SHORT,2020-11-30 13:00:00,13,True,ONLINE_CAPTURED,-255.89,LOSS,1.488,0.446
1446,BTCUSD_BASE_902,BTCUSD,SHORT,2023-06-24 18:00:00,18,True,ONLINE_CAPTURED,-256.89,LOSS,1.393,0.418
1447,BTCUSD_BASE_1031,BTCUSD,SHORT,2024-01-12 16:00:00,16,False,OFFLINE_MISSED,-259.82,LOSS,1.077,0.406
1448,GBPUSD_BASE_1542,GBPUSD,LONG,2025-11-27 22:00:00,22,False,OFFLINE_MISSED,-261.0,LOSS,0.763,0.371
1449,GBPUSD_BASE_1242,GBPUSD,LONG,2024-10-15 02:00:00,2,False,OFFLINE_MISSED,-261.35,LOSS,0.702,0.259
1450,BTCUSD_BASE_1003,BTCUSD,LONG,2023-12-02 15:00:00,15,True,ONLINE_CAPTURED,-262.0,LOSS,1.13,0.479
1451,BTCUSD_BASE_1414,BTCUSD,LONG,2025-06-21 20:00:00,20,True,ONLINE_CAPTURED,-262.32,LOSS,0.833,0.305
1452,BTCUSD_BASE_703,BTCUSD,SHORT,2022-09-25 04:00:00,4,False,OFFLINE_MISSED,-262.52,LOSS,1.362,0.408
1453,GBPUSD_BASE_180,GBPUSD,LONG,2020-09-03 11:00:00,11,True,ONLINE_CAPTURED,-263.45,LOSS,0.54,0.209
1454,BTCUSD_BASE_1298,BTCUSD,LONG,2024-12-25 20:00:00,20,True,ONLINE_CAPTURED,-264.43,LOSS,0.676,0.276
1455,GBPUSD_BASE_1103,GBPUSD,SHORT,2024-04-19 14:00:00,14,True,ONLINE_CAPTURED,-264.5,LOSS,0.71,0.274
1456,GBPUSD_BASE_1106,GBPUSD,SHORT,2024-04-22 13:00:00,13,True,ONLINE_CAPTURED,-265.9,LOSS,0.719,0.283
1457,GBPUSD_BASE_1187,GBPUSD,SHORT,2024-08-01 14:00:00,14,True,ONLINE_CAPTURED,-265.9,LOSS,0.716,0.252
1458,GBPUSD_BASE_1497,GBPUSD,SHORT,2025-10-04 03:00:00,3,False,OFFLINE_MISSED,-266.6,LOSS,0.826,0.367
1459,GBPUSD_BASE_1177,GBPUSD,SHORT,2024-07-19 21:00:00,21,True,ONLINE_CAPTURED,-268.7,LOSS,0.748,0.291
1460,GBPUSD_BASE_11,GBPUSD,SHORT,2020-01-14 22:00:00,22,False,OFFLINE_MISSED,-269.75,LOSS,0.573,0.234
1461,BTCUSD_BASE_1227,BTCUSD,LONG,2024-09-21 15:00:00,15,True,ONLINE_CAPTURED,-270.12,LOSS,0.858,0.257
1462,GBPUSD_BASE_1208,GBPUSD,SHORT,2024-08-29 18:00:00,18,True,ONLINE_CAPTURED,-270.8,LOSS,0.71,0.354
1463,BTCUSD_BASE_1248,BTCUSD,LONG,2024-10-17 16:00:00,16,False,OFFLINE_MISSED,-271.83,LOSS,0.821,0.246
1464,BTCUSD_BASE_1520,BTCUSD,LONG,2025-10-31 17:00:00,17,True,ONLINE_CAPTURED,-271.88,LOSS,0.84,0.252
1465,BTCUSD_BASE_181,BTCUSD,LONG,2020-09-03 20:00:00,20,True,ONLINE_CAPTURED,-273.09,LOSS,2.118,1.003
1466,BTCUSD_BASE_537,BTCUSD,SHORT,2022-01-22 13:00:00,13,True,ONLINE_CAPTURED,-274.01,LOSS,2.431,0.729
1467,GBPUSD_BASE_242,GBPUSD,LONG,2020-11-23 15:00:00,15,True,ONLINE_CAPTURED,-275.0,LOSS,0.561,0.168
1468,BTCUSD_BASE_589,BTCUSD,LONG,2022-04-11 16:00:00,16,False,OFFLINE_MISSED,-275.01,LOSS,2.427,0.728
1469,BTCUSD_BASE_1260,BTCUSD,SHORT,2024-11-08 16:00:00,16,False,OFFLINE_MISSED,-275.4,LOSS,0.787,0.236
1470,BTCUSD_BASE_1029,BTCUSD,LONG,2024-01-10 17:00:00,17,True,ONLINE_CAPTURED,-276.61,LOSS,1.114,0.334
1471,BTCUSD_BASE_1303,BTCUSD,SHORT,2024-12-31 13:00:00,13,True,ONLINE_CAPTURED,-277.01,LOSS,0.697,0.209
1472,BTCUSD_BASE_307,BTCUSD,SHORT,2021-02-25 11:00:00,11,True,ONLINE_CAPTURED,-277.48,LOSS,1.604,0.481
1473,GBPUSD_BASE_428,GBPUSD,LONG,2021-08-16 17:00:00,17,True,ONLINE_CAPTURED,-277.8,LOSS,0.634,0.232
1474,BTCUSD_BASE_305,BTCUSD,LONG,2021-02-23 08:00:00,8,False,OFFLINE_MISSED,-278.03,LOSS,1.576,0.473
1475,BTCUSD_BASE_847,BTCUSD,LONG,2023-04-11 00:00:00,0,False,OFFLINE_MISSED,-278.06,LOSS,1.938,0.854
1476,BTCUSD_BASE_76,BTCUSD,LONG,2020-04-02 18:00:00,18,True,ONLINE_CAPTURED,-278.72,LOSS,3.368,1.011
1477,BTCUSD_BASE_3,BTCUSD,SHORT,2020-01-07 17:00:00,17,True,ONLINE_CAPTURED,-278.83,LOSS,8.117,2.435
1478,BTCUSD_BASE_623,BTCUSD,LONG,2022-05-20 00:00:00,0,False,OFFLINE_MISSED,-278.93,LOSS,1.951,0.585
1479,BTCUSD_BASE_28,BTCUSD,LONG,2020-01-29 14:00:00,14,True,ONLINE_CAPTURED,-279.47,LOSS,8.543,2.563
1480,BTCUSD_BASE_1296,BTCUSD,LONG,2024-12-24 18:00:00,18,True,ONLINE_CAPTURED,-279.75,LOSS,0.721,0.216
1481,BTCUSD_BASE_538,BTCUSD,LONG,2022-01-23 15:00:00,15,True,ONLINE_CAPTURED,-279.86,LOSS,2.431,0.729
1482,BTCUSD_BASE_529,BTCUSD,LONG,2022-01-14 09:00:00,9,True,ONLINE_CAPTURED,-280.16,LOSS,2.366,0.71
1483,BTCUSD_BASE_682,BTCUSD,SHORT,2022-08-14 17:00:00,17,True,ONLINE_CAPTURED,-280.38,LOSS,1.771,0.531
1484,BTCUSD_BASE_1182,BTCUSD,LONG,2024-07-25 19:00:00,19,True,ONLINE_CAPTURED,-280.8,LOSS,0.876,0.312
1485,BTCUSD_BASE_1068,BTCUSD,LONG,2024-02-27 18:00:00,18,True,ONLINE_CAPTURED,-281.95,LOSS,1.15,0.345
1486,BTCUSD_BASE_1105,BTCUSD,SHORT,2024-04-22 04:00:00,4,False,OFFLINE_MISSED,-282.59,LOSS,1.066,0.32
1487,GBPUSD_BASE_1487,GBPUSD,SHORT,2025-09-24 14:00:00,14,True,ONLINE_CAPTURED,-283.75,LOSS,0.866,0.26
1488,BTCUSD_BASE_194,BTCUSD,SHORT,2020-09-17 17:00:00,17,True,ONLINE_CAPTURED,-285.51,LOSS,2.275,0.682
1489,BTCUSD_BASE_418,BTCUSD,LONG,2021-08-01 16:00:00,16,False,OFFLINE_MISSED,-285.52,LOSS,1.776,0.533
1490,BTCUSD_BASE_927,BTCUSD,SHORT,2023-07-29 11:00:00,11,True,ONLINE_CAPTURED,-286.73,LOSS,1.589,0.477
1491,BTCUSD_BASE_1395,BTCUSD,SHORT,2025-05-27 13:00:00,13,True,ONLINE_CAPTURED,-287.4,LOSS,0.885,0.266
1492,BTCUSD_BASE_906,BTCUSD,LONG,2023-06-28 09:00:00,9,True,ONLINE_CAPTURED,-287.87,LOSS,1.599,0.628
1493,BTCUSD_BASE_452,BTCUSD,SHORT,2021-09-19 04:00:00,4,False,OFFLINE_MISSED,-288.68,LOSS,2.168,0.65
1494,BTCUSD_BASE_357,BTCUSD,SHORT,2021-05-06 11:00:00,11,True,ONLINE_CAPTURED,-289.13,LOSS,1.889,0.567
1495,BTCUSD_BASE_1454,BTCUSD,LONG,2025-08-13 11:00:00,11,True,ONLINE_CAPTURED,-289.38,LOSS,0.953,0.286
1496,BTCUSD_BASE_408,BTCUSD,SHORT,2021-07-18 09:00:00,9,True,ONLINE_CAPTURED,-290.33,LOSS,2.017,0.605
1497,BTCUSD_BASE_380,BTCUSD,LONG,2021-06-09 12:00:00,12,True,ONLINE_CAPTURED,-291.17,LOSS,1.894,0.568
1498,GBPUSD_BASE_326,GBPUSD,LONG,2021-03-19 12:00:00,12,True,ONLINE_CAPTURED,-292.5,LOSS,0.607,0.182
1499,BTCUSD_BASE_274,BTCUSD,LONG,2021-01-09 16:00:00,16,False,OFFLINE_MISSED,-293.03,LOSS,1.566,0.624
1500,BTCUSD_BASE_785,BTCUSD,LONG,2023-01-14 06:00:00,6,False,OFFLINE_MISSED,-293.86,LOSS,2.516,0.755
1501,BTCUSD_BASE_1118,BTCUSD,SHORT,2024-05-08 04:00:00,4,False,OFFLINE_MISSED,-294.0,LOSS,1.045,0.314
1502,GBPUSD_BASE_1246,GBPUSD,LONG,2024-10-16 22:00:00,22,False,OFFLINE_MISSED,-296.7,LOSS,0.8,0.333
1503,BTCUSD_BASE_460,BTCUSD,LONG,2021-09-28 21:00:00,21,True,ONLINE_CAPTURED,-297.84,LOSS,2.311,0.693
1504,GBPUSD_BASE_939,GBPUSD,SHORT,2023-08-16 20:00:00,20,True,ONLINE_CAPTURED,-300.55,LOSS,0.772,0.288
1505,BTCUSD_BASE_1262,BTCUSD,LONG,2024-11-10 16:00:00,16,False,OFFLINE_MISSED,-300.6,LOSS,0.856,0.257
1506,GBPUSD_BASE_299,GBPUSD,LONG,2021-02-12 18:00:00,18,True,ONLINE_CAPTURED,-301.25,LOSS,0.637,0.191
1507,BTCUSD_BASE_397,BTCUSD,SHORT,2021-07-05 18:00:00,18,True,ONLINE_CAPTURED,-301.98,LOSS,2.076,0.623
1508,BTCUSD_BASE_797,BTCUSD,LONG,2023-01-25 03:00:00,3,False,OFFLINE_MISSED,-303.84,LOSS,2.791,0.837
1509,BTCUSD_BASE_396,BTCUSD,LONG,2021-07-04 20:00:00,20,True,ONLINE_CAPTURED,-305.04,LOSS,2.067,0.718
1510,BTCUSD_BASE_933,BTCUSD,LONG,2023-08-04 17:00:00,17,True,ONLINE_CAPTURED,-305.06,LOSS,1.682,0.505
1511,BTCUSD_BASE_580,BTCUSD,SHORT,2022-03-28 09:00:00,9,True,ONLINE_CAPTURED,-306.21,LOSS,2.849,0.855
1512,BTCUSD_BASE_500,BTCUSD,LONG,2021-12-03 22:00:00,22,False,OFFLINE_MISSED,-306.29,LOSS,2.134,0.828
1513,BTCUSD_BASE_777,BTCUSD,LONG,2023-01-04 16:00:00,16,False,OFFLINE_MISSED,-308.75,LOSS,2.481,0.744
1514,GBPUSD_BASE_317,GBPUSD,LONG,2021-03-10 16:00:00,16,False,OFFLINE_MISSED,-308.95,LOSS,0.642,0.216
1515,GBPUSD_BASE_1515,GBPUSD,LONG,2025-10-24 07:00:00,7,False,OFFLINE_MISSED,-310.0,LOSS,0.968,0.29
1516,BTCUSD_BASE_644,BTCUSD,LONG,2022-07-01 03:00:00,3,False,OFFLINE_MISSED,-310.09,LOSS,1.814,0.544
1517,BTCUSD_BASE_684,BTCUSD,LONG,2022-08-15 20:00:00,20,True,ONLINE_CAPTURED,-310.97,LOSS,1.927,0.578
1518,BTCUSD_BASE_1300,BTCUSD,LONG,2024-12-27 05:00:00,5,False,OFFLINE_MISSED,-311.33,LOSS,0.806,0.242
1519,BTCUSD_BASE_713,BTCUSD,LONG,2022-10-03 13:00:00,13,True,ONLINE_CAPTURED,-311.5,LOSS,1.634,0.49
1520,BTCUSD_BASE_1123,BTCUSD,LONG,2024-05-10 16:00:00,16,False,OFFLINE_MISSED,-314.13,LOSS,1.081,0.324
1521,BTCUSD_BASE_296,BTCUSD,LONG,2021-02-04 12:00:00,12,True,ONLINE_CAPTURED,-314.89,LOSS,1.651,0.495
1522,GBPUSD_BASE_792,GBPUSD,SHORT,2023-01-20 12:00:00,12,True,ONLINE_CAPTURED,-318.75,LOSS,0.772,0.232
1523,BTCUSD_BASE_1435,BTCUSD,LONG,2025-07-11 17:00:00,17,True,ONLINE_CAPTURED,-319.31,LOSS,0.99,0.297
1524,BTCUSD_BASE_542,BTCUSD,LONG,2022-01-26 19:00:00,19,True,ONLINE_CAPTURED,-319.51,LOSS,2.895,0.868
1525,BTCUSD_BASE_930,BTCUSD,LONG,2023-08-02 18:00:00,18,True,ONLINE_CAPTURED,-320.08,LOSS,1.772,0.532
1526,BTCUSD_BASE_1087,BTCUSD,LONG,2024-03-28 10:00:00,10,True,ONLINE_CAPTURED,-320.27,LOSS,1.242,0.373
1527,BTCUSD_BASE_835,BTCUSD,SHORT,2023-03-24 12:00:00,12,True,ONLINE_CAPTURED,-322.15,LOSS,2.393,0.718
1528,BTCUSD_BASE_507,BTCUSD,SHORT,2021-12-14 20:00:00,20,True,ONLINE_CAPTURED,-323.62,LOSS,2.357,0.707
1529,BTCUSD_BASE_712,BTCUSD,LONG,2022-10-01 10:00:00,10,True,ONLINE_CAPTURED,-326.69,LOSS,1.74,0.522
1530,BTCUSD_BASE_1429,BTCUSD,LONG,2025-07-06 13:00:00,13,True,ONLINE_CAPTURED,-328.57,LOSS,1.053,0.316
1531,GBPUSD_BASE_1391,GBPUSD,LONG,2025-05-23 12:00:00,12,True,ONLINE_CAPTURED,-329.25,LOSS,0.988,0.377
1532,BTCUSD_BASE_61,BTCUSD,LONG,2020-03-11 19:00:00,19,True,ONLINE_CAPTURED,-329.72,LOSS,6.328,1.898
1533,BTCUSD_BASE_1033,BTCUSD,SHORT,2024-01-14 23:00:00,23,False,OFFLINE_MISSED,-330.77,LOSS,1.385,0.416
1534,BTCUSD_BASE_437,BTCUSD,LONG,2021-08-28 03:00:00,3,False,OFFLINE_MISSED,-331.48,LOSS,2.205,0.662
1535,GBPUSD_BASE_206,GBPUSD,SHORT,2020-10-06 19:00:00,19,True,ONLINE_CAPTURED,-336.25,LOSS,0.709,0.213
1536,GBPUSD_BASE_273,GBPUSD,SHORT,2021-01-08 14:00:00,14,True,ONLINE_CAPTURED,-336.25,LOSS,0.717,0.215
1537,GBPUSD_BASE_924,GBPUSD,LONG,2023-07-26 17:00:00,17,True,ONLINE_CAPTURED,-336.25,LOSS,0.818,0.246
1538,GBPUSD_BASE_1197,GBPUSD,SHORT,2024-08-14 06:00:00,6,False,OFFLINE_MISSED,-336.25,LOSS,0.904,0.271
1539,BTCUSD_BASE_551,BTCUSD,SHORT,2022-02-08 22:00:00,22,False,OFFLINE_MISSED,-341.64,LOSS,2.889,0.867
1540,BTCUSD_BASE_200,BTCUSD,LONG,2020-09-26 20:00:00,20,True,ONLINE_CAPTURED,-342.72,LOSS,2.308,0.692
1541,BTCUSD_BASE_238,BTCUSD,SHORT,2020-11-18 23:00:00,23,False,OFFLINE_MISSED,-344.53,LOSS,2.14,0.921
1542,GBPUSD_BASE_292,GBPUSD,SHORT,2021-02-01 12:00:00,12,True,ONLINE_CAPTURED,-345.0,LOSS,0.75,0.225
1543,GBPUSD_BASE_591,GBPUSD,LONG,2022-04-12 16:00:00,16,False,OFFLINE_MISSED,-345.0,LOSS,0.79,0.237
1544,BTCUSD_BASE_219,BTCUSD,LONG,2020-10-28 13:00:00,13,True,ONLINE_CAPTURED,-345.51,LOSS,1.954,0.586
1545,BTCUSD_BASE_1540,BTCUSD,SHORT,2025-11-23 18:00:00,18,True,ONLINE_CAPTURED,-345.57,LOSS,1.109,0.333
1546,BTCUSD_BASE_411,BTCUSD,LONG,2021-07-23 20:00:00,20,True,ONLINE_CAPTURED,-348.66,LOSS,2.208,0.662
1547,BTCUSD_BASE_772,BTCUSD,LONG,2022-12-29 09:00:00,9,True,ONLINE_CAPTURED,-351.2,LOSS,3.35,1.005
1548,GBPUSD_BASE_60,GBPUSD,LONG,2020-03-11 15:00:00,15,True,ONLINE_CAPTURED,-353.75,LOSS,0.824,0.247
1549,GBPUSD_BASE_221,GBPUSD,SHORT,2020-10-28 15:00:00,15,True,ONLINE_CAPTURED,-353.75,LOSS,0.738,0.221
1550,GBPUSD_BASE_267,GBPUSD,LONG,2021-01-02 02:00:00,2,False,OFFLINE_MISSED,-353.75,LOSS,0.747,0.224
1551,GBPUSD_BASE_676,GBPUSD,LONG,2022-08-09 06:00:00,6,False,OFFLINE_MISSED,-353.75,LOSS,0.851,0.255
1552,GBPUSD_BASE_872,GBPUSD,LONG,2023-05-10 14:00:00,14,True,ONLINE_CAPTURED,-353.75,LOSS,0.875,0.262
1553,BTCUSD_BASE_1072,BTCUSD,SHORT,2024-03-04 07:00:00,7,False,OFFLINE_MISSED,-354.72,LOSS,1.494,0.448
1554,BTCUSD_BASE_339,BTCUSD,LONG,2021-04-07 19:00:00,19,True,ONLINE_CAPTURED,-354.78,LOSS,2.158,0.648
1555,BTCUSD_BASE_1279,BTCUSD,LONG,2024-11-30 20:00:00,20,True,ONLINE_CAPTURED,-358.28,LOSS,0.98,0.294
1556,BTCUSD_BASE_554,BTCUSD,SHORT,2022-02-12 21:00:00,21,True,ONLINE_CAPTURED,-362.08,LOSS,2.987,0.896
1557,GBPUSD_BASE_218,GBPUSD,LONG,2020-10-26 21:00:00,21,True,ONLINE_CAPTURED,-362.5,LOSS,0.754,0.226
1558,GBPUSD_BASE_685,GBPUSD,LONG,2022-08-17 19:00:00,19,True,ONLINE_CAPTURED,-362.5,LOSS,0.867,0.26
1559,GBPUSD_BASE_928,GBPUSD,SHORT,2023-07-31 21:00:00,21,True,ONLINE_CAPTURED,-362.5,LOSS,0.896,0.269
1560,GBPUSD_BASE_1179,GBPUSD,LONG,2024-07-23 19:00:00,19,True,ONLINE_CAPTURED,-362.5,LOSS,1.009,0.303
1561,GBPUSD_BASE_1282,GBPUSD,LONG,2024-12-03 19:00:00,19,True,ONLINE_CAPTURED,-362.5,LOSS,0.997,0.299
1562,BTCUSD_BASE_1143,BTCUSD,LONG,2024-06-03 20:00:00,20,True,ONLINE_CAPTURED,-367.35,LOSS,1.229,0.369
1563,GBPUSD_BASE_425,GBPUSD,SHORT,2021-08-11 07:00:00,7,False,OFFLINE_MISSED,-371.25,LOSS,0.862,0.259
1564,BTCUSD_BASE_555,BTCUSD,LONG,2022-02-14 20:00:00,20,True,ONLINE_CAPTURED,-371.54,LOSS,2.935,0.88
1565,GBPUSD_BASE_134,GBPUSD,LONG,2020-06-30 06:00:00,6,False,OFFLINE_MISSED,-380.0,LOSS,0.79,0.237
1566,GBPUSD_BASE_490,GBPUSD,SHORT,2021-11-22 14:00:00,14,True,ONLINE_CAPTURED,-380.0,LOSS,0.879,0.264
1567,BTCUSD_BASE_472,BTCUSD,LONG,2021-10-17 22:00:00,22,False,OFFLINE_MISSED,-384.86,LOSS,2.829,0.849
1568,GBPUSD_BASE_109,GBPUSD,LONG,2020-05-26 22:00:00,22,False,OFFLINE_MISSED,-388.75,LOSS,0.838,0.251
1569,BTCUSD_BASE_327,BTCUSD,SHORT,2021-03-19 16:00:00,16,False,OFFLINE_MISSED,-392.29,LOSS,2.561,0.768
1570,GBPUSD_BASE_1548,GBPUSD,SHORT,2025-12-03 14:00:00,14,True,ONLINE_CAPTURED,-397.5,LOSS,1.223,0.367
1571,BTCUSD_BASE_494,BTCUSD,SHORT,2021-11-27 23:00:00,23,False,OFFLINE_MISSED,-425.23,LOSS,3.312,0.994
